Run,Event,type1,E1,px1,py1,pz1,pt1,eta1,phi1,Q1,type2,E2,px2,py2,pz2,pt2,eta2,phi2,Q2,M
165617,74969122,G,59.9226,-46.1516,29.4115,-24.407,54.7266,-0.4324,2.5742,1,G,52.4465,30.1097,-16.3989,-39.6876,34.2859,-0.9885,-0.4987,-1,89.9557
165617,75138253,G,97.1011,-23.6144,6.666,-93.9497,24.5372,-2.0524,2.8665,-1,G,30.5992,-11.6134,-25.9848,11.2347,28.4619,0.3851,-1.9911,1,88.6081
165617,75887636,G,152.972,7.4657,-30.7098,-149.671,31.6042,-2.2593,-1.3323,-1,G,33.5835,-9.2878,28.7457,-14.6719,30.2089,-0.4684,1.8833,1,88.2438
165617,75833588,G,181.877,44.1427,-14.9498,175.804,46.6055,2.0379,-0.3265,1,G,170.021,-34.6301,12.3248,166.0,36.7579,2.2128,2.7997,-1,83.0943
165617,75779415,G,50.244,37.8072,-12.2044,-30.759,39.7283,-0.7124,-0.3122,1,G,49.2396,-47.6064,8.2338,-9.5061,48.3132,-0.1955,2.9703,-1,90.3544
165617,75098104,G,41.8051,-41.0848,-4.1562,-6.513,41.2945,-0.1571,-3.0408,1,G,51.3393,43.4776,-1.8589,27.2389,43.5174,0.5909,-0.0427,-1,90.5782
165617,77255513,G,41.2853,-24.8545,-29.8605,13.9667,38.8509,0.3522,-2.265,-1,G,41.2616,24.2118,31.6829,10.6063,39.875,0.2629,0.9183,1,78.7808
165617,76042048,G,65.8067,42.8333,-10.558,-48.8298,44.1153,-0.955,-0.2417,-1,G,90.129,-46.8052,14.5669,-75.6327,49.0196,-1.2183,2.8399,1,93.7719
165617,77076988,G,53.2607,-5.5119,37.5565,-37.3607,37.9588,-0.8702,1.7165,1,G,42.7894,-11.0989,-36.2872,19.7732,37.9466,0.5,-1.8676,-1,92.945
165617,77459740,G,94.7912,-15.0862,49.4345,-79.4607,51.6852,-1.2153,1.867,-1,G,64.6784,24.7125,-33.5554,-49.4632,41.6734,-1.0076,-0.936,1,92.002
165617,76405662,G,51.9214,-2.5071,-42.0474,-30.357,42.1221,-0.6695,-1.6303,-1,G,69.9022,9.9183,44.394,-53.0764,45.4884,-0.9946,1.351,1,88.4274
165617,76583723,G,45.6237,-1.7801,-35.2581,28.9,35.303,0.7471,-1.6212,1,G,41.1406,7.1553,32.1415,-24.663,32.9283,-0.6923,1.3518,-1,86.4378
165617,76179155,G,162.538,23.2432,-39.1325,-156.036,45.5148,-1.9458,-1.0348,1,G,121.412,-20.4155,36.9534,-113.835,42.2178,-1.7178,2.0755,-1,88.2308
165617,75954345,G,45.1733,11.7891,-31.2908,30.373,33.438,0.8151,-1.2105,-1,G,45.6702,-13.0934,36.9828,-23.3794,39.2322,-0.5653,1.9111,1,90.3855
165617,77629816,G,179.058,9.6525,-42.7531,173.611,43.8292,2.0852,-1.3487,-1,G,25.2964,-11.1414,21.043,8.5415,23.8105,0.3515,2.0577,1,90.0424
165617,78897689,G,48.4662,-30.2956,-26.9427,26.5561,40.543,0.6154,-2.4147,1,G,61.149,55.2413,7.5105,25.1233,55.7496,0.4366,0.1351,-1,91.3501
165617,78700766,G,76.5641,32.5534,-21.4829,-65.8848,39.0031,-1.2953,-0.5833,-1,G,44.5368,-39.835,-19.9148,-0.296,44.5357,-0.0066,-2.678,1,92.297
165617,78348203,G,47.4651,-11.7272,23.3448,-39.6285,26.1248,-1.2041,2.0363,1,G,49.8782,37.7018,-20.7823,25.1893,43.0503,0.556,-0.5038,-1,92.6606
165617,78814907,G,52.3586,4.1826,26.1486,-45.1682,26.481,-1.3037,1.4122,-1,G,40.9463,-3.0982,-24.7592,32.4649,24.9523,1.0791,-1.6953,1,92.4192
165617,78974110,G,101.03,10.5102,40.2279,92.0779,41.5782,1.5357,1.3152,1,G,43.9774,-10.5917,-37.4517,20.474,38.9206,0.5044,-1.8464,-1,91.3868
165617,80578768,G,76.7571,-23.526,-25.4336,68.4931,34.646,1.4333,-2.3173,-1,G,81.3113,40.7351,31.1326,63.1105,51.2697,1.0356,0.6526,1,85.6592
165617,80456027,G,75.346,-16.2572,35.2965,64.5513,38.8605,1.2809,2.0024,1,G,116.638,7.9287,-50.0731,105.044,50.6969,1.4754,-1.4138,-1,88.3606
165617,79285182,G,110.446,37.6224,26.1189,-100.502,45.8,-1.5273,0.6068,1,G,38.6064,-19.668,-28.9268,-16.3355,34.9799,-0.4515,-2.1679,-1,90.7488
165617,79848134,G,92.0348,39.3377,43.5572,-70.8922,58.6914,-1.021,0.8363,1,G,48.8941,-42.1179,17.7956,-17.3212,45.7231,-0.3703,2.7418,-1,91.1452
165617,79997894,G,88.9287,-11.6691,34.4215,81.1621,36.3456,1.5433,1.8976,1,G,37.4614,15.6847,-33.5463,5.6553,37.0319,0.1521,-1.1334,-1,91.7621
165617,79973412,G,73.3492,11.2009,32.9087,64.5883,34.7627,1.3783,1.2427,-1,G,54.7471,26.3028,-45.0577,16.5889,52.1732,0.3128,-1.0424,1,90.9109
165617,80814088,G,143.802,17.1354,79.8937,-118.332,81.7106,-1.1657,1.3595,1,G,25.6724,22.1159,-1.4971,12.9502,22.1665,0.5552,-0.0676,-1,99.6476
165617,80818144,G,64.1704,14.4233,-31.1474,54.2184,34.3248,1.2381,-1.1371,-1,G,45.7392,-14.1825,42.8576,7.3583,45.1433,0.1623,1.8904,1,90.2842
165617,81817491,G,83.6237,21.2357,-10.5074,-80.197,23.693,-1.9336,-0.4595,-1,G,29.9915,-18.7711,20.2394,11.7258,27.3545,0.413,2.3186,1,90.1073
165617,81858428,G,53.6415,-39.266,-7.6006,35.7465,39.9948,0.8042,-2.9504,1,G,52.4013,41.8933,7.8036,30.495,42.6139,0.6654,0.1842,-1,82.7659
165617,81017783,G,74.4522,35.6481,46.9172,45.5094,58.9238,0.7109,0.921,1,G,66.7788,-50.8257,17.0568,39.8147,53.6115,0.6873,2.8178,-1,91.3398
165617,81105567,G,124.671,-33.6592,-36.3869,114.394,49.5676,1.5734,-2.3173,1,G,64.7214,32.8339,20.8634,51.7253,38.9017,1.0964,0.5661,-1,89.6233
165617,83356555,G,87.0095,47.5501,-12.1126,-71.8534,49.0686,-1.1748,-0.2494,1,G,35.6287,-34.199,-6.8293,-7.2926,34.8742,-0.2076,-2.9445,-1,90.7689
165617,82790330,G,109.572,14.7906,14.9655,107.533,21.0411,2.3339,0.7913,-1,G,29.9938,-27.0838,-12.8749,-0.5679,29.842,-0.0189,-2.6978,1,88.7788
165617,83438756,G,84.2546,9.3052,35.1076,76.0243,36.3198,1.4846,1.3117,1,G,31.2949,-17.2593,-25.4072,-5.9958,30.715,-0.194,-2.1675,-1,91.0513
165617,81959107,G,56.262,-35.7615,-9.4033,42.4039,36.9771,0.9814,-2.8845,-1,G,143.56,26.1679,4.8171,141.072,26.6076,2.37,0.182,1,78.4352
165617,82529512,G,125.75,14.6938,38.8413,-118.695,41.5277,-1.7726,1.2091,1,G,49.8999,-15.0193,-36.5012,-30.5298,39.4704,-0.7118,-1.9612,-1,92.6242
165617,82861696,G,61.9876,32.0563,26.4793,-45.9749,41.5783,-0.9542,0.6904,-1,G,31.8319,-3.1414,-22.5197,22.2768,22.7378,0.867,-1.7094,1,85.9579
165617,83069616,G,101.771,36.1042,-25.717,91.6098,44.3269,1.4731,-0.6189,-1,G,88.5117,-40.0878,27.665,73.9048,48.7071,1.2043,2.5375,1,93.7687
165617,82592490,G,133.483,24.7472,36.3725,126.025,43.993,1.7748,0.9734,1,G,35.7172,-16.2236,-27.6504,15.7466,32.0586,0.4733,-2.1014,-1,91.5467
165617,84766319,G,157.8,56.095,-18.9425,146.272,59.2069,1.6362,-0.3257,-1,G,23.7457,6.5852,-20.8607,-9.2366,21.8754,-0.4106,-1.265,1,93.0978
165617,83730922,G,155.734,29.6721,54.9776,-142.654,62.4738,-1.5636,1.0759,1,G,88.3111,-52.2175,26.0809,-66.2719,58.3685,-0.974,2.6784,-1,93.9644
165617,84304930,G,32.8509,12.7719,-30.0079,3.9468,32.6128,0.1207,-1.1684,1,G,33.263,-3.662,32.5759,-5.6407,32.781,-0.1712,1.6827,-1,65.4109
165617,84489925,G,66.5786,40.4021,-31.7174,42.3601,51.3646,0.7518,-0.6656,-1,G,44.0846,12.8463,38.362,-17.5151,40.4557,-0.4204,1.2477,1,93.539
165617,84881310,G,56.0437,31.8533,-1.4678,46.0879,31.8871,1.1641,-0.046,1,G,35.1217,-34.3923,-5.5095,-4.5097,34.8308,-0.1291,-2.9827,-1,80.7914
165617,84080976,G,101.479,30.7929,10.8849,-96.0795,32.6601,-1.7999,0.3398,-1,G,42.3716,-31.5181,-23.7498,-15.4238,39.4645,-0.3815,-2.4958,1,89.9663
165617,83748650,G,47.9062,-35.8909,-23.4542,21.3713,42.8749,0.4798,-2.5628,-1,G,43.8756,31.3954,22.6285,-20.6721,38.7004,-0.5116,0.6245,1,91.6652
165617,83876138,G,111.61,-14.6614,-25.1973,-107.736,29.1524,-2.0181,-2.0978,-1,G,373.359,114.537,-32.7468,-353.844,119.126,-1.809,-0.2785,1,93.8422
165617,85319780,G,98.915,-30.9837,-18.4604,-92.1053,36.0663,-1.667,-2.6043,1,G,28.1684,25.9906,10.014,4.2023,27.853,0.1503,0.3678,-1,91.2523
165617,86156442,G,31.9914,1.3537,-31.9625,-0.0926,31.9911,-0.0029,-1.5285,1,G,47.7318,-5.9056,44.2834,-16.8054,44.6754,-0.3678,1.7034,-1,76.7967
165617,86514419,G,104.557,-18.7443,56.7065,85.8206,59.7241,1.1593,1.89,-1,G,37.0209,3.1925,-30.4864,20.7586,30.6531,0.6339,-1.4665,1,88.067
165617,86959904,G,42.3807,-29.6116,-30.121,3.4625,42.2389,0.0819,-2.3477,-1,G,55.2311,17.0137,51.9457,7.9149,54.6609,0.1443,1.2543,1,93.6141
165617,86734124,G,78.54,44.0148,9.9115,64.2882,45.117,1.1524,0.2215,1,G,46.7781,-40.1149,-7.9332,22.7166,40.8918,0.5303,-2.9463,-1,90.087
165617,87266364,G,83.3365,-25.7804,31.5417,72.7011,40.7371,1.343,2.256,-1,G,62.819,30.0231,-36.254,41.599,47.0716,0.7967,-0.8791,1,90.8664
165617,87430095,G,46.7444,8.1994,-39.0599,-24.3335,39.9112,-0.5771,-1.3639,1,G,67.1403,-13.0492,57.8112,-31.5497,59.2657,-0.51,1.7928,-1,97.3224
165617,86752681,G,205.148,29.3978,29.8144,200.83,41.8704,2.2717,0.7924,-1,G,72.1061,-20.9475,-36.9201,58.2871,42.4487,1.1223,-2.0869,1,98.0124
165617,87200730,G,82.3761,-35.2771,-25.9244,-69.78,43.7784,-1.2458,-2.5078,1,G,66.7332,-23.6147,56.87,-25.7188,61.578,-0.4064,1.9644,-1,93.2077
165617,88746292,G,70.7453,22.056,-16.3857,-65.1915,27.4765,-1.5989,-0.6389,1,G,37.4889,-31.2051,20.574,2.8917,37.3771,0.0773,2.5587,-1,87.9326
165617,88312602,G,82.6178,-23.71,-8.2374,78.7125,25.1002,1.8606,-2.8072,1,G,28.9714,23.2071,10.0481,-14.135,25.289,-0.5333,0.4086,-1,90.9854
165617,88540506,G,185.942,19.7221,38.082,180.928,42.8859,2.1465,1.0929,-1,G,52.0899,-10.7279,-33.0558,38.8017,34.753,0.9614,-1.8846,1,90.948
165617,87823648,G,67.4748,29.0322,22.2302,-56.708,36.5657,-1.2226,0.6535,-1,G,38.3339,-32.0768,-20.658,3.7153,38.1533,0.0972,-2.5694,1,91.5179
165617,89046271,G,41.9167,8.0519,-19.7415,-36.0893,21.3204,-1.2971,-1.1835,-1,G,46.1123,1.7145,31.7931,33.3556,31.8393,0.9147,1.5169,1,86.6084
165617,88187556,G,83.13,-27.5323,24.049,74.6606,36.5565,1.4624,2.4236,-1,G,31.8669,23.4319,-20.7388,-6.0282,31.2914,-0.1915,-0.7245,1,92.1201
165617,88552415,G,149.698,36.6075,-14.2443,-144.453,39.2811,-2.0133,-0.3711,1,G,284.679,-48.7065,16.5838,-279.99,51.4524,-2.3956,2.8134,-1,91.5405
165617,89033346,G,114.791,-21.3415,28.0916,109.236,35.2789,1.8485,2.2205,-1,G,38.8273,31.0368,-18.1125,14.7037,35.9353,0.3985,-0.5283,1,89.6889
165617,90042419,G,53.4475,31.8002,-15.691,39.9895,35.4607,0.9689,-0.4584,1,G,40.1756,-28.3672,24.3175,-14.7658,37.3636,-0.3856,2.4329,-1,89.6819
165617,89580278,G,63.6253,-12.617,25.8132,-56.7684,28.7317,-1.4328,2.0254,-1,G,33.2037,15.8977,-20.6576,20.567,26.0667,0.7241,-0.9149,1,89.5989
165617,90802483,G,146.854,41.5511,-6.9289,140.682,42.1248,1.9207,-0.1652,-1,G,43.1718,-34.3866,-0.8342,26.0895,34.3967,0.6999,-3.1173,1,90.4726
165617,89814942,G,52.2126,39.9985,-27.6028,-19.0878,48.5983,-0.3833,-0.604,1,G,47.7883,-35.2124,26.6607,-18.2484,44.1668,-0.4022,2.4935,-1,92.6412
165617,90816981,G,55.0577,11.647,-32.0153,43.2517,34.068,1.0598,-1.2219,-1,G,38.1516,-21.3119,22.2775,-22.4734,30.8299,-0.6762,2.334,1,89.8221
165617,89724685,G,47.5442,34.2968,-24.0077,-22.5344,41.8645,-0.5152,-0.6107,1,G,43.6044,-21.5134,29.6692,23.6273,36.6481,0.6068,2.1982,-1,90.0633
165617,89987026,G,84.6372,21.3471,32.2304,75.2924,38.6587,1.42,0.9858,-1,G,35.6813,-31.8811,-15.9395,1.633,35.6437,0.0458,-2.678,1,90.458
165617,91429092,G,98.449,30.0517,-43.2176,-83.1945,52.639,-1.2386,-0.9632,-1,G,61.4196,17.6254,45.1848,-37.6834,48.5007,-0.7146,1.1989,1,93.1103
165617,91419180,G,76.1609,-31.3468,-22.2308,65.7544,38.4295,1.3064,-2.5247,1,G,66.6895,39.2487,21.2289,49.5616,44.6221,0.9575,0.4958,-1,83.9346
165617,91196287,G,59.4457,-45.0377,-5.4394,-38.4161,45.365,-0.7688,-3.0214,1,G,67.8474,50.0389,7.2092,-45.2481,50.5556,-0.8052,0.1431,-1,95.7898
165617,91763863,G,89.3904,-17.0695,-43.6279,-76.1306,46.8483,-1.2622,-1.9437,-1,G,56.0355,39.6779,23.9717,-31.4799,46.357,-0.6354,0.5435,1,93.119
165617,92737422,G,44.2433,7.1808,24.3507,-36.2345,25.3874,-1.1537,1.284,-1,G,39.7834,-8.3835,-24.9755,29.8102,26.345,0.9714,-1.8946,1,83.7697
165617,92729755,G,67.4631,1.7525,-46.7229,48.6329,46.7558,0.9095,-1.5333,1,G,37.4903,-6.7239,36.8683,-1.0154,37.4764,-0.0271,1.7512,-1,92.8761
165617,93156819,G,78.3971,9.7262,33.6928,-70.1163,35.0685,-1.4434,1.2898,-1,G,27.1376,-10.3714,-23.4256,8.9506,25.6188,0.3426,-1.9876,1,85.3845
165617,93760539,G,58.6002,-2.9127,38.2954,44.2601,38.406,0.9852,1.6467,-1,G,40.008,1.6501,-39.9131,2.2015,39.9472,0.0551,-1.5295,1,86.9522
165617,93768230,G,34.6128,-33.0478,0.8487,-10.2545,33.0587,-0.3054,3.1159,1,G,73.87,29.142,-54.4926,40.473,61.7956,0.6154,-1.0797,-1,89.2324
165617,93050505,G,69.0235,-23.4765,-40.1425,51.0065,46.5034,0.9482,-2.1,1,G,77.1648,24.7953,34.9474,64.1737,42.8501,1.1934,0.9537,-1,89.8655
165617,93671923,G,87.6415,-33.3298,-27.7295,76.1658,43.3567,1.3292,-2.4477,1,G,26.9648,21.8266,3.1586,-15.5148,22.054,-0.6555,0.1437,-1,93.381
165617,92940453,G,59.0465,-40.3932,4.8288,-42.7966,40.6808,-0.9177,3.0226,-1,G,42.7115,42.7096,-0.2376,0.3024,42.7103,0.0071,-0.0056,1,92.3173
165617,93600173,G,76.5576,-30.2663,-28.8308,64.1388,41.8003,1.2137,-2.3805,1,G,43.2568,28.8597,29.6392,12.6401,41.3687,0.301,0.7987,-1,91.9666
165617,92765609,G,38.0223,-27.8897,-20.0063,-16.3582,34.3233,-0.4602,-2.5193,1,G,36.7905,15.0546,21.0589,-26.1422,25.8867,-0.8883,0.9502,-1,60.2065
165617,93253617,G,57.6721,11.0983,33.7261,45.4471,35.5052,1.0662,1.2529,1,G,41.6599,-5.1979,-41.1846,3.5143,41.5113,0.0846,-1.6963,-1,85.9022
165617,94738065,G,69.7224,-24.7545,-9.4601,64.4897,26.5006,1.6222,-2.7766,1,G,34.8353,30.2146,17.2134,-2.0648,34.7739,-0.0593,0.5178,-1,83.3398
165617,94656901,G,75.0614,-9.4546,23.6976,70.592,25.514,1.742,1.9504,-1,G,31.1227,12.4389,-20.7193,-19.6112,24.1664,-0.7416,-1.0301,1,93.0497
165617,94715502,G,164.847,19.8746,-36.4768,159.527,41.5398,2.0552,-1.0719,-1,G,233.288,38.4946,60.0765,222.109,71.3514,1.8536,1.0009,1,94.348
165617,94718648,G,210.477,46.992,-15.5481,204.574,49.4974,2.1265,-0.3195,1,G,53.3388,-28.8953,14.4785,42.4318,32.3197,1.0863,2.6771,-1,90.8749
165617,94638567,G,62.5205,-30.1594,-39.1756,38.2685,49.4401,0.7123,-2.2269,-1,G,47.0609,9.73,40.9543,21.0424,42.0943,0.4811,1.3375,1,89.8318
165617,95149152,G,94.7706,-6.7779,-42.6041,84.3825,43.1399,1.4238,-1.7286,-1,G,42.2604,7.8435,37.7813,17.2334,38.5868,0.433,1.3661,1,91.8004
165617,96566514,G,81.9153,-31.2405,-10.3149,-75.0182,32.8993,-1.5624,-2.8227,1,G,34.3727,24.6016,23.1866,-6.2142,33.8062,-0.1828,0.7558,-1,81.9417
165617,96056910,G,259.448,-7.5835,92.6842,-242.21,92.9939,-1.6854,1.6524,-1,G,100.646,26.0912,-13.4419,-96.271,29.3503,-1.9035,-0.4757,1,92.0685
165617,96232427,G,84.4482,20.8941,15.5044,80.3401,26.0183,1.8459,0.6384,-1,G,27.8869,-23.1594,-4.234,-14.946,23.5432,-0.5985,-2.9608,1,90.6125
165617,95850788,G,62.0826,26.5448,-28.146,48.5531,38.6888,1.0507,-0.8147,1,G,44.5273,-24.7759,36.9283,-2.2637,44.4696,-0.0509,2.1617,-1,95.6174
165617,96617300,G,109.621,-36.3122,8.6211,-103.072,37.3215,-1.7403,2.9085,1,G,152.213,54.0388,-6.0144,-142.171,54.3724,-1.689,-0.1108,-1,89.9563
165617,96698180,G,42.9076,-1.8228,-39.2754,17.1805,39.3177,0.4241,-1.6172,-1,G,63.1531,-0.8427,49.086,39.726,49.0932,0.7398,1.588,1,88.9222
165617,96045076,G,101.326,17.0841,28.4788,-95.7286,33.2101,-1.7806,1.0305,-1,G,172.98,62.9934,-54.8835,-151.465,83.5486,-1.3567,-0.7167,1,83.8404
165617,96323396,G,131.585,0.7551,30.1995,-128.071,30.209,-2.1512,1.5458,-1,G,28.9901,-2.3849,-27.7163,-8.1566,27.8187,-0.2892,-1.6566,1,84.9574
165617,96059264,G,57.5581,-34.5716,-25.7306,-38.1532,43.0959,-0.7979,-2.5018,-1,G,54.7994,35.659,28.6026,-30.2207,45.7129,-0.6205,0.676,1,89.1055
165617,96321008,G,63.2082,-3.4063,-33.244,-53.6516,33.4181,-1.2519,-1.6729,-1,G,42.7221,-11.4901,41.0816,2.333,42.6582,0.0547,1.8435,1,91.1279
165617,95440807,G,61.5223,-10.2093,-34.7841,-49.7073,36.2514,-1.1211,-1.8563,-1,G,43.624,-8.4647,42.7675,1.527,43.5972,0.035,1.7662,1,91.2248
165617,96436455,G,180.472,-6.4664,34.6019,-177.006,35.201,-2.318,1.7555,-1,G,34.6387,12.3097,-26.727,-18.2747,29.4255,-0.5868,-1.1392,1,89.6771
165617,96554567,G,143.199,-2.3684,51.1531,133.73,51.2079,1.6879,1.6171,-1,G,68.3214,-0.2701,-37.3768,57.19,37.3778,1.2113,-1.578,1,89.9649
165617,96836865,G,40.6789,14.796,25.6371,27.903,29.6004,0.8402,1.0474,1,G,46.3431,-8.8739,-30.9942,-33.2909,32.2395,-0.9042,-1.8497,-1,86.4871
165617,98345399,G,39.0351,31.2836,15.5747,17.3924,34.9462,0.4791,0.4619,1,G,53.6125,-36.2296,-12.3257,-37.547,38.2689,-0.868,-2.8137,-1,90.235
165617,98368497,G,121.551,-40.6044,27.8042,-111.143,49.2117,-1.5536,2.5412,1,G,125.349,37.4768,-26.417,-116.662,45.8516,-1.6636,-0.614,-1,95.1456
165617,97423613,G,67.7093,11.2454,44.5428,-49.7396,45.9404,-0.9387,1.3235,-1,G,49.0263,-8.5537,-43.7583,-20.3867,44.5865,-0.4426,-1.7638,1,93.2827
165617,98160843,G,180.028,-28.2789,-33.0508,-174.694,43.4977,-2.0986,-2.2785,-1,G,132.142,32.7231,31.4041,-124.115,45.3543,-1.7317,0.7648,1,90.227
165617,97535456,G,147.133,3.8962,-32.588,-143.425,32.8201,-2.1808,-1.4518,-1,G,39.8385,-3.8617,33.688,-20.9118,33.9086,-0.5831,1.6849,1,89.1644
165617,97682592,G,69.371,37.9291,-4.1448,-57.9355,38.1549,-1.2049,-0.1088,-1,G,40.0887,-38.9089,4.8606,-8.3406,39.2113,-0.2111,3.0173,1,87.1058
165617,98786378,G,102.131,9.9878,-44.0629,91.5934,45.1807,1.4558,-1.3479,1,G,103.743,-5.416,44.5014,93.5573,44.8297,1.4819,1.6919,-1,89.9011
165617,99100282,G,43.9622,-21.155,-5.3124,-38.1694,21.8118,-1.3259,-2.8956,-1,G,52.3655,34.4492,-10.099,38.1234,35.8989,0.9245,-0.2852,1,94.1529
165617,98915571,G,46.812,16.5344,-35.3717,25.8226,39.0454,0.6207,-1.1335,1,G,41.9739,-10.5357,30.9466,-26.3269,32.6909,-0.7368,1.8989,-1,88.471
165617,99088195,G,70.8647,48.8055,26.6701,-43.9149,55.6172,-0.7245,0.5001,-1,G,62.253,1.632,-43.9619,-44.0467,43.9922,-0.8822,-1.5337,1,84.4993
165617,98835374,G,85.1839,16.2593,-45.0595,70.4383,47.9033,1.1783,-1.2245,-1,G,50.3292,-20.4298,37.0537,27.2518,42.3126,0.6062,2.0747,1,93.4823
165617,98981261,G,28.5861,-25.2358,-5.7121,12.1524,25.8742,0.4539,-2.919,1,G,127.313,104.859,39.7612,60.2676,112.145,0.5144,0.3624,-1,107.52
165617,99738655,G,41.2771,-39.5353,-5.6988,10.4053,39.9439,0.2576,-2.9984,-1,G,63.6192,51.8003,2.569,36.8445,51.864,0.6612,0.0496,1,92.7926
165617,99262600,G,49.2395,-21.4767,19.1408,39.9613,28.7683,1.1316,2.4136,1,G,47.1669,27.8392,-20.31,-32.2053,34.4604,-0.8343,-0.6303,-1,95.8759
165617,99919088,G,124.291,3.9641,-25.857,-121.507,26.1591,-2.2403,-1.4187,1,G,25.6722,0.1125,25.3682,3.9364,25.3684,0.1546,1.5664,-1,93.0016
165617,100343842,G,58.388,39.2935,4.3341,-42.9696,39.5318,-0.9415,0.1099,1,G,49.244,-47.1251,-4.2093,-13.6554,47.3127,-0.2848,-3.0525,-1,91.1971
165617,100192742,G,110.558,2.6253,-37.524,103.962,37.6157,1.741,-1.501,1,G,74.6865,3.0341,47.7347,57.3608,47.831,1.0155,1.5073,-1,90.3004
165617,100684230,G,75.5279,10.7079,-36.0903,-65.4774,37.6453,-1.3206,-1.2824,1,G,84.5499,-24.7908,42.4588,-68.7847,49.1664,-1.1374,2.0993,-1,85.7887
165617,101079775,G,61.7008,-53.7977,-14.3875,26.5667,55.6883,0.4606,-2.8803,1,G,49.2894,30.8302,24.4498,29.684,39.3484,0.6967,0.6705,-1,92.336
165617,100482497,G,51.3793,21.1543,-39.616,24.9578,44.9102,0.5305,-1.0803,1,G,39.8661,-14.5537,36.0949,-8.6397,38.9185,-0.2202,1.9541,-1,89.4622
165617,100560809,G,134.312,-22.776,24.5124,130.078,33.4605,2.0671,2.3195,-1,G,32.701,22.8139,-21.678,8.8844,31.4708,0.2787,-0.7599,1,92.6011
165617,102334642,G,107.342,-29.1768,15.4564,102.137,33.0179,1.8476,2.6544,1,G,67.4997,50.6109,2.1893,44.6088,50.6583,0.7944,0.0432,-1,90.9081
165617,101897006,G,67.5822,33.4183,14.5104,-56.9211,36.4326,-1.2289,0.4096,1,G,52.3407,-44.7236,1.4796,-27.1504,44.7481,-0.5746,3.1085,-1,83.2465
165617,101644357,G,58.8886,0.2628,-49.3646,32.1081,49.3653,0.6116,-1.5655,-1,G,38.4359,-5.6217,38.0162,-0.6873,38.4296,-0.0179,1.7176,1,91.254
165617,102646252,G,84.4455,41.3471,21.2684,70.4919,46.4965,1.2036,0.4751,-1,G,57.1726,-39.0688,-16.2575,38.445,42.3164,0.8152,-2.7473,1,90.3224
165617,104110755,G,61.7658,42.1292,6.032,44.7633,42.5589,0.9175,0.1422,-1,G,52.4538,-38.2625,-25.1338,25.6059,45.7791,0.5336,-2.5604,1,87.8321
165617,104292105,G,209.23,3.3853,-54.9538,-201.856,55.0579,-2.0104,-1.5093,1,G,121.677,-45.8945,15.9981,-111.548,48.603,-1.5683,2.8062,-1,89.1775
165617,103550320,G,70.743,-16.7598,36.9192,-57.9711,40.5453,-1.1552,1.9969,1,G,36.3341,13.0952,-33.8914,0.1951,36.3334,0.0054,-1.2021,-1,90.0269
165617,103081484,G,63.7207,32.7042,2.3658,-54.6365,32.7896,-1.2836,0.0722,-1,G,41.4862,-35.6909,19.7126,7.6599,40.7728,0.1868,2.637,1,91.4621
165617,104554775,G,74.1716,28.6268,-37.6472,57.1367,47.2949,1.0212,-0.9207,1,G,70.5689,-30.742,32.8288,54.3798,44.9756,1.0218,2.3234,-1,92.1205
165617,103393052,G,146.527,45.3988,-9.5774,-138.987,46.398,-1.817,-0.2079,-1,G,77.1316,-39.0002,5.7946,-66.2924,39.4283,-1.2913,2.9941,1,88.4777
165617,104396825,G,175.098,-24.5877,-36.9354,-169.382,44.3709,-2.0495,-2.1581,1,G,161.328,28.8665,29.8822,-155.886,41.5478,-2.0327,0.8027,-1,85.525
165617,105526787,G,95.6533,-48.9211,-2.5718,-82.1563,48.9887,-1.2891,-3.0891,-1,G,84.0801,42.8228,-8.9456,-71.8028,43.7472,-1.2707,-0.2059,1,91.8198
165617,105598819,G,68.5976,21.0342,-35.3256,54.9116,41.1137,1.1,-1.0337,1,G,38.2074,-16.8753,34.2785,0.0688,38.2072,0.0018,2.0283,-1,91.4663
165617,105718078,G,222.271,-35.2816,28.9194,217.539,45.6194,2.266,2.455,1,G,137.851,31.3065,-33.7312,129.942,46.0205,1.7611,-0.8227,-1,94.3694
165617,105963293,G,81.8922,-32.4382,-20.5172,-72.3404,38.3822,-1.3909,-2.5776,1,G,44.6033,38.1228,18.8945,-13.3828,42.5482,-0.3096,0.4601,-1,92.8317
165617,104615069,G,55.4892,-19.8644,-51.3131,-7.1704,55.0239,-0.1299,-1.9402,1,G,38.0724,28.9648,20.5083,13.7822,35.4901,0.3792,0.6161,-1,87.6259
165617,105963981,G,57.5697,23.7498,-0.033,-52.4425,23.7498,-1.533,-0.0014,1,G,37.2704,-22.8035,-0.347,29.478,22.8061,1.0739,-3.1264,-1,92.0122
165617,104581588,G,58.4942,13.0964,-25.8935,50.7895,29.017,1.3261,-1.1025,1,G,46.1485,26.4808,32.3086,-19.6113,41.7741,-0.4537,0.8842,-1,91.4905
165617,106429934,G,187.165,16.4126,32.3253,183.621,36.2532,2.3251,1.101,1,G,80.7683,-21.7821,-37.7732,67.987,43.6037,1.2272,-2.0939,-1,91.7797
165617,106969475,G,37.3517,-1.2223,-34.6802,-13.8175,34.7018,-0.3883,-1.606,-1,G,56.3948,4.435,55.5353,8.7479,55.7121,0.1564,1.4911,1,91.2001
165617,106548097,G,110.41,24.4197,-8.0579,107.374,25.7148,2.1364,-0.3187,-1,G,24.642,-21.0942,9.2733,-8.7325,23.0426,-0.3704,2.7274,1,92.1762
165617,107153936,G,144.338,-42.8972,16.1715,-136.864,45.8442,-1.8138,2.7811,1,G,106.973,41.8708,-16.4455,-97.0548,44.9847,-1.5119,-0.3743,-1,91.8596
165617,108565194,G,168.253,-30.9049,-3.9468,165.343,31.1559,2.3709,-3.0146,1,G,27.4242,26.1092,3.3702,7.6829,26.3258,0.2878,0.1284,-1,91.2591
165617,108805258,G,43.3365,-0.1922,-41.8651,11.1946,41.8655,0.2643,-1.5754,1,G,58.8286,-3.0954,47.8293,34.1111,47.9294,0.6622,1.6354,-1,91.3166
165617,108817206,G,96.2665,-36.8216,-31.385,-83.2248,48.3823,-1.311,-2.4357,-1,G,48.2378,32.9067,21.3666,-28.0624,39.2349,-0.6651,0.5759,1,91.5475
165617,108150955,G,52.2629,-27.2341,44.3808,-4.4773,52.0706,-0.0859,2.1212,1,G,100.442,-67.9357,-18.6306,-71.597,70.444,-0.8929,-2.8739,-1,88.3798
165617,108885285,G,154.601,47.2751,-17.846,-146.109,50.5313,-1.7835,-0.361,-1,G,79.3772,-28.2337,23.2117,-70.4614,36.5503,-1.4109,2.4535,1,86.3215
165617,108422889,G,73.9462,-41.282,-2.5322,-61.2978,41.3596,-1.1848,-3.0803,-1,G,42.2416,40.1852,4.3179,-12.2818,40.4165,-0.2994,0.107,1,89.8958
165617,108829569,G,115.225,-30.3906,15.0431,-110.122,33.9099,-1.8939,2.682,1,G,63.4817,49.8606,9.0012,-38.2467,50.6666,-0.697,0.1786,-1,94.6864
165617,108935584,G,84.6923,-43.5598,13.242,-71.4141,45.528,-1.2322,2.8465,1,G,30.4311,24.7386,-17.1997,4.2684,30.1301,0.1412,-0.6075,-1,91.5149
165617,109972750,G,103.013,-54.8159,-3.6425,87.1418,54.9368,1.2417,-3.0752,-1,G,47.0149,34.7777,-13.2661,28.7212,37.222,0.7104,-0.3644,1,91.6341
165617,109878328,G,51.5864,7.3683,34.5474,-37.5943,35.3244,-0.9261,1.3607,-1,G,38.4651,-5.4398,-29.9234,23.549,30.4138,0.7125,-1.7506,1,88.8083
165617,109483350,G,75.0937,-7.2505,-40.8587,62.5863,41.4971,1.1993,-1.7464,-1,G,32.032,0.5532,31.6583,-4.8462,31.6631,-0.1525,1.5533,1,89.5126
165617,109605222,G,96.9745,-30.6686,-72.7273,-56.3402,78.9292,-0.6639,-1.9699,1,G,43.2709,-9.2831,40.3855,-12.4576,41.4387,-0.2963,1.7967,-1,110.876
165617,109908561,G,65.9442,40.1216,27.104,44.769,48.4187,0.8271,0.5941,-1,G,36.541,-30.3135,-12.3331,16.2549,32.7264,0.4783,-2.7552,1,80.4048
165617,109440059,G,165.905,20.8331,38.0648,-160.13,43.393,-2.0167,1.07,-1,G,120.944,-22.996,-38.4161,-112.352,44.7729,-1.6507,-2.1102,1,89.6194
165617,110591371,G,47.8495,-22.5066,34.8065,-23.9066,41.4492,-0.5488,2.1448,1,G,70.4747,29.0306,-38.862,-51.1238,48.508,-0.919,-0.9292,-1,91.1704
165617,109778413,G,69.3704,-13.9588,29.5072,61.2104,32.6424,1.3864,2.0127,-1,G,32.2971,5.3752,-21.9364,-23.0867,22.5854,-0.897,-1.3305,1,93.5514
165617,109726436,G,37.3048,-10.4774,18.3574,-30.7387,21.1369,-1.1691,2.0894,-1,G,45.9145,-2.0142,-35.0872,29.5459,35.145,0.7641,-1.6281,1,80.5487
165617,109959807,G,40.0382,38.1208,-12.215,0.8015,40.03,0.02,-0.3101,-1,G,60.626,-41.4029,5.8213,-43.9022,41.8102,-0.9163,3.0019,1,90.6859
165617,109695345,G,81.2807,31.5691,27.9786,69.4776,42.1831,1.2737,0.7252,-1,G,48.9749,-35.7578,-24.3283,22.9793,43.2491,0.5091,-2.5442,1,91.5828
165617,109396448,G,56.2469,7.836,35.1089,-43.2396,35.9727,-1.0173,1.3512,-1,G,113.479,-71.0202,-38.615,-79.6396,80.8392,-0.8708,-2.6436,1,98.5038
165617,109883144,G,48.3107,-42.9009,-21.8397,-4.0567,48.14,-0.0842,-2.6707,1,G,46.5572,45.249,-3.2727,10.4583,45.3672,0.2285,-0.0722,-1,91.2293
165617,111731241,G,45.1721,-36.4424,7.9082,25.4936,37.2906,0.6392,2.9279,-1,G,50.6405,35.4533,-8.7053,-35.096,36.5064,-0.8538,-0.2408,1,95.3218
165617,110773794,G,73.8235,2.1394,21.7872,-70.5027,21.892,-1.886,1.4729,-1,G,38.6211,-22.5264,-26.1593,17.3155,34.5217,0.4826,-2.2817,1,96.8511
165617,112020371,G,84.0423,-10.4316,-50.4684,66.387,51.5352,1.0712,-1.7746,-1,G,43.2061,22.4382,31.3493,19.5065,38.5519,0.4866,0.9496,1,91.1305
165617,111063250,G,96.0599,23.4541,-45.7756,-81.1295,51.4344,-1.2369,-1.0973,1,G,59.4253,-9.9799,40.4766,-42.3486,41.6887,-0.8925,1.8125,-1,93.3765
165617,111741102,G,44.8975,19.0224,11.6109,-38.9758,22.2859,-1.3254,0.548,1,G,46.3448,-16.8271,-11.9882,41.4845,20.6608,1.4472,-2.5226,-1,91.1807
165617,111726149,G,59.1827,-25.4734,25.6098,-46.8809,36.1214,-1.0772,2.3535,1,G,37.2408,25.3481,-21.6868,16.5537,33.3593,0.4778,-0.7077,-1,91.4458
165617,111633989,G,131.248,10.581,27.4142,-127.916,29.3853,-2.177,1.2025,-1,G,29.0275,-12.7557,-25.6391,4.7453,28.6368,0.165,-2.0324,1,102.515
165617,111081993,G,42.8033,8.6445,29.2957,-29.9857,30.5445,-0.8684,1.2839,-1,G,45.9393,-5.7374,-29.2753,34.9349,29.8322,0.9973,-1.7643,1,88.5567
165617,111365401,G,53.5356,-38.9312,8.1208,-35.8394,39.7692,-0.8097,2.936,-1,G,41.5697,31.5275,-20.8741,17.2719,37.8115,0.4422,-0.5848,1,92.1022
165617,113625025,G,54.4229,43.942,-15.5129,-28.1121,46.5999,-0.5716,-0.3394,1,G,61.1867,-42.7671,14.0396,-41.4446,45.0127,-0.8242,2.8244,-1,92.3248
165617,113715929,G,112.642,-34.9919,-5.8771,106.908,35.482,1.8225,-2.9752,1,G,34.2314,33.2516,-0.3933,8.1211,33.254,0.2419,-0.0118,-1,91.0925
165617,113632012,G,90.928,38.9337,-20.6108,79.5441,44.0526,1.3532,-0.4869,1,G,92.3328,-37.4881,26.1839,80.2146,45.7269,1.328,2.5319,-1,89.6021
165617,112706242,G,65.3639,-16.7569,28.0811,-56.5958,32.7008,-1.3163,2.1088,-1,G,48.9514,11.5543,-39.4321,-26.6052,41.0901,-0.6091,-1.2858,1,77.3929
165617,113591298,G,104.386,24.4747,0.0994,-101.476,24.4749,-2.1296,0.0041,1,G,24.9777,-20.9488,-0.2222,13.6004,20.95,0.6105,-3.131,-1,94.8703
165617,112414238,G,201.282,-27.1164,31.5659,-196.933,41.6138,-2.2586,2.2805,1,G,99.6202,49.4722,3.7172,-86.3878,49.6117,-1.3216,0.075,-1,92.3396
165617,113050907,G,119.245,15.7267,24.9237,115.546,29.4707,2.0753,1.0079,-1,G,24.7001,-18.3884,-16.3581,-2.0887,24.6114,-0.0848,-2.4146,1,88.132
165617,114570160,G,77.0418,-34.176,-35.0304,-59.5004,48.94,-1.026,-2.3439,-1,G,50.1055,29.0553,27.4747,-30.1907,39.9883,-0.6971,0.7574,1,89.6583
165617,114205501,G,66.8196,12.8783,-20.865,62.1583,24.5194,1.6602,-1.0178,-1,G,33.6882,-7.2388,25.6418,-20.615,26.644,-0.712,1.8459,1,91.2215
165617,114160791,G,159.162,79.9935,-117.909,-70.929,142.483,-0.4792,-0.9747,-1,G,53.3718,44.4088,11.4682,-27.2924,45.8657,-0.5646,0.2527,1,93.3673
165617,114376850,G,80.3547,13.879,30.3341,73.1033,33.3584,1.5261,1.1417,1,G,50.8995,-26.6443,-38.7128,19.5488,46.9957,0.4048,-2.1736,-1,91.7067
165617,115751208,G,53.3758,36.5609,-22.0316,-32.0449,42.6859,-0.6937,-0.5423,1,G,38.7338,-32.439,20.828,3.7689,38.5499,0.0976,2.5708,-1,87.5569
165617,115887290,G,226.542,-59.6953,-0.4051,-218.535,59.6967,-2.009,-3.1348,1,G,78.5129,26.3543,-22.9744,-70.2986,34.9625,-1.4484,-0.717,-1,89.3051
165617,115582832,G,58.7649,-36.4516,-3.0761,-45.9904,36.5812,-1.0521,-3.0574,1,G,36.0814,31.6169,1.1367,17.3474,31.6373,0.524,0.0359,-1,90.2677
165617,115601203,G,51.4696,43.3484,-27.5974,2.899,51.3878,0.0564,-0.5669,-1,G,44.4655,-41.1689,14.6206,-8.2783,43.688,-0.1884,2.8003,1,94.8761
165617,115994015,G,96.5088,-32.9629,19.6121,-88.5593,38.356,-1.5738,2.6049,-1,G,50.4989,36.4276,-20.7671,-28.1405,41.9314,-0.6288,-0.5181,1,89.3257
165617,116163982,G,118.71,13.7202,-65.0074,98.3763,66.4395,1.184,-1.3628,-1,G,56.9366,-8.5358,31.1853,46.8656,32.3323,1.1664,1.838,1,92.6595
165617,117234780,G,135.621,37.324,6.8369,130.204,37.945,1.9467,0.1812,1,G,20.5507,-20.0271,0.2558,-4.6008,20.0288,-0.2277,3.1288,-1,90.9053
165617,116985510,G,43.4308,4.5641,-32.8938,27.989,33.209,0.7658,-1.4329,1,G,37.2273,-5.4621,33.4999,-15.2902,33.9422,-0.4365,1.7324,-1,79.6448
165617,117071857,G,59.6583,26.4829,-27.4855,45.8509,38.168,1.0168,-0.804,1,G,85.7067,-45.1635,30.4925,66.152,54.4934,1.0249,2.5477,-1,90.7101
165617,117488486,G,184.925,34.5123,-8.8799,-181.459,35.6364,-2.3303,-0.2518,-1,G,40.9824,-33.1141,9.6241,-22.1445,34.4843,-0.6046,2.8588,1,97.8639
165617,117141787,G,154.21,41.0457,13.1113,148.068,43.0889,1.9481,0.3092,1,G,251.871,-49.7967,-16.0187,246.379,52.3098,2.2539,-2.8304,-1,96.0646
165617,118191842,G,165.348,2.4388,-31.544,162.293,31.6382,2.3376,-1.4936,1,G,37.2099,-1.9195,31.9185,19.0286,31.9762,0.5646,1.6309,-1,90.2874
165617,116904493,G,81.9227,-37.4645,-18.0215,70.5901,41.5736,1.2998,-2.6932,1,G,91.8054,46.1324,23.8696,75.6984,51.9419,1.1709,0.4775,-1,93.1224
165617,117815834,G,180.557,5.1469,37.0774,-176.634,37.4329,-2.2557,1.4329,-1,G,62.4285,-5.9984,-39.1006,-48.2956,39.558,-1.0293,-1.723,1,91.8899
165617,117899826,G,79.0337,31.5582,-15.0487,70.8797,34.9626,1.4558,-0.445,1,G,39.3092,-33.1861,21.003,1.661,39.2739,0.0423,2.5773,-1,93.2994
165617,117387243,G,154.666,23.9953,-35.5752,-148.594,42.9112,-1.9555,-0.9774,1,G,95.4782,-31.8108,33.3051,-83.6357,46.056,-1.3582,2.3333,-1,92.6026
165617,118135061,G,62.9009,18.3484,35.5386,48.5475,39.9957,1.0248,1.0942,1,G,41.9102,-19.1676,-37.2675,0.4445,41.9078,0.0106,-2.0458,-1,92.6364
165617,119029814,G,103.509,-27.0826,18.2537,98.2218,32.6598,1.8208,2.5485,1,G,47.7351,30.8525,-21.991,29.037,37.8878,0.7062,-0.6193,-1,81.5593
165617,119200273,G,92.4282,-25.8026,-31.3241,-83.042,40.583,-1.4641,-2.2598,-1,G,99.5017,31.3285,37.9579,-86.4772,49.2166,-1.3294,0.8808,1,89.5867
165617,118521856,G,70.9903,9.37,28.2249,64.4606,29.7396,1.5161,1.2503,-1,G,97.3042,-72.612,-10.6646,63.8894,73.391,0.7868,-2.9958,1,86.8412
165617,118422167,G,30.0001,-28.2727,-8.637,-5.1043,29.5625,-0.1718,-2.8451,1,G,31.7292,31.1492,0.0111,6.0381,31.1492,0.1926,0.0004,-1,61.0489
165617,120982287,G,58.2281,-43.948,-8.3365,-37.2772,44.7316,-0.7585,-2.9541,1,G,113.192,-70.3725,-87.5877,13.7284,112.356,0.1219,-2.2476,-1,80.9915
165617,120095561,G,35.2548,26.0592,-13.2215,-19.7232,29.2214,-0.632,-0.4695,-1,G,110.686,-19.9837,90.6747,-60.2507,92.8507,-0.6103,1.7877,1,94.1649
165617,121079377,G,51.9714,4.4231,-41.8782,-30.4576,42.1112,-0.6716,-1.4656,1,G,44.3094,-4.1688,44.108,-0.6452,44.3046,-0.0146,1.665,-1,91.091
165617,121219556,G,34.5246,24.2732,-20.8275,-12.9986,31.984,-0.396,-0.7091,1,G,71.7757,-56.8748,30.3272,-31.5794,64.4552,-0.4722,2.6517,-1,90.3297
165617,120345628,G,44.8554,-43.5651,-8.0256,-7.0475,44.2982,-0.1584,-2.9594,1,G,45.3246,35.8822,27.5234,3.0394,45.2225,0.0672,0.6543,-1,87.6195
165617,120040325,G,172.157,-20.6496,-25.9719,-168.93,33.1805,-2.3302,-2.2425,1,G,69.2464,14.2519,41.6816,-53.4283,44.0508,-1.0242,1.2413,-1,92.4394
165617,121538624,G,114.045,34.8072,10.2671,-108.117,36.2899,-1.8119,0.2868,-1,G,68.5492,-44.767,-4.1001,-51.7502,44.9543,-0.9843,-3.0503,1,87.4407
165617,122174016,G,69.5146,-21.2777,-17.0088,63.9549,27.2404,1.5892,-2.4672,-1,G,34.9051,32.3059,11.5707,-6.3872,34.3155,-0.1851,0.3439,1,86.2452
165617,122815713,G,164.045,-3.9874,65.1877,-150.484,65.3095,-1.5719,1.6319,-1,G,37.8334,-13.738,-21.8025,-27.6998,25.7698,-0.9334,-2.1331,1,82.5167
165617,121893800,G,160.816,-12.7285,-33.3939,156.795,35.7375,2.1846,-1.935,1,G,52.6351,16.1394,34.777,36.0628,38.3395,0.8388,1.1363,-1,91.399
165617,122794506,G,86.0188,-67.2641,-18.7625,-50.2268,69.8319,-0.6684,-2.8696,-1,G,27.7297,27.0901,-5.3145,-2.6096,27.6064,-0.0944,-0.1937,1,89.1818
165617,122922201,G,76.0567,-36.5723,-16.4795,-64.6181,40.1137,-1.2547,-2.7182,1,G,36.339,34.3047,11.9826,-0.3487,36.3372,-0.0096,0.336,-1,91.5792
165617,122687156,G,176.454,-43.8121,-15.0069,170.268,46.3109,2.0131,-2.8116,1,G,91.358,29.5095,-45.8433,73.3066,54.5199,1.1053,-0.9989,-1,92.1261
165617,124090859,G,194.015,-21.6733,34.9788,-189.601,41.1491,-2.2324,2.1255,1,G,62.1411,27.9532,-24.0748,-50.0053,36.8914,-1.1118,-0.711,-1,89.7019
165617,123385322,G,45.9705,-25.7928,-25.9895,27.7947,36.6159,0.7004,-2.3524,1,G,48.1552,26.1229,28.8328,-28.3756,38.9068,-0.6765,0.8347,-1,94.0803
165617,123388561,G,121.86,0.2389,40.3433,114.988,40.344,1.77,1.5649,1,G,96.1163,2.8591,-42.5056,86.1593,42.6017,1.4536,-1.5036,-1,83.8999
165617,123739367,G,64.6882,-4.2514,42.8205,48.2999,43.031,0.9654,1.6698,-1,G,58.891,2.5027,-44.6811,38.2815,44.7511,0.7754,-1.5148,1,88.1416
165617,125036378,G,94.8245,-17.4301,38.8391,84.7313,42.5709,1.4393,1.9926,-1,G,105.602,31.5426,-35.407,94.3569,47.4193,1.4391,-0.8431,1,88.8107
165617,125030865,G,42.8792,36.8502,-11.0389,18.9426,38.4681,0.4744,-0.2911,-1,G,38.7339,-32.1041,12.1949,-17.914,34.3423,-0.5005,2.7786,1,81.4603
165617,125474305,G,145.834,-44.0239,2.7042,139.004,44.1069,1.8653,3.0802,-1,G,165.521,39.5882,-28.5997,158.152,48.8382,1.8912,-0.6256,1,89.1629
165617,125672145,G,199.947,-42.5439,2.8694,195.347,42.6405,2.2268,3.0743,-1,G,75.0805,29.3514,7.3036,68.7184,30.2464,1.559,0.2439,1,75.0458
165617,125039531,G,31.5017,-19.5122,-17.8768,17.0891,26.4633,0.6077,-2.3999,-1,G,29.0286,22.96,13.7,-11.3047,26.7367,-0.4111,0.538,1,60.0094
165617,126606476,G,49.7881,-1.1799,-47.9385,-13.3924,47.953,-0.2758,-1.5954,-1,G,48.4007,5.8449,39.7972,-26.9191,40.2241,-0.6273,1.425,1,89.0393
165617,126773668,G,48.2387,-37.7189,-27.1621,12.9022,46.4811,0.2741,-2.5175,1,G,56.9975,30.1902,30.6404,37.3954,43.0149,0.7859,0.7928,-1,92.0653
165617,127453732,G,106.439,-2.299,-47.6671,-95.1412,47.7225,-1.4408,-1.619,-1,G,95.243,4.5684,42.7003,-85.0119,42.944,-1.4345,1.4642,1,90.5026
165617,127032237,G,142.145,21.4802,-35.4054,-135.979,41.4119,-1.9045,-1.0255,-1,G,202.784,-30.1021,42.2253,-196.042,51.8567,-2.04,2.1901,1,92.8318
165617,127172727,G,111.442,44.5808,25.7602,98.8345,51.4882,1.4071,0.524,-1,G,66.9659,-33.6306,-21.1275,53.9169,39.7164,1.1131,-2.5807,1,91.4057
165617,127217839,G,33.3987,-18.1561,24.6332,-13.38,30.6013,-0.4244,2.206,-1,G,100.518,50.1272,-41.3687,-76.6796,64.9931,-1.003,-0.69,1,92.3079
165617,126923694,G,79.8129,22.1584,-44.7717,-62.2462,49.955,-1.0451,-1.1112,1,G,45.5089,-20.2662,33.2789,-23.5125,38.9642,-0.5718,2.1178,-1,90.6384
165617,127014527,G,109.745,23.1052,15.0301,106.227,27.5636,2.0587,0.5767,1,G,46.6719,-37.699,-16.0705,22.3335,40.9814,0.5211,-2.7386,-1,87.8884
165617,126906282,G,185.006,-26.9273,-23.7467,181.489,35.9024,2.3232,-2.4189,-1,G,41.9407,34.1402,10.8341,21.8191,35.818,0.5767,0.3073,1,99.7591
165617,127536336,G,36.6224,25.3989,-21.9646,-14.6166,33.5789,-0.4226,-0.713,1,G,57.4816,-27.119,49.2382,12.0115,56.2125,0.2121,2.0742,-1,90.0109
165617,128537525,G,82.9106,37.0724,18.5229,71.8101,41.4423,1.3173,0.4634,-1,G,56.7375,-36.712,-24.8555,35.4057,44.3347,0.7316,-2.5464,1,89.2531
165617,128807085,G,56.9739,17.907,27.9235,46.321,33.1721,1.1359,1.0006,-1,G,39.3062,28.2708,-25.5121,9.7398,38.0802,0.2531,-0.7341,1,63.1574
165617,127776448,G,143.117,-10.7949,-49.1379,-133.982,50.3097,-1.7062,-1.7871,-1,G,65.5611,-2.7164,38.3478,-53.1066,38.4439,-1.1271,1.6415,1,90.8025
165617,127992888,G,126.147,48.9272,-31.9755,111.789,58.4491,1.4038,-0.5789,1,G,79.4348,-42.5613,7.4908,66.6505,43.2155,1.218,2.9674,-1,98.9102
165617,127946495,G,50.6054,-36.8317,-27.5799,21.0634,46.0133,0.4431,-2.4989,-1,G,44.421,28.8542,32.5019,9.1806,43.4619,0.2097,0.8448,1,89.5961
165617,128121214,G,58.2122,-34.6002,7.5051,46.2077,35.4048,1.0816,2.928,-1,G,37.5823,36.851,-6.9479,-2.4791,37.5003,-0.0661,-0.1864,1,85.1999
165617,128406111,G,38.5115,-13.0158,-30.5354,-19.527,33.1937,-0.5587,-1.9737,-1,G,42.6565,18.3496,37.6631,8.0215,41.8953,0.1903,1.1174,1,79.8536
165617,127966732,G,114.688,-12.7454,-24.7685,-111.254,27.8554,-2.0933,-2.046,1,G,25.3374,8.632,23.819,-0.3385,25.3349,-0.0134,1.2231,-1,84.4777
165617,128451459,G,46.5938,-9.521,-39.2954,23.1558,40.4324,0.5453,-1.8085,-1,G,53.235,28.0844,41.0437,18.9905,49.7324,0.3731,0.9707,1,88.5541
165617,129788263,G,132.34,-14.1354,-37.9341,-125.996,40.4822,-1.8534,-1.9275,-1,G,52.1121,32.2616,24.0245,-33.1311,40.2242,-0.751,0.6401,1,90.4378
165617,130417282,G,75.2216,36.5422,-22.7149,-61.7007,43.0267,-1.1576,-0.5562,1,G,55.0134,-39.8815,19.2326,-32.6501,44.2767,-0.683,2.6923,-1,89.6426
165617,129191515,G,114.634,35.4598,-46.0835,-98.7925,58.1471,-1.3003,-0.915,1,G,83.7939,-35.3932,13.1241,-74.8097,37.7481,-1.4355,2.7865,-1,90.276
165617,129737993,G,115.225,-9.7468,-43.668,106.183,44.7426,1.5991,-1.7904,1,G,61.1451,-2.3561,41.3879,44.9467,41.455,0.9397,1.6277,-1,90.0804
165617,129484609,G,32.719,-12.5353,-16.0665,-25.598,20.378,-1.0514,-2.2334,-1,G,59.3269,21.4775,23.9215,49.8613,32.1484,1.2227,0.8392,1,87.9891
165617,131398159,G,48.0805,-22.1131,-42.2015,-6.4622,47.6441,-0.1352,-2.0535,-1,G,40.1077,20.5027,34.2278,-4.0883,39.8986,-0.1023,1.0311,1,87.176
165617,131438084,G,133.012,-49.4281,49.0624,-113.323,69.6438,-1.2633,2.3599,-1,G,30.5919,24.3177,7.6513,-16.9104,25.493,-0.6224,0.3048,1,77.1928
165617,131600085,G,69.9838,-22.4644,34.4741,-56.6092,41.1475,-1.1238,2.1483,-1,G,42.0123,19.9122,-34.7408,-12.7122,40.0427,-0.3124,-1.0503,1,87.9265
165617,130719633,G,80.0652,39.3975,-39.3699,57.5176,55.697,0.9043,-0.785,-1,G,36.8997,-32.5107,-3.4126,17.1169,32.6893,0.5022,-3.037,1,78.9476
165617,130828722,G,52.0112,20.63,-9.5773,46.7743,22.7447,1.4686,-0.4346,-1,G,44.2932,-21.7164,18.2316,-34.0277,28.3548,-1.016,2.4432,1,95.0578
165617,131838160,G,99.5846,-14.7982,-35.3999,-91.8963,38.3685,-1.6076,-1.9667,1,G,49.8342,12.3422,41.3214,-24.973,43.1253,-0.5508,1.2805,-1,92.8787
165617,130613025,G,75.2718,30.7156,-35.9271,-58.58,47.2674,-1.0409,-0.8634,-1,G,42.0715,-26.5318,32.3637,4.3186,41.8491,0.103,2.2575,1,103.899
165617,131908414,G,35.4411,23.5046,-22.8039,-13.5492,32.7488,-0.4028,-0.7703,1,G,62.4206,-41.8142,34.9843,-30.3972,54.5191,-0.5321,2.4449,-1,84.6288
165617,133535610,G,52.7117,-9.8316,-31.8345,40.8462,33.3181,1.0325,-1.8703,-1,G,41.8102,15.0589,34.1897,-18.7717,37.3591,-0.4834,1.1559,1,91.7291
165617,132987384,G,160.96,-38.7045,0.0336,156.237,38.7045,2.1036,3.1407,-1,G,230.887,43.6157,-3.3455,226.705,43.7438,2.3476,-0.0766,1,82.8495
165617,132835114,G,75.0323,27.4313,-29.6688,63.2228,40.4068,1.2301,-0.8246,1,G,39.3552,-25.7355,29.4643,4.2847,39.1211,0.1093,2.2887,-1,92.3273
165617,133156662,G,105.871,22.5725,-41.7022,-94.6574,47.4193,-1.4419,-1.0747,-1,G,49.2081,-17.3239,36.46,-28.1421,40.3664,-0.6503,2.0144,1,94.4177
165617,132408123,G,90.0243,7.646,32.8708,-83.459,33.7483,-1.6372,1.3422,-1,G,33.4429,-8.533,-32.1552,3.4126,33.2682,0.1024,-1.8302,1,93.9968
165617,134102697,G,176.909,-11.24,29.8788,174.005,31.9231,2.3972,1.9306,-1,G,32.7302,-17.1462,-24.8372,12.6639,30.1808,0.4082,-2.175,1,90.9515
165617,134426900,G,48.9215,44.6407,5.5483,-19.2284,44.9842,-0.4154,0.1237,1,G,61.5257,-42.2885,27.9438,-34.8744,50.687,-0.6428,2.5577,-1,90.2453
165617,134812099,G,34.8954,-13.6412,-31.7795,-4.6537,34.5835,-0.1342,-1.9763,1,G,62.8242,30.8816,41.2709,35.9153,51.5457,0.65,0.9284,-1,90.4683
165617,134457936,G,69.0029,-35.6633,7.8064,58.554,36.5077,1.251,2.9261,1,G,39.8204,38.2948,3.1321,-10.4573,38.4226,-0.2689,0.0816,-1,96.9672
165617,135271891,G,41.0169,32.7551,-16.7432,-18.1422,36.7863,-0.4751,-0.4725,1,G,51.5172,-36.2484,26.2524,25.5123,44.7564,0.543,2.5148,-1,91.6821
165617,136073340,G,49.2641,18.2493,-23.3832,-39.3336,29.6616,-1.0942,-0.9081,-1,G,48.6895,15.2416,21.4733,40.9543,26.3326,1.225,0.9535,1,92.0164
165617,135842028,G,192.512,-25.4892,33.0799,187.927,41.7609,2.2094,2.2273,-1,G,105.347,26.1698,-44.0083,92.0675,51.2015,1.3495,-1.0343,1,101.009
165617,135115581,G,114.317,24.8011,42.5792,103.152,49.2756,1.4846,1.0434,1,G,75.045,-19.0294,-38.6849,61.4256,43.1119,1.1523,-2.028,-1,93.4013
165617,136321657,G,112.334,41.4463,-0.9958,104.404,41.4583,1.654,-0.024,1,G,55.4642,-42.9209,1.6584,35.09,42.9529,0.7458,3.103,-1,93.2478
165617,136080536,G,82.2773,22.9719,-29.844,-73.1517,37.6612,-1.4176,-0.9148,-1,G,72.0326,-12.1889,53.1164,-47.1037,54.497,-0.7821,1.7964,1,93.2325
165617,140249405,G,40.0088,-15.9809,15.681,33.1574,22.3893,1.1842,2.3657,1,G,51.842,35.11,-19.0422,-33.0493,39.9415,-0.754,-0.497,-1,89.7738
165617,139768928,G,92.5358,-20.7653,13.074,-89.223,24.5383,-2.0025,2.5797,1,G,29.5046,24.4028,-15.7431,5.2122,29.0403,0.1785,-0.5729,-1,88.4064
165617,140124008,G,180.832,0.1978,37.2164,-176.961,37.2169,-2.2632,1.5655,1,G,96.1465,-4.0849,-43.7045,-85.5416,43.895,-1.4205,-1.664,-1,88.0477
165617,140862488,G,68.0898,31.36,33.35,50.4037,45.7785,0.951,0.8161,-1,G,50.7018,-28.5375,-37.4791,18.7506,47.1071,0.3882,-2.2216,1,96.4578
165617,139446270,G,119.601,-23.8756,-5.133,-117.081,24.4211,-2.2713,-2.9298,1,G,78.7789,58.7848,2.9936,-52.3592,58.8609,-0.8011,0.0509,-1,97.0633
165617,140506037,G,147.006,10.1132,50.6723,-137.626,51.6717,-1.7063,1.3738,1,G,51.1907,6.9272,-41.9846,-28.4566,42.5522,-0.6269,-1.4073,-1,106.456
165617,140675594,G,76.9854,43.2786,16.5951,61.4679,46.3512,1.0943,0.3662,1,G,52.181,-39.2964,-20.8109,27.3046,44.4669,0.5808,-2.6546,-1,93.647
165617,141854018,G,177.849,18.0004,43.1657,-171.59,46.7684,-2.0111,1.1757,1,G,95.3534,-20.3466,-37.316,-85.3568,42.5026,-1.4473,-2.07,-1,92.6196
165617,142317282,G,152.139,34.1565,15.7113,147.42,37.5967,2.0754,0.4311,1,G,92.5383,-40.4301,-10.908,82.5212,41.8757,1.4304,-2.8781,-1,83.2553
165617,141495660,G,91.6037,-9.2772,50.1068,-76.1214,50.9584,-1.1913,1.7539,-1,G,28.583,3.6168,-28.1811,3.1179,28.4123,0.1095,-1.4431,1,92.7501
165617,142406099,G,47.0324,-42.38,-7.5112,18.9618,43.0405,0.4274,-2.9662,1,G,48.374,39.9429,21.7839,16.4337,45.4969,0.3538,0.4993,-1,87.4065
165617,141601230,G,131.41,-15.0495,-47.5491,121.578,49.8738,1.6239,-1.8773,-1,G,53.2373,30.4231,24.03,36.4855,38.7686,0.8391,0.6685,1,91.2201
165617,141912974,G,97.3155,26.6331,-34.9056,86.8479,43.9059,1.4338,-0.919,1,G,49.5233,-19.2715,34.4495,29.9063,39.4735,0.6992,2.0808,-1,88.745
165617,141478786,G,44.7847,-35.3878,5.0168,-26.9851,35.7416,-0.6971,3.0008,-1,G,46.4684,36.2234,-6.8809,28.2811,36.8711,0.7067,-0.1877,1,91.221
165617,142220658,G,42.7787,19.2683,-36.0738,12.5469,40.8972,0.3022,-1.0802,1,G,51.3494,-6.5981,40.4275,-30.9649,40.9624,-0.6979,1.7326,-1,91.3312
165617,137392791,G,110.935,7.5907,56.6471,-95.0798,57.1534,-1.2822,1.4376,-1,G,49.608,6.9764,-35.2348,-34.2166,35.9188,-0.8475,-1.3753,1,91.5749
165617,136867873,G,61.747,12.7223,-21.3113,-56.5389,24.82,-1.5615,-1.0326,1,G,35.4425,-18.2988,20.6105,22.2828,27.5615,0.7393,2.2969,-1,90.7785
165617,136852386,G,47.1803,1.2877,35.4349,-31.1236,35.4583,-0.7922,1.5345,-1,G,48.3407,8.1142,-46.5573,10.1682,47.2591,0.2135,-1.3982,1,92.0491
165617,137036522,G,169.729,17.7821,25.8633,-166.802,31.3865,-2.3723,0.9685,1,G,101.306,-36.2834,-37.3631,-86.8937,52.0815,-1.2847,-2.3415,-1,92.8674
165617,137007264,G,65.2875,-15.9568,13.406,-61.8717,20.8408,-1.8085,2.4428,1,G,37.954,-4.5141,-37.0563,-6.8517,37.3302,-0.1825,-1.692,-1,70.4095
165617,137419265,G,38.2908,-15.4726,-32.059,14.1063,35.5975,0.3866,-2.0204,1,G,56.642,18.247,45.7124,-28.0309,49.2197,-0.5425,1.191,-1,92.8667
165617,137985160,G,65.6115,-19.6247,-24.2324,57.728,31.1823,1.3751,-2.2515,1,G,42.9757,30.5462,29.7281,5.4834,42.2943,0.128,0.7717,-1,87.4415
165617,138936560,G,85.6555,39.4015,-34.796,-67.6286,52.5665,-1.0702,-0.7234,-1,G,68.1763,-29.8906,29.958,-53.4515,42.3194,-1.0557,2.3551,1,94.2867
165617,138739843,G,138.667,27.3126,36.534,-130.949,45.6148,-1.7768,0.9288,1,G,194.361,-15.1475,-42.2559,-189.107,44.8888,-2.1451,-1.915,-1,91.0556
165617,148847407,G,45.9813,-9.1918,29.6153,33.9516,31.009,0.9469,1.8717,-1,G,81.7159,27.3229,-54.1399,54.7705,60.6438,0.8112,-1.1034,1,86.6301
165617,149473332,G,189.98,-55.5375,-1.0746,-181.678,55.5479,-1.9007,-3.1223,1,G,39.1976,-2.389,32.7231,-21.4459,32.8102,-0.6143,1.6437,-1,83.1025
165617,150022011,G,68.6713,-32.8566,-10.3664,-59.403,34.4531,-1.313,-2.836,-1,G,39.3416,38.4148,7.5291,3.9198,39.1457,0.1,0.1935,1,92.4633
165617,148845724,G,84.2513,-19.1897,-19.7738,79.6179,27.5545,1.7829,-2.3412,-1,G,83.9538,60.2387,-41.1541,41.5436,72.9545,0.5424,-0.5994,1,90.6399
165617,149529876,G,46.819,25.1682,-34.5179,-19.1594,42.7192,-0.4347,-0.9408,-1,G,64.615,-27.3543,34.52,-47.2779,44.0442,-0.9323,2.2409,1,89.4363
165617,151123015,G,69.6908,33.5159,17.4304,58.5633,37.7774,1.2223,0.4796,1,G,36.0639,-31.4024,-15.6515,-8.3372,35.0868,-0.2354,-2.6792,-1,93.0256
165617,151495328,G,51.2524,23.613,-36.1573,-27.602,43.1848,-0.6021,-0.9923,-1,G,46.0549,-27.6782,36.3731,-5.6526,45.7065,-0.1234,2.2213,1,91.3579
165617,150885093,G,173.403,22.0261,29.3459,-169.477,36.6924,-2.2348,0.9269,1,G,52.0757,-21.9443,-28.1862,-37.8926,35.7213,-0.9237,-2.2323,-1,88.5289
165617,151184211,G,261.037,66.434,32.1043,250.392,73.7846,1.9361,0.4502,-1,G,41.0678,17.0234,-28.4235,24.2664,33.1314,0.679,-1.0312,1,94.0818
165617,151564934,G,47.0036,35.033,-22.4993,-21.8128,41.6357,-0.5025,-0.5709,-1,G,50.7323,-43.1606,14.7797,-22.1917,45.621,-0.469,2.8117,1,86.5462
165617,150258188,G,81.3025,-25.2292,40.1209,-66.0597,47.3941,-1.1344,2.1321,1,G,27.9152,22.4837,-11.5842,11.8124,25.2925,0.4515,-0.4758,-1,90.354
165617,150980782,G,45.064,-44.7057,-1.3328,5.5116,44.7256,0.1229,-3.1118,1,G,46.4982,42.7498,7.4185,-16.7181,43.3887,-0.3764,0.1718,-1,90.6488
165617,150640720,G,87.8679,35.5377,-8.9636,79.8591,36.6507,1.5209,-0.2471,1,G,225.236,-49.3387,-18.2674,219.005,52.6119,2.1334,-2.787,-1,88.2169
165617,150907800,G,54.2155,41.7851,-16.0781,30.5746,44.7716,0.6386,-0.3673,-1,G,45.5706,-41.898,11.0383,14.1202,43.3277,0.3204,2.884,1,89.0742
165617,151830211,G,46.2848,6.0117,-43.28,-15.2636,43.6955,-0.3426,-1.4328,1,G,51.2588,-12.9147,46.1489,-18.1916,47.922,-0.371,1.8437,-1,91.3215
165617,151701901,G,130.378,54.0712,24.0928,-116.164,59.196,-1.4267,0.4192,1,G,42.6527,35.647,21.5801,9.1014,41.6702,0.2167,0.5444,-1,91.3327
165617,151739275,G,76.4531,-28.9553,31.8767,63.1707,43.0643,1.1763,2.3082,1,G,57.2803,37.6529,-26.6836,33.9302,46.1493,0.6813,-0.6165,-1,91.397
165617,151944718,G,146.812,30.3483,-33.0201,-139.794,44.848,-1.8548,-0.8275,-1,G,64.0498,-28.3151,30.3435,-48.7842,41.5027,-1.0002,2.3216,1,94.2848
165617,152201678,G,65.6741,-22.3305,-37.4904,-49.0806,43.6369,-0.9669,-2.108,-1,G,51.8853,22.9536,36.7739,-28.5112,43.3496,-0.6177,1.0128,1,88.311
165617,153948193,G,96.5495,9.2695,41.8757,86.5003,42.8893,1.4511,1.353,-1,G,88.7026,-13.7345,-45.1653,75.0972,47.2074,1.2441,-1.866,1,90.4091
165617,154077281,G,149.224,43.983,22.7555,-140.767,49.5209,-1.7675,0.4774,1,G,96.4207,-36.0368,-18.5881,-87.4802,40.5483,-1.5119,-2.6654,-1,90.354
165617,153206965,G,96.4832,39.1797,-26.8302,-83.9886,47.4859,-1.3351,-0.6005,1,G,74.6933,-40.3173,16.5931,-60.6487,43.5983,-1.1328,2.7512,-1,90.969
165617,154249030,G,89.6066,-44.1389,-10.3722,77.2885,45.3412,1.3032,-2.9108,-1,G,79.478,45.2471,7.8312,64.87,45.9198,1.1453,0.1714,1,91.5036
165617,153267246,G,43.0935,-26.2098,-6.2429,33.632,26.943,1.0465,-2.9078,-1,G,68.3785,-18.1511,65.082,-10.5111,67.5657,-0.1549,1.8428,1,80.3835
165617,153812328,G,77.2598,-2.6229,48.2779,60.2613,48.3491,1.0453,1.6251,1,G,44.3332,9.0014,-39.3381,18.3552,40.3548,0.4405,-1.3458,-1,92.107
165617,175963311,G,100.383,40.8291,32.0444,-85.924,51.9024,-1.278,0.6654,1,G,45.0833,-24.567,-27.4466,-25.9931,36.8355,-0.6573,-2.3009,-1,91.3756
165617,176698503,G,45.4451,44.8518,-5.2411,5.1081,45.157,0.1129,-0.1163,1,G,56.0418,-37.1561,19.6045,37.0912,42.0109,0.7961,2.6561,-1,90.8475
165617,175985218,G,39.6627,-30.2462,-14.3067,-21.298,33.4591,-0.5999,-2.6998,-1,G,62.7941,55.6352,12.08,-26.4931,56.9315,-0.45,0.2138,1,86.9703
165617,176939513,G,92.3916,18.9968,-30.4001,-85.1537,35.8475,-1.5999,-1.0123,1,G,42.109,-18.4419,34.5335,-15.5079,39.1493,-0.3864,2.0613,-1,89.1082
165617,175748574,G,211.738,-15.8322,-40.2396,207.275,43.2421,2.2711,-1.9456,-1,G,33.2968,-0.5892,26.0675,20.7076,26.0741,0.7281,1.5934,1,87.1508
165617,176005358,G,203.35,37.3372,28.8331,197.803,47.1743,2.1405,0.6576,1,G,70.9126,-40.4645,-7.0644,57.8041,41.0765,1.1422,-2.9688,-1,96.9622
165617,142487482,G,163.249,-38.0792,-7.7954,-158.555,38.8689,-2.1138,-2.9397,1,G,45.9831,35.4002,9.1568,-27.8822,36.5653,-0.7031,0.2531,-1,94.9238
165617,143683610,G,65.0058,14.0627,-31.3858,55.1626,34.3923,1.2511,-1.1496,1,G,32.1303,-26.417,0.5241,-18.2814,26.4222,-0.646,3.1218,-1,83.4872
165617,143435920,G,108.536,2.1519,-46.6101,-97.9948,46.6598,-1.4876,-1.5247,1,G,37.7515,3.6509,34.3341,-15.2646,34.5276,-0.4288,1.4649,-1,91.5863
165617,142739320,G,46.2953,-36.1757,-6.9275,-28.0459,36.833,-0.7023,-2.9524,-1,G,44.0658,39.3092,13.1688,14.9382,41.4564,0.353,0.3233,1,89.1322
165617,143495318,G,83.9252,-15.8603,35.1164,-74.5568,38.5319,-1.4142,1.995,1,G,31.9777,27.1546,5.1982,16.0677,27.6476,0.5526,0.1891,-1,90.8828
165617,143436305,G,75.962,15.3522,38.2055,63.8347,41.1746,1.2224,1.1887,1,G,36.1445,-32.5688,-10.1029,-11.9841,34.0998,-0.3446,-2.8408,-1,93.7721
165617,142626129,G,44.9291,-37.7386,-24.1303,3.4845,44.7937,0.0777,-2.5727,1,G,51.3495,34.5781,25.8222,27.8267,43.1559,0.6069,0.6414,-1,90.9743
165617,143293337,G,178.755,-42.563,-10.9075,173.271,43.9384,2.0809,-2.8907,-1,G,115.912,52.0133,17.2704,102.136,54.8055,1.3809,0.3206,1,104.161
165617,142983483,G,58.2716,5.2431,-33.3627,-47.4869,33.7722,-1.1415,-1.4149,-1,G,43.0056,6.7908,42.4365,1.5796,42.9764,0.0367,1.4121,1,89.0081
165617,143492435,G,52.471,10.8562,31.4739,-40.5553,33.2936,-1.0275,1.2387,-1,G,55.5097,-4.9768,-55.0789,-4.7812,55.3033,-0.0863,-1.6609,1,94.9351
165617,143421719,G,137.622,28.4052,-41.1575,128.214,50.008,1.6707,-0.9667,-1,G,115.133,-20.5122,35.8977,107.454,41.3448,1.6834,2.0899,1,90.8611
165617,144038356,G,46.5892,5.8918,-43.2453,16.2996,43.6448,0.3653,-1.4354,1,G,45.7929,12.0516,43.8906,5.0346,45.5151,0.1104,1.3028,-1,88.0734
165617,144024123,G,69.0976,-12.9849,-23.6273,-63.6208,26.9603,-1.5939,-2.0733,-1,G,31.6545,16.8453,22.0225,15.2724,27.7264,0.5262,0.9178,1,88.2946
165617,145066230,G,25.9814,20.9549,12.0472,9.5278,24.1711,0.3846,0.5218,-1,G,106.188,-101.595,27.6733,13.7273,105.297,0.13,2.8757,1,94.0601
165617,144207417,G,75.1888,19.4148,-47.7232,54.7623,51.5212,0.9252,-1.1844,1,G,38.9157,7.0035,37.8657,5.6176,38.508,0.1454,1.3879,-1,92.6229
165617,146458504,G,194.529,30.7105,22.7645,190.736,38.2278,2.3104,0.6379,1,G,68.0668,-29.3543,-25.5497,55.8446,38.916,1.1582,-2.4254,-1,90.2499
165617,146710738,G,130.282,36.5682,31.2151,-121.085,48.0792,-1.6541,0.7066,-1,G,70.0085,-31.9551,-32.0966,-53.384,45.2915,-1.0023,-2.354,1,98.2572
165617,146252150,G,86.2066,15.2202,47.2534,-70.4772,49.6441,-1.1494,1.2592,-1,G,57.3739,-16.9542,-39.5469,-37.9519,43.028,-0.7954,-1.9758,1,93.7875
165617,146301886,G,51.7254,-50.6316,-10.4583,1.6021,51.7005,0.031,-2.9379,1,G,28.7539,24.4768,14.8935,2.4177,28.6518,0.0843,0.5466,-1,75.8749
165617,145584697,G,51.4245,3.6115,-51.2931,0.6691,51.4201,0.013,-1.5005,1,G,37.1824,-2.6581,35.8119,-9.6417,35.4276,-0.2653,1.6448,-1,86.7762
165617,146208871,G,118.953,-28.8851,8.4726,115.082,30.1021,2.0509,2.8563,-1,G,37.8219,29.265,-8.0974,22.5494,30.3646,0.6872,-0.2699,1,75.0728
165617,146248927,G,65.2736,-15.0326,16.2928,-61.3938,22.1683,-1.7429,2.316,1,G,66.2854,35.014,-49.2754,-27.1974,60.4487,-0.436,-0.953,-1,89.2875
165617,148254522,G,75.953,-25.0188,31.0775,64.6304,39.8968,1.2595,2.2486,1,G,56.2584,28.1665,-36.8107,31.8845,46.3506,0.6427,-0.9177,-1,90.1218
165617,147075207,G,148.202,32.3635,19.5284,-143.3,37.7989,-2.0428,0.5429,1,G,58.8655,-35.6312,-16.289,-43.9342,39.178,-0.9647,-2.7128,-1,88.3112
165617,148141943,G,92.5193,-38.4927,-28.9488,78.9943,48.1635,1.2701,-2.4968,1,G,71.8994,35.7414,21.4951,58.5664,41.7072,1.1404,0.5415,-1,89.7076
165617,155828087,G,113.528,7.4961,57.3175,97.7089,57.8056,1.2959,1.4407,-1,G,76.0815,60.2779,-13.0664,44.5447,61.6778,0.6708,-0.2135,1,95.7292
165617,155126146,G,76.645,-3.8343,-48.4911,59.2313,48.6425,1.0272,-1.6497,1,G,72.592,45.8043,32.8552,45.7394,56.3693,0.7416,0.6222,-1,96.1606
165617,155115695,G,41.0199,25.0502,-32.4625,1.1376,41.004,0.0277,-0.9136,1,G,56.6966,-27.1195,36.994,-33.3236,45.8697,-0.6742,2.2034,-1,92.129
165617,155363814,G,97.8228,-37.6196,11.9289,-89.5084,39.4656,-1.5575,2.8345,-1,G,119.59,53.0143,-5.981,-107.03,53.3506,-1.4464,-0.1123,1,91.4797
165617,155010681,G,174.404,-32.8403,25.1752,169.424,41.3797,2.1174,2.4876,-1,G,45.5849,27.5948,-21.6086,29.1472,35.0486,0.7572,-0.6643,1,94.4688
165617,155730811,G,78.4852,53.6489,7.5579,56.7855,54.1787,0.915,0.14,-1,G,33.6173,-32.2229,9.1052,2.9819,33.4846,0.0889,2.8662,1,90.8741
165617,155861493,G,121.135,-16.9105,28.8002,-116.44,33.3979,-1.962,2.1017,-1,G,53.7702,22.9556,-36.0073,-32.6764,42.7023,-0.7053,-1.0032,1,90.9268
165617,157534558,G,84.1807,24.4237,-17.2127,78.6993,29.8796,1.6958,-0.6139,1,G,35.146,-26.3905,23.1796,-1.2163,35.1248,-0.0346,2.4209,-1,90.5304
165617,156246300,G,91.3439,43.753,8.4458,-79.7373,44.5607,-1.3453,0.1907,1,G,81.4356,-44.8256,-6.7062,-67.6567,45.3245,-1.1907,-2.9931,-1,90.1308
165617,156317388,G,60.6098,36.8675,-47.8023,5.4104,60.3678,0.0895,-0.9138,1,G,47.9503,15.6831,38.2863,24.2368,41.3739,0.5566,1.182,-1,89.7454
165617,156572839,G,106.231,-3.6595,-39.4273,98.5757,39.5968,1.6433,-1.6634,-1,G,90.0707,-1.2646,52.7955,72.964,52.8106,1.1273,1.5947,1,94.3696
165617,156299904,G,73.0317,-34.0121,-2.6924,-64.572,34.1185,-1.3945,-3.0626,-1,G,36.4261,34.0323,11.4259,6.1724,35.8992,0.1711,0.3239,1,92.164
165617,157500440,G,52.3019,-16.4607,20.0595,-45.4108,25.9488,-1.3259,2.258,1,G,40.3773,15.0552,-27.5212,25.4213,31.3699,0.7407,-1.0702,-1,90.1788
165617,156596105,G,97.0876,46.5683,35.3418,77.5136,58.4607,1.0941,0.6492,-1,G,54.2965,-30.6422,-16.6709,41.6082,34.8836,1.0113,-2.6433,1,90.1385
165617,157421345,G,133.171,12.2737,38.0225,127.036,39.9544,1.8737,1.2586,-1,G,24.0781,-3.3133,-21.3577,10.6119,21.6132,0.4731,-1.7247,1,73.6363
165617,157143836,G,179.819,0.7331,43.2167,174.547,43.2229,2.104,1.5538,1,G,194.83,-11.9064,-48.6499,188.282,50.0856,2.0346,-1.8108,-1,92.5343
165617,157931701,G,66.0295,-3.5921,23.2701,-61.6885,23.5457,-1.6909,1.724,1,G,42.4674,-32.8959,-0.4108,26.8545,32.8985,0.7453,-3.1291,-1,93.2965
165617,157756210,G,195.981,43.3657,18.7657,190.199,47.2518,2.1008,0.4084,1,G,44.2398,-28.0784,-12.7835,31.7071,30.8515,0.9008,-2.7144,-1,90.5212
165617,157904064,G,84.6976,-29.8405,37.3057,-69.9393,47.772,-1.1746,2.2455,-1,G,40.299,23.3931,-28.3776,-16.4766,36.7767,-0.4342,-0.8814,1,89.6391
165617,158702640,G,59.5981,-43.1665,-24.3226,33.1207,49.5473,0.6266,-2.6285,1,G,54.5803,39.0541,6.7902,37.519,39.64,0.843,0.1721,-1,87.8774
165617,158062140,G,83.3632,80.4853,4.3007,21.2845,80.6001,0.2611,0.0534,1,G,44.3845,-10.2796,38.7255,19.0955,40.0666,0.4602,1.8303,-1,88.9316
165617,160450958,G,97.31,25.3511,42.8483,83.6096,49.7861,1.2903,1.0365,1,G,89.9458,59.6219,67.2429,3.7241,89.8687,0.0414,0.8454,-1,89.9838
165617,159577429,G,96.5114,-30.7398,30.8911,86.1118,43.5797,1.4328,2.3537,1,G,43.4758,28.177,-27.1549,18.942,39.1322,0.4669,-0.7669,-1,92.4098
165617,159221475,G,47.4477,-15.3375,-13.2501,42.9007,20.2683,1.4946,-2.4291,1,G,59.6801,49.5751,-29.444,-15.3972,57.6597,-0.264,-0.5359,-1,87.8916
165617,159943043,G,90.0061,-46.8434,-16.3382,-75.0989,49.6109,-1.2024,-2.806,1,G,31.0723,29.454,8.5327,-5.0134,30.665,-0.1628,0.282,-1,88.7619
165617,160090988,G,49.5422,-5.0451,-37.1029,-32.4399,37.4443,-0.7836,-1.7059,-1,G,42.8476,10.942,38.1723,16.0952,39.7096,0.395,1.2916,1,90.7349
165617,160526738,G,72.5516,-9.9276,19.5522,69.1583,21.9282,1.866,2.0406,1,G,35.2279,23.8174,-17.3673,-19.29,29.4769,-0.6149,-0.63,-1,94.5085
165617,160624707,G,62.3941,-34.7298,2.2456,-51.7862,34.8023,-1.1881,3.077,-1,G,51.7343,50.2795,6.225,-10.4713,50.6633,-0.2052,0.1232,1,93.9986
165617,163304705,G,55.5139,-46.2904,-11.2569,28.5004,47.6394,0.5673,-2.903,1,G,60.7188,48.3647,15.5632,33.2477,50.8071,0.6149,0.3113,-1,98.3585
165617,162014234,G,90.6533,-17.1982,-36.5018,-81.1778,40.3505,-1.4489,-2.0111,1,G,50.1338,34.6264,26.0615,-25.2031,43.3381,-0.5529,0.6452,-1,89.9519
165617,162524866,G,58.7846,31.155,-20.8779,45.267,37.5036,1.0205,-0.5904,-1,G,37.0461,-28.8654,18.6184,-13.8761,34.349,-0.3937,2.5687,1,90.4864
165617,162064020,G,70.8006,5.8737,38.0002,59.4492,38.4514,1.2201,1.4174,1,G,56.483,6.6677,-49.974,25.4648,50.4169,0.4858,-1.4382,-1,93.2206
165617,164147640,G,43.0704,-6.6443,-42.553,0.3753,43.0686,0.0087,-1.7257,-1,G,59.4104,-0.6117,44.4166,39.4509,44.4209,0.8,1.5846,1,94.1279
165617,163953115,G,79.7933,45.9424,14.6409,-63.5759,48.2189,-1.0897,0.3085,1,G,50.3905,-39.5232,-5.6202,-30.7494,39.9208,-0.7093,-3.0003,-1,89.0393
165617,164041038,G,58.2865,10.3393,34.149,-46.0896,35.6799,-1.0734,1.2768,1,G,36.4021,-9.9673,-33.1135,11.3686,34.5811,0.3231,-1.8632,-1,88.0861
165617,164967202,G,58.3683,6.8426,35.9854,-45.4431,36.6302,-1.0417,1.3829,-1,G,38.1767,-12.9618,-30.88,18.3266,33.4901,0.523,-1.9682,1,92.3153
165617,163834472,G,112.308,-41.6968,24.1645,101.442,48.1928,1.4896,2.6164,1,G,48.2892,33.1946,-17.9092,30.1532,37.7177,0.7322,-0.4948,-1,91.4477
165617,164854616,G,51.9801,-7.6641,44.4393,25.8521,45.0953,0.5458,1.7416,-1,G,39.6355,2.8777,-39.1849,-5.2173,39.2905,-0.1324,-1.4975,1,88.9781
165617,163979151,G,48.2359,-24.8194,-39.1712,13.2781,46.3723,0.2826,-2.1356,1,G,43.9825,17.9185,33.4649,-22.2144,37.9601,-0.5561,1.0792,-1,91.3466
165617,164823524,G,49.2553,2.2549,-29.5435,-39.3469,29.6294,-1.0954,-1.4946,-1,G,42.659,-11.0243,40.9911,-4.2399,42.4477,-0.0997,1.8335,1,79.6272
166701,670520932,G,108.756,50.2604,-9.9509,95.9311,51.236,1.385,-0.1955,1,G,70.232,-35.3115,13.6977,59.1438,37.8751,1.2284,2.7715,-1,88.0399
166701,670658888,G,110.765,-11.8814,-37.9668,103.374,39.7824,1.6832,-1.8741,1,G,31.9219,12.4435,28.3268,7.8581,30.9394,0.2513,1.1569,-1,88.8463
166701,671377003,G,116.847,20.3877,-39.6439,108.009,44.5791,1.6182,-1.0958,-1,G,44.3814,-18.9401,31.1312,25.3341,36.4401,0.6488,2.1174,1,90.2201
166701,671800951,G,115.003,-45.8595,14.7223,-104.431,48.1647,-1.5164,2.831,1,G,99.89,42.296,-12.1907,-89.6684,44.0178,-1.4601,-0.2806,-1,92.1156
166701,671267437,G,46.7464,25.6264,3.9619,-38.8948,25.9309,-1.1947,0.1534,-1,G,43.4867,-27.6027,-0.6645,33.5966,27.6107,1.0267,-3.1175,1,89.9953
166701,671174286,G,49.1852,-36.0353,-33.1712,4.5064,48.9782,0.0919,-2.3976,1,G,42.2615,33.6446,24.7099,6.5943,41.7437,0.1573,0.6335,-1,90.3436
166701,672181688,G,55.5326,-1.615,44.7585,32.8318,44.7876,0.6795,1.6069,1,G,65.8323,-43.5529,19.0741,-45.5324,47.5466,-0.8511,2.7288,-1,91.9422
166701,671967818,G,38.5568,-17.8846,-31.0692,-14.1937,35.8491,-0.3863,-2.0931,1,G,58.4733,22.3253,40.3556,35.9461,46.1194,0.7165,1.0655,-1,93.9986
166701,672140559,G,79.6447,16.489,37.2105,-68.4598,40.7003,-1.2917,1.1537,-1,G,63.4096,10.7271,-45.9481,-42.3612,47.1837,-0.8072,-1.3414,1,85.8264
166701,673071052,G,66.6866,-41.2999,6.1987,51.9903,41.7625,1.0444,2.9926,1,G,44.6497,41.4066,-12.6758,10.8811,43.3034,0.2487,-0.2971,-1,91.6569
166701,673417924,G,91.803,-44.9271,-19.9741,-77.5266,49.1671,-1.2366,-2.7233,1,G,54.4739,36.9615,13.2547,-37.7566,39.2663,-0.8539,0.3443,-1,89.4323
166701,672875672,G,112.868,31.4683,-26.0161,105.224,40.83,1.6755,-0.6908,1,G,39.6298,-29.6302,24.9617,8.3352,38.7432,0.2135,2.4415,-1,101.761
166701,673022008,G,88.1191,27.7753,-29.352,-78.3068,40.4105,-1.4155,-0.813,1,G,184.289,-31.4941,24.1702,-179.962,39.6998,-2.2165,2.487,-1,86.3868
166701,672919277,G,163.791,3.4141,-42.1887,-158.228,42.3266,-2.0292,-1.4901,-1,G,91.2278,0.2503,43.9308,-79.9532,43.9315,-1.3601,1.5651,1,91.0388
166701,673653757,G,71.215,30.2814,-5.1836,64.2474,30.7219,1.4837,-0.1695,-1,G,45.8828,-32.6667,29.2453,13.5212,43.8451,0.3037,2.4114,1,84.1385
166701,674403245,G,414.886,77.4816,18.6967,-407.158,79.7055,-2.3335,0.2368,1,G,28.7899,3.0625,-20.2709,-20.2128,20.5009,-0.8714,-1.4208,-1,87.8229
166701,674225660,G,99.6869,-25.5447,25.5211,-92.9172,36.109,-1.6741,2.3567,1,G,54.7388,35.1951,-27.4685,-31.672,44.6454,-0.6604,-0.6627,-1,90.7079
166701,674565082,G,44.3433,-15.1717,-41.6398,-1.5059,44.3176,-0.034,-1.9202,-1,G,54.6573,15.3579,45.325,-26.4043,47.8563,-0.527,1.2441,1,94.9133
166701,674935063,G,64.9607,39.4482,-18.7442,-48.0872,43.675,-0.951,-0.4436,-1,G,53.349,-40.4697,20.8025,-27.849,45.5032,-0.5791,2.6668,1,90.6951
166701,674598003,G,105.888,-45.1672,-12.8202,94.9101,46.9514,1.4532,-2.865,-1,G,54.3061,48.1363,10.8261,22.69,49.3387,0.445,0.2212,1,108.719
166701,674970409,G,81.943,-4.9019,44.6276,-68.5492,44.896,-1.2096,1.6802,1,G,65.7768,-7.7576,-44.496,-47.8173,45.1672,-0.9223,-1.7434,-1,90.1093
166701,674795338,G,34.1072,2.2256,21.1351,26.6766,21.2519,1.0509,1.4659,1,G,39.5502,-10.6483,-26.644,-27.2198,28.693,-0.8446,-1.951,-1,72.9645
166701,674953309,G,175.379,-30.1964,22.338,171.309,37.5607,2.2225,2.5047,1,G,52.8399,26.8851,-21.8687,39.8872,34.6562,0.9842,-0.6829,-1,86.4209
166701,675604989,G,46.2485,18.1715,10.8015,-41.1344,21.1394,-1.4192,0.5363,-1,G,51.8967,-35.3164,-31.6373,21.0971,47.4148,0.4314,-2.4111,1,92.2112
166701,675909264,G,88.3233,-11.4461,46.3954,74.2795,47.7865,1.2246,1.8127,1,G,54.1625,10.906,-39.5504,35.3608,41.0265,0.7803,-1.3017,-1,90.7417
166701,676045290,G,58.5373,20.0721,-31.3773,45.1573,37.2481,1.0238,-1.0017,1,G,55.9199,-26.7942,45.7783,17.7042,53.0432,0.3279,2.1003,-1,94.3202
166701,675317748,G,63.3089,29.9676,30.6487,46.5898,42.8649,0.9415,0.7966,1,G,46.7552,-40.0017,-23.5186,5.7254,46.4032,0.1231,-2.6101,-1,96.0506
166701,676207526,G,78.6314,-8.1332,35.1258,-69.8778,36.0551,-1.4156,1.7983,1,G,48.5665,12.4014,-41.4661,-22.0331,43.2809,-0.4893,-1.2802,-1,87.5972
166701,676228037,G,47.6505,-20.2964,-28.5201,32.3299,35.0049,0.8263,-2.1893,-1,G,77.8333,32.6663,44.3289,55.0078,55.0649,0.8806,0.9357,1,87.8372
166701,676197954,G,60.9773,8.0584,-44.9638,40.3922,45.6802,0.7971,-1.3935,-1,G,41.9452,-12.4017,40.0121,2.1486,41.89,0.0513,1.8714,1,93.4876
166701,676450339,G,120.407,-13.2158,-29.9486,-115.871,32.7349,-1.9766,-1.9864,-1,G,32.666,13.4158,28.8501,-7.3991,31.8168,-0.2305,1.1355,1,90.7435
166701,676545504,G,156.373,10.2595,-31.1065,152.904,32.7547,2.2452,-1.2522,-1,G,58.1705,-1.6746,41.7129,40.5096,41.7465,0.8603,1.6109,1,91.8362
166701,682225648,G,46.787,18.0756,-14.6885,-40.5775,23.2912,-1.322,-0.6824,1,G,43.8767,-18.5561,8.7293,38.7895,20.5068,1.3941,2.7019,-1,90.4487
166701,682554667,G,43.0855,-5.6946,-38.7619,17.9286,39.1779,0.443,-1.7167,-1,G,52.0444,-10.0911,50.8969,4.0354,51.8876,0.0777,1.7665,1,90.3927
166701,681951900,G,83.6508,43.4646,-14.5473,-69.9761,45.8344,-1.2095,-0.323,1,G,49.3577,-39.6469,9.0135,-27.9829,40.6586,-0.643,2.9181,-1,89.7222
166701,682559552,G,122.349,-9.2133,-26.2946,119.134,27.8619,2.1595,-1.9078,-1,G,32.6545,19.7365,25.4952,5.174,32.2418,0.1598,0.912,1,91.9899
166701,681933510,G,129.588,-24.6137,-3.2266,127.188,24.8243,2.3364,-3.0112,1,G,30.2859,22.2149,18.8917,8.1745,29.1616,0.2768,0.7047,-1,83.5792
166701,682489195,G,91.1838,2.6538,44.9052,-79.3156,44.9836,-1.3324,1.5118,-1,G,41.869,-3.9778,-37.7661,-17.6324,37.975,-0.4491,-1.6757,1,90.8374
166701,682663635,G,77.3401,37.7871,-29.0185,60.9223,47.6439,1.0654,-0.6549,-1,G,64.2264,-33.1269,39.1851,38.6284,51.3115,0.6954,2.2726,1,100.028
166701,682093710,G,67.7363,1.4857,24.8428,62.9986,24.8872,1.6588,1.5111,-1,G,35.4695,-5.2258,-28.2868,-20.7515,28.7655,-0.6701,-1.7535,1,94.0254
166701,682103774,G,130.597,52.53,-36.2168,113.95,63.8048,1.3436,-0.6036,-1,G,64.9038,11.0927,-62.5786,13.1665,63.5542,0.2057,-1.3954,1,90.8498
166701,682184932,G,77.3795,0.9813,-32.7786,-70.0869,32.7933,-1.5034,-1.5409,-1,G,43.8981,1.313,43.8297,2.0651,43.8494,0.0471,1.5409,1,99.7692
166701,682097426,G,85.8762,17.843,25.0472,-80.1809,30.7528,-1.6864,0.9518,1,G,26.5624,-15.2104,-14.1199,16.5777,20.754,0.7317,-2.3934,-1,92.0366
166701,682516130,G,41.4498,-1.6388,-23.8701,33.8469,23.9263,1.1465,-1.6393,1,G,45.354,-2.4323,33.6962,-30.2593,33.7838,-0.8056,1.6429,-1,86.075
166701,683035909,G,63.411,5.8385,36.8243,51.2917,37.2842,1.1238,1.4136,1,G,50.4493,-4.4915,-47.1204,17.4532,47.334,0.3608,-1.6658,-1,90.1693
166701,683201190,G,111.83,21.773,42.6203,101.072,47.8597,1.4926,1.0985,1,G,63.7277,-16.1163,-36.2923,49.8432,39.7098,1.0508,-1.9887,-1,89.2935
166701,683325704,G,89.1469,-19.4952,-40.0151,77.2391,44.5115,1.3186,-2.0242,-1,G,37.681,9.4164,35.2154,9.542,36.4527,0.2589,1.3095,1,91.8135
166701,683019467,G,62.8742,-8.8696,-45.8089,42.1429,46.6597,0.8112,-1.762,-1,G,46.2812,10.4326,42.0362,16.3111,43.3115,0.3682,1.3275,1,92.0942
166701,683553362,G,50.0937,-0.778,-21.4303,-45.2715,21.4444,-1.4923,-1.6071,-1,G,42.1033,1.435,22.9986,35.2375,23.0433,1.2108,1.5085,1,91.6336
166701,682846956,G,62.5728,6.6389,-38.6914,-48.7263,39.2568,-1.0421,-1.4009,-1,G,40.0574,-17.6479,34.9274,8.5564,39.1328,0.2169,2.0387,1,93.7229
166701,683464232,G,40.5252,-9.2346,-39.4588,0.0887,40.525,0.0022,-1.8007,-1,G,51.7207,12.3564,39.5937,30.8978,40.1389,0.6891,1.2685,1,86.8296
166701,684135434,G,32.6398,2.0449,-20.0441,-25.6787,20.1482,-1.0628,-1.4691,-1,G,64.7068,-35.3018,27.1349,46.9515,44.5255,0.9194,2.4863,1,88.6991
166701,684056620,G,46.708,-16.3889,-24.7173,36.0843,29.6571,1.0266,-2.1563,-1,G,50.1889,-13.2428,34.2574,-34.2048,36.7279,-0.832,1.9397,1,91.741
166701,683720280,G,129.48,-28.9094,38.9714,-120.044,48.5234,-1.6375,2.209,1,G,96.0532,37.4118,-23.5967,-85.2628,44.2317,-1.4108,-0.5627,-1,91.6825
166701,684653215,G,44.8022,-42.3093,14.6164,1.8735,44.7629,0.0418,2.809,-1,G,49.5648,47.9096,-9.4038,8.5376,48.8238,0.174,-0.1938,1,93.4783
166701,684695120,G,78.7752,-2.3367,36.7808,69.6221,36.8549,1.3929,1.6342,1,G,53.8809,-6.1122,-46.7539,26.074,47.1517,0.5281,-1.7008,-1,90.9343
166701,684654928,G,41.0955,23.3852,-33.1919,-6.3446,40.6026,-0.1556,-0.957,1,G,46.719,-27.4827,30.4252,22.3978,40.9999,0.5222,2.3054,-1,86.193
166701,684461029,G,49.1712,0.0377,-39.2511,-29.6167,39.2511,-0.6968,-1.5698,1,G,40.5408,1.7336,40.1344,5.4559,40.1718,0.1354,1.5276,-1,86.3747
166701,684788707,G,31.9858,-18.008,-16.3752,-20.7519,24.34,-0.7732,-2.4036,-1,G,34.1616,26.6949,19.2443,9.1678,32.9083,0.2751,0.6246,1,64.4794
166701,684472064,G,138.694,-6.1017,-66.9801,121.295,67.2575,1.3521,-1.6616,1,G,80.1084,-41.0662,20.0651,65.7898,45.706,1.1607,2.6871,-1,91.9128
166701,685100546,G,355.372,67.1348,-24.5956,-348.105,71.4984,-2.2864,-0.3512,-1,G,87.5209,-27.8089,6.5188,-82.7288,28.5627,-1.7852,2.9113,1,93.0743
166701,685196574,G,47.0661,-45.061,2.9382,-13.2693,45.1567,-0.2898,3.0765,-1,G,45.8824,45.0965,-2.6137,-8.0407,45.1722,-0.1771,-0.0579,1,90.4721
166701,685456740,G,73.9124,-28.5295,3.5055,68.0942,28.7441,1.5974,3.0193,1,G,21.0677,20.6477,2.4984,-3.3567,20.7983,-0.1607,0.1204,-1,68.7904
166701,685919636,G,44.4459,35.2592,-24.4361,11.623,42.8991,0.2677,-0.606,1,G,45.2901,-35.8106,22.1619,-16.6624,42.1135,-0.386,2.5874,-1,89.5639
166701,685362659,G,74.8417,8.328,-29.7376,68.1733,30.8817,1.5328,-1.2977,1,G,30.7858,1.2126,23.1447,-20.2634,23.1765,-0.7896,1.5185,-1,93.4203
166701,685515835,G,51.6067,-7.8066,-23.9559,-45.0379,25.1958,-1.3444,-1.8858,1,G,42.5451,14.5617,28.8216,27.7009,32.2913,0.7772,1.103,-1,92.1666
166701,685513976,G,66.5308,-30.809,2.7818,-58.9017,30.9343,-1.3999,3.0516,1,G,35.2221,29.7577,1.4823,18.7848,29.7946,0.5948,0.0498,-1,93.4078
166701,685578643,G,90.8629,-25.268,-6.7732,-87.0155,26.16,-1.9169,-2.8797,-1,G,25.3965,24.8275,-0.4493,5.3256,24.8316,0.2129,-0.0181,1,82.4053
166701,685570269,G,79.5202,31.3715,-26.0541,68.2676,40.7797,1.2876,-0.6931,-1,G,30.052,-25.5366,8.4278,-13.4152,26.8914,-0.4802,2.8228,1,93.0191
166701,686458458,G,188.466,29.9951,-27.2173,184.062,40.5029,2.2189,-0.7369,-1,G,95.5064,-33.8372,21.0973,86.7837,39.8755,1.5198,2.5841,1,85.0327
166701,686594282,G,52.4889,38.1283,-20.5673,29.6359,43.3219,0.6396,-0.4947,1,G,45.6613,-37.7915,20.7097,15.0948,43.0939,0.3435,2.6403,-1,87.3641
166701,686137470,G,134.634,-20.0502,48.6174,-123.938,52.5896,-1.5926,1.962,1,G,75.034,20.1244,-43.2599,-57.911,47.7117,-1.0248,-1.1354,-1,104.225
166701,686813814,G,96.2551,24.4753,-27.8148,-88.8388,37.0501,-1.6086,-0.8492,1,G,35.6796,-15.3406,28.8423,14.3459,32.6682,0.4261,2.0596,-1,108.504
166701,686129387,G,31.9825,-21.6096,-16.4895,16.852,27.1823,0.5859,-2.4898,-1,G,86.5043,63.8451,9.9128,57.5198,64.6101,0.8016,0.154,1,81.7366
166701,686574613,G,77.4143,-64.9642,-40.515,11.4518,76.5625,0.149,-2.584,1,G,24.391,19.5262,14.6013,0.6653,24.3817,0.0273,0.6421,-1,86.4949
166701,687229018,G,43.3365,-13.8437,37.1898,17.4159,39.6828,0.4259,1.9271,-1,G,63.6757,-1.4021,-40.652,-48.9901,40.6762,-1.0188,-1.6053,1,101.046
166701,687697455,G,88.5583,17.0948,35.5986,79.2658,39.4904,1.4469,1.1231,1,G,33.7862,-15.7942,-29.5211,4.5324,33.4807,0.135,-2.0621,-1,88.9236
166701,687693849,G,50.2972,-12.1532,-36.5231,32.3752,38.492,0.7644,-1.892,-1,G,42.6805,-13.0008,27.1574,30.2501,30.1089,0.8847,2.0173,1,63.2651
166701,687204848,G,52.5845,-11.5292,28.0771,-42.9404,30.352,-1.1465,1.9604,-1,G,35.5027,11.5381,-30.9974,12.902,33.0752,0.3808,-1.2145,1,82.7558
166701,686972639,G,77.105,-36.6307,-24.4918,-63.2733,44.0643,-1.1587,-2.5522,-1,G,46.2158,29.123,32.9707,-14.1658,43.9911,-0.3167,0.8473,1,95.3045
166701,687291955,G,77.0111,-38.2142,-23.8415,-62.4657,45.0415,-1.1303,-2.5838,-1,G,29.3819,24.9993,11.001,10.8304,27.3127,0.3868,0.4146,1,91.1798
166701,687959175,G,58.035,37.0485,-24.422,37.4035,44.3737,0.7658,-0.5828,1,G,38.2691,-34.6076,16.323,0.6232,38.2639,0.0163,2.7009,-1,88.0733
166701,688161234,G,133.738,35.3424,-15.7462,128.019,38.6914,1.9118,-0.4191,1,G,103.23,-45.9513,19.6088,90.3351,49.9603,1.3544,2.7383,-1,91.3676
166701,688622025,G,75.4546,-29.7751,-28.0097,63.4215,40.8791,1.223,-2.3867,-1,G,41.0823,28.1186,28.5817,8.9537,40.0945,0.2215,0.7936,1,91.3214
166701,689068029,G,78.0055,-37.9329,23.5524,-63.9627,44.6499,-1.1567,2.5859,-1,G,54.7704,34.0684,-26.2526,-33.9107,43.0099,-0.7236,-0.6565,1,89.5992
166701,689131122,G,207.832,37.8826,-33.7994,-201.536,50.769,-2.0873,-0.7285,-1,G,83.0451,-24.5312,25.0675,-75.275,35.0736,-1.5072,2.3454,1,87.9251
166701,689271921,G,281.213,51.9637,-0.8159,276.369,51.9701,2.3729,-0.0157,1,G,214.443,-54.7383,6.0749,207.25,55.0744,2.0356,3.0311,-1,108.407
166701,688984260,G,182.269,-31.5801,-28.3215,177.264,42.4194,2.1372,-2.4105,1,G,28.2158,18.3497,18.0214,11.6034,25.7193,0.4371,0.7764,-1,91.3881
166701,690074911,G,78.9914,5.1246,36.954,-69.6259,37.3076,-1.3822,1.433,-1,G,36.9779,-6.5477,-35.9236,-5.8285,36.5155,-0.1589,-1.7511,1,88.0477
166701,689855563,G,50.3899,-31.8421,2.8378,-38.9507,31.9683,-1.0277,3.0527,1,G,232.948,45.8776,8.998,-228.209,46.7517,-2.2889,0.1937,-1,92.5708
166701,690031963,G,214.844,10.7281,37.6583,211.246,39.1565,2.3871,1.2933,-1,G,96.1353,-4.8714,-35.2732,89.2975,35.608,1.6501,-1.708,1,79.6364
166701,690059534,G,49.468,-44.0352,-18.5099,-12.8589,47.7673,-0.266,-2.7437,-1,G,60.0333,27.3558,40.0476,-35.3812,48.499,-0.6767,0.9715,1,94.4528
166701,689778976,G,53.1525,47.9933,-18.2685,-13.7144,51.3527,-0.264,-0.3637,1,G,48.9605,-36.7599,17.7555,-27.029,40.8234,-0.6213,2.6916,-1,92.9547
166701,690250286,G,38.639,21.3289,-11.2953,-30.1737,24.1352,-1.0477,-0.487,1,G,47.3267,-27.497,13.4871,36.0807,30.6266,1.0019,2.6856,-1,85.5123
166701,690265862,G,103.993,45.595,-14.1293,-92.3903,47.7341,-1.4144,-0.3005,-1,G,76.1257,-43.0058,-7.8086,-62.3269,43.7089,-1.153,-2.962,1,89.5395
166701,690620469,G,153.295,25.979,31.8565,147.68,41.1065,1.9909,0.8867,1,G,70.6222,-21.8467,-34.6851,57.5078,40.9919,1.1397,-2.1329,-1,89.5069
166701,690523321,G,89.6905,-17.5772,41.3577,77.6206,44.938,1.3146,1.9727,-1,G,69.7448,19.7927,-40.4703,53.2422,45.051,1.0043,-1.1159,1,91.0432
166701,690922590,G,112.086,-32.0167,35.9517,-101.221,48.1414,-1.4886,2.2984,-1,G,76.6333,24.1876,-38.8966,-61.4383,45.8038,-1.1034,-1.0145,1,95.3258
166701,690753130,G,54.83,17.3624,22.3369,-46.9673,28.2911,-1.2804,0.9101,-1,G,37.133,-15.3949,-15.715,29.9146,21.9992,1.1144,-2.3459,1,90.1036
166701,691677595,G,103.453,-10.2092,-61.8417,-82.3039,62.6788,-1.0864,-1.7344,-1,G,36.8784,0.8858,21.3421,-30.0622,21.3605,-1.1423,1.5293,1,73.0732
166701,691831885,G,174.206,-33.1417,-13.0913,-170.523,35.6336,-2.2695,-2.7654,-1,G,31.3842,29.8203,4.491,-8.6913,30.1566,-0.2844,0.1495,1,100.323
166701,691614266,G,68.8118,0.2518,46.6907,50.5466,46.6914,0.9386,1.5654,1,G,47.0898,12.6514,-40.4021,20.6168,42.3366,0.4695,-1.2673,-1,90.3487
166701,691278072,G,42.3657,30.2098,-18.8979,-22.9146,35.6337,-0.6054,-0.559,-1,G,55.617,-52.2251,17.5313,-7.6442,55.0891,-0.1383,2.8177,1,90.4446
166701,692163522,G,103.328,28.1498,28.4948,95.2483,40.0545,1.6009,0.7915,1,G,61.5644,-26.4641,-31.8924,45.5268,41.4424,0.9494,-2.2634,-1,85.7752
166701,691886292,G,114.105,-22.9431,38.2923,105.01,44.6395,1.591,2.1106,1,G,22.4137,-2.1568,-20.9231,-7.7417,21.034,-0.3602,-1.6735,-1,90.7985
166701,692388899,G,112.329,-43.2443,-12.3382,-102.934,44.97,-1.5659,-2.8637,-1,G,58.5084,38.328,12.9385,-42.2704,40.4529,-0.9128,0.3256,1,89.8691
166701,693513587,G,74.653,-33.6436,-21.4481,63.0963,39.8988,1.2391,-2.5741,1,G,109.469,34.295,25.2823,100.837,42.6068,1.5965,0.6353,-1,83.7355
166701,692775020,G,126.199,28.3673,13.8017,-122.192,31.5467,-2.0635,0.4528,1,G,54.9911,-40.8942,-6.7847,-36.1336,41.4532,-0.7877,-2.9772,-1,86.9283
166701,692785180,G,43.8554,-27.043,5.0553,-34.1527,27.5114,-1.0422,2.9568,-1,G,51.656,43.9375,-22.5639,15.1228,49.3926,0.3016,-0.4744,1,90.3787
166701,692790698,G,77.7521,-30.223,-20.6083,68.6093,36.5805,1.3866,-2.5431,1,G,36.4364,28.6006,22.3942,2.8471,36.3248,0.0783,0.6643,-1,89.0346
166701,698190404,G,163.996,24.2174,-39.5427,-157.304,46.3693,-1.9357,-1.0213,-1,G,108.251,-34.4203,24.3741,-99.697,42.1764,-1.5954,2.5254,1,87.9482
166701,697837701,G,50.3817,21.3878,-39.6716,22.5175,45.0696,0.4809,-1.0763,1,G,57.986,-21.079,38.5711,37.8194,43.9551,0.7791,2.0709,-1,90.0095
166701,697941733,G,227.397,41.3055,4.5013,-223.569,41.5501,-2.3845,0.1085,-1,G,106.11,-33.1995,-31.1831,-95.837,45.5477,-1.4892,-2.3875,1,91.8112
166701,698006039,G,169.485,40.1927,-24.0632,162.883,46.8454,1.9594,-0.5395,-1,G,169.705,-32.7001,23.6254,164.84,40.3417,2.1154,2.5159,1,87.1285
166701,698088082,G,61.2067,15.2832,30.2859,50.9454,33.9236,1.1957,1.1035,1,G,36.9825,-15.5127,-29.437,-16.1403,33.2743,-0.4678,-2.0558,-1,91.8092
166784,8462619,G,64.8465,26.7507,6.7129,-58.689,27.5801,-1.4994,0.2459,1,G,35.9884,-30.7858,6.0758,17.6202,31.3796,0.5355,2.9467,-1,91.1109
166784,8560835,G,45.344,26.7911,-5.0446,36.2333,27.2619,1.0961,-0.1861,-1,G,43.2905,-29.2998,-0.2851,-31.8669,29.3012,-0.942,-3.1319,1,88.3307
166784,8954531,G,52.8792,-41.5104,-32.7565,-0.3084,52.8782,-0.0058,-2.4735,-1,G,38.2633,28.3208,24.3264,-8.3803,37.3342,-0.2226,0.7097,1,89.3668
166784,8461596,G,218.064,28.3631,-45.278,-211.417,53.4281,-2.0842,-1.0112,1,G,108.16,66.7883,-27.6849,-80.445,72.299,-0.9588,-0.393,-1,82.8307
166784,8896241,G,52.9502,24.1437,-44.9913,-14.0206,51.0601,-0.2713,-1.0783,-1,G,59.0946,-28.5806,45.5829,-24.444,53.8019,-0.44,2.1308,1,105.14
166784,8400086,G,81.4543,-30.2514,-20.3617,-72.8358,36.4657,-1.4425,-2.5492,1,G,48.0165,36.1011,22.5677,-22.2033,42.5745,-0.5004,0.5587,-1,87.6995
166784,10106028,G,66.6678,46.8468,36.9312,-29.7665,59.6535,-0.4803,0.6676,-1,G,37.3984,-10.4656,-35.2714,-6.7107,36.7913,-0.1814,-1.8592,1,90.4038
166784,9357333,G,81.4335,22.4671,27.7466,73.1899,35.7022,1.4658,0.8902,1,G,35.6843,-23.9087,-26.4785,0.7901,35.6754,0.0221,-2.3052,-1,90.7737
166784,10132219,G,46.9931,-13.9681,15.4259,42.1341,20.8102,1.4546,2.3066,1,G,43.0966,15.5527,-38.004,13.0813,41.0632,0.3134,-1.1824,-1,67.4919
166784,9855877,G,122.867,-14.145,-50.5125,-111.107,52.4556,-1.4952,-1.8438,-1,G,57.3432,17.1905,33.8899,-42.9441,38.0005,-0.9704,1.1014,1,91.9701
166784,9516513,G,100.74,21.2159,-33.7137,92.5295,39.8337,1.5794,-1.0091,-1,G,48.3498,-24.326,33.0188,25.6066,41.0121,0.5896,2.2058,1,90.8919
166784,10143582,G,60.7219,-16.7349,-28.2311,-51.089,32.8185,-1.2258,-2.1059,1,G,69.4902,40.154,42.8474,-37.1568,58.7217,-0.5967,0.8178,-1,91.683
166784,9642598,G,103.607,-14.8105,-34.6295,-96.519,37.6637,-1.6703,-1.9749,1,G,47.6348,7.894,41.0246,-22.8851,41.7772,-0.5235,1.3807,-1,92.3478
166784,9887126,G,60.5655,-4.0492,24.4758,55.2513,24.8085,1.5408,1.7348,1,G,24.692,4.4282,-24.1795,-2.3303,24.5816,-0.0947,-1.3897,-1,66.843
166784,11148476,G,40.2454,18.3265,-11.4045,-33.967,21.5853,-1.2349,-0.5566,1,G,61.4395,-5.3252,47.8656,38.1487,48.1609,0.7265,1.6816,-1,93.9355
166784,11202927,G,124.226,-33.2982,-6.9942,-119.475,34.0249,-1.9688,-2.9346,1,G,25.363,24.021,8.1239,-0.5135,25.3576,-0.0202,0.3261,-1,88.8378
166784,10771241,G,69.7585,30.8628,-48.1019,39.9992,57.1515,0.6526,-1.0003,-1,G,50.1717,20.8401,43.5097,13.7764,48.2431,0.2818,1.1241,1,93.7932
166784,12190690,G,36.0565,27.5598,-17.2205,15.6195,32.4975,0.4638,-0.5585,1,G,32.6435,-31.8407,-4.3083,5.7613,32.1309,0.1784,-3.0071,-1,61.4876
166784,11855775,G,149.254,-37.9255,6.3719,-144.214,38.457,-2.0322,2.9751,-1,G,39.9452,33.4398,-2.7692,-21.6731,33.5542,-0.6078,-0.0826,1,90.7996
166784,11826346,G,54.5782,-45.6432,-29.7197,3.4926,54.4662,0.0641,-2.5644,1,G,61.2093,-5.4774,50.1647,-34.642,50.4628,-0.6416,1.6796,-1,96.9801
166784,11441131,G,267.226,34.1026,-39.5709,-262.07,52.2383,-2.3157,-0.8595,-1,G,143.538,-30.2131,18.5716,-139.088,35.4646,-2.0756,2.5904,1,85.6918
166784,11620427,G,103.274,32.3525,-17.5099,96.4998,36.7869,1.692,-0.4961,-1,G,72.6433,-42.7179,21.6685,54.6141,47.8993,0.9771,2.6722,1,89.3685
166784,11948678,G,72.1558,-23.7896,-59.3909,-33.3649,63.9784,-0.5004,-1.9518,1,G,29.3622,-0.8574,26.7755,12.0193,26.7892,0.4348,1.6028,-1,90.4379
166784,11777254,G,163.821,-37.0485,-3.7135,159.533,37.2342,2.1615,-3.0417,1,G,48.3813,35.2286,9.4465,31.7875,36.4732,0.7876,0.262,-1,91.5965
166784,12997930,G,47.9771,9.8142,46.8615,-3.0772,47.8782,-0.0642,1.3643,-1,G,43.0884,-9.0423,-41.2472,-8.5738,42.2267,-0.2017,-1.7866,1,90.1391
166784,12933683,G,53.8614,-10.0671,-29.071,-44.2104,30.7648,-1.1593,-1.9042,1,G,38.1851,7.5858,19.967,31.6522,21.3595,1.1847,1.2077,-1,90.6962
166784,12380510,G,115.431,-41.8318,19.9725,105.714,46.3551,1.5625,2.6961,-1,G,82.4769,42.7908,-15.7581,68.7245,45.6001,1.1987,-0.3528,1,93.3808
166784,13262966,G,76.8906,-57.7395,-14.7228,-48.5957,59.587,-0.7448,-2.8919,1,G,35.5777,22.2511,27.7449,-0.932,35.5653,-0.0262,0.8948,-1,93.6329
166784,13223396,G,106.527,-34.1024,25.8315,97.5592,42.7813,1.5624,2.4933,-1,G,46.2001,29.6288,-25.1809,24.9497,38.8838,0.6042,-0.7044,1,91.0865
166784,13282244,G,56.4553,33.6635,-30.4178,33.5963,45.3704,0.6855,-0.7348,1,G,61.4829,-29.4162,37.5716,38.771,47.7173,0.7424,2.2351,-1,92.7532
166784,13414084,G,165.629,-29.2807,14.3237,-162.389,32.5965,-2.3089,2.6866,1,G,33.2942,27.052,-12.6792,-14.6943,29.876,-0.4739,-0.4383,-1,90.576
166784,14058301,G,118.812,21.4817,-26.8087,113.737,34.3536,1.9124,-0.8953,1,G,29.3647,-29.3185,-0.325,1.6121,29.3203,0.055,-3.1305,-1,88.6186
166784,13952585,G,68.7901,22.8425,-39.6853,51.3358,45.7897,0.9645,-1.0485,1,G,32.7282,-21.0298,20.7283,-14.1142,29.5282,-0.4614,2.3634,-1,92.5087
166784,13700942,G,49.3904,-42.6477,-18.3023,-16.8995,46.4091,-0.3565,-2.7362,1,G,43.2998,35.2258,6.2037,24.4033,35.7679,0.6381,0.1743,-1,91.2891
166784,13513257,G,65.9024,-36.4304,17.3318,52.1109,40.3431,1.0734,2.6975,-1,G,34.3508,27.1015,-18.5217,-10.1204,32.826,-0.3036,-0.5995,1,90.5487
166784,14628280,G,47.2381,37.4561,-20.4679,-20.2369,42.6836,-0.4579,-0.5001,1,G,49.4632,-41.5629,20.5337,-17.2479,46.3585,-0.364,2.6827,-1,89.0458
166784,15135408,G,81.9206,21.4073,-41.3448,-67.4041,46.5582,-1.1654,-1.093,-1,G,84.5826,-26.7341,34.9447,-72.2382,43.9983,-1.271,2.2239,1,90.2996
166784,14853679,G,53.2493,-41.5964,-8.9764,-32.01,42.5539,-0.6949,-2.9291,-1,G,58.7577,46.3977,20.7745,-29.4639,50.8363,-0.5512,0.421,1,92.7592
166784,15082583,G,63.4512,-25.7151,-3.9304,57.8734,26.0138,1.5398,-2.9899,-1,G,26.4106,24.1748,5.0293,-9.3698,24.6924,-0.3709,0.2051,1,75.6238
166784,14533122,G,119.496,9.623,-47.2615,-109.33,48.2312,-1.557,-1.3699,1,G,45.5841,13.1489,22.0618,-37.6601,25.683,-1.176,1.0333,-1,67.0208
166784,14402235,G,58.3482,-23.136,24.6267,-47.5684,33.7898,-1.1425,2.325,-1,G,39.2645,21.4942,-28.6855,16.026,35.8449,0.4334,-0.9277,1,92.2721
166784,14775483,G,53.3459,-42.5014,-6.5192,-31.5737,42.9985,-0.6805,-2.9894,-1,G,64.4736,44.4144,-23.088,-40.6343,50.0569,-0.7418,-0.4794,1,88.245
166784,15008681,G,75.8721,-3.3331,50.6135,-56.4245,50.7231,-0.9587,1.6365,-1,G,47.2465,3.0845,-46.6879,-6.5531,46.7897,-0.1396,-1.5048,1,105.719
166784,15185107,G,289.116,59.0797,-64.0539,275.671,87.1396,1.8689,-0.8258,1,G,74.3454,-9.4441,20.5127,70.8326,22.5823,1.8608,2.0023,-1,87.6332
166784,15519017,G,180.069,-23.4577,42.2605,-173.461,48.3344,-1.9898,2.0775,-1,G,89.7665,40.7885,-10.3095,-79.2971,42.0712,-1.3909,-0.2476,1,87.1979
166784,15600435,G,82.8678,27.6614,20.7157,-75.3178,34.5586,-1.5211,0.6428,1,G,49.8689,-26.6189,-37.3305,-19.6155,45.849,-0.4157,-2.1902,-1,91.2665
166784,15975863,G,47.1088,0.3484,-29.9952,36.3234,29.9972,1.0229,-1.5592,1,G,43.834,23.6263,21.8331,-29.7745,32.1696,-0.8277,0.746,-1,87.0993
166784,16009223,G,96.2794,9.0888,-28.7284,91.4428,30.1318,1.8294,-1.2644,-1,G,27.6771,16.4914,-16.4827,-14.9119,23.3162,-0.6024,-0.7851,1,82.5219
166784,16134615,G,66.7811,-36.5129,26.0291,-49.4874,44.8409,-0.9528,2.5223,1,G,43.3395,35.7103,-19.5423,-14.8717,40.7079,-0.3577,-0.5007,-1,89.1164
166784,16508752,G,102.813,-34.6538,35.7678,-89.9461,49.8018,-1.3534,2.3404,1,G,53.7277,19.4994,-36.8206,-33.9216,41.6651,-0.7437,-1.0838,-1,94.5043
166784,16704512,G,44.3975,30.1941,-27.3738,-17.61,40.7555,-0.4197,-0.7364,1,G,49.6077,-41.5323,25.796,-8.3994,48.8914,-0.171,2.5858,-1,89.6072
166784,16759047,G,168.709,86.5688,6.3698,144.665,86.8028,1.2838,0.0734,1,G,33.4497,-20.387,26.4774,1.4817,33.4167,0.0443,2.227,-1,118.534
166784,16962156,G,78.1556,-18.7095,43.8246,-61.9488,47.6512,-1.0785,1.9743,1,G,177.018,14.639,-37.5652,-172.365,40.3168,-2.1594,-1.1992,-1,100.77
166784,16955307,G,37.9868,10.061,36.6197,-0.8733,37.9766,-0.023,1.3027,-1,G,62.3333,-14.7118,-43.1397,42.5201,45.5793,0.8331,-1.8995,1,90.9149
166784,16333041,G,44.3638,-33.7236,-20.5302,-20.2327,39.4813,-0.4923,-2.5947,1,G,49.207,44.213,20.669,-6.2707,48.8057,-0.1281,0.4373,-1,89.1236
166784,17030873,G,57.4459,-32.5754,-2.9997,-47.2215,32.7132,-1.163,-3.0498,1,G,34.6522,33.6786,0.675,8.1277,33.6854,0.239,0.02,-1,83.3494
166784,16903657,G,46.7657,43.7026,-2.4076,-16.4714,43.7689,-0.368,-0.055,1,G,44.5299,-37.1025,6.6808,-23.6997,37.6991,-0.5932,2.9634,-1,81.6049
166784,16701836,G,255.641,-21.4911,-53.8892,248.971,58.0165,2.1631,-1.9503,1,G,136.153,2.9817,37.1481,130.953,37.2676,1.9695,1.4907,-1,92.3985
166784,17760822,G,67.9572,40.0889,12.9292,-53.3281,42.1222,-1.0576,0.312,-1,G,56.0282,-44.0586,-17.1869,-30.0434,47.2922,-0.5988,-2.7697,1,91.5844
166784,17910783,G,188.032,-46.1248,20.2291,-181.161,50.3658,-1.992,2.7283,1,G,105.536,37.9193,-19.4309,-96.5531,42.6079,-1.5567,-0.4735,-1,94.8122
166784,17489819,G,53.6593,-31.4132,-4.6748,43.2513,31.7591,1.1156,-2.9939,1,G,38.4216,36.0624,-4.6129,-12.4271,36.3562,-0.3355,-0.1272,-1,86.1446
166784,17774769,G,67.9357,-34.7315,-17.3395,-55.7523,38.8193,-1.1588,-2.6785,1,G,47.7287,45.7471,4.0682,-12.9875,45.9276,-0.2791,0.0887,-1,91.4092
166784,17610469,G,57.2159,-50.9794,-4.0202,25.663,51.1377,0.4829,-3.0629,1,G,51.7621,49.6689,7.0523,12.7502,50.1671,0.2515,0.141,-1,101.93
166784,17948178,G,46.3532,44.3417,-12.6868,-4.6329,46.121,-0.1003,-0.2787,-1,G,50.9865,-41.9442,22.3115,-18.5065,47.5091,-0.3803,2.6527,1,94.0276
166784,17752145,G,45.328,-16.8757,-16.5813,-38.6638,23.6586,-1.267,-2.365,-1,G,45.9532,20.886,13.8813,38.5068,25.0782,1.2143,0.5866,1,91.1529
166784,18000444,G,96.7885,-8.1484,42.2518,-86.6971,43.0304,-1.4502,1.7613,-1,G,36.6904,15.1588,-31.9156,-9.8884,35.3326,-0.2763,-1.1274,1,91.2791
166784,18947795,G,210.592,37.4161,10.6139,-206.97,38.8924,-2.3736,0.2764,1,G,97.3368,-39.4609,-15.37,-87.6416,42.3485,-1.4743,-2.7702,-1,89.4298
166784,18521746,G,105.854,-22.4935,43.024,-94.0641,48.5492,-1.4153,2.0525,1,G,75.9322,13.6924,-40.8915,-62.4987,43.123,-1.1663,-1.2477,-1,91.9365
166784,18766049,G,51.8307,13.3863,22.628,-44.6675,26.291,-1.3003,1.0366,1,G,108.831,-73.551,-32.8881,-73.1633,80.5691,-0.8149,-2.7211,-1,90.571
166784,19761101,G,136.881,36.6765,-10.4199,131.463,38.128,1.9513,-0.2768,-1,G,47.4177,-36.7997,7.6883,28.8982,37.5942,0.708,2.9356,1,90.7891
166784,19272820,G,58.4931,-8.6156,25.6116,51.8772,27.0219,1.4072,1.8953,-1,G,31.1284,13.272,-23.2256,-15.9183,26.7502,-0.5646,-1.0516,1,81.9243
166784,19318684,G,60.3214,52.2457,-15.7563,-25.706,54.5698,-0.4552,-0.2929,-1,G,33.651,-26.2237,10.5753,-18.2445,28.2757,-0.6072,2.7583,1,78.7095
166784,19882457,G,243.25,19.3991,-41.0955,-238.968,45.4441,-2.3619,-1.1298,1,G,97.4716,-30.8955,27.8525,-88.15,41.5968,-1.4957,2.408,-1,93.6908
166784,20236513,G,111.384,-22.5517,16.6322,-107.801,28.0216,-2.0569,2.5061,1,G,20.6942,10.2353,-17.9481,-1.1592,20.6615,-0.0561,-1.0525,-1,73.6124
166784,20257329,G,86.176,-42.4054,-5.7988,-74.796,42.8,-1.3247,-3.0057,-1,G,51.917,39.7534,14.4412,-30.1079,42.2951,-0.6623,0.3484,1,89.3483
166784,22020004,G,72.7668,38.7846,13.4857,-60.074,41.0623,-1.1741,0.3346,1,G,51.6917,-43.001,-11.0244,-26.4838,44.3917,-0.5659,-2.8906,-1,89.2963
166784,21585907,G,46.6554,1.7524,-41.4665,-21.3113,41.5035,-0.4932,-1.5286,-1,G,45.3414,4.8628,37.3466,25.247,37.6619,0.6282,1.4413,1,91.5815
166784,21751605,G,92.1359,-30.1975,-25.2959,83.2901,39.3926,1.4936,-2.4443,1,G,129.845,42.0078,36.7228,117.245,55.7962,1.488,0.7184,-1,93.7601
166784,21997397,G,80.569,29.6358,-43.2965,61.1431,52.4678,0.9936,-0.9706,-1,G,53.2017,-19.998,33.4967,36.1726,39.0122,0.829,2.109,1,90.7487
166784,21783031,G,164.648,-47.2742,-4.7691,157.643,47.5141,1.9144,-3.041,-1,G,145.84,45.5991,7.5138,138.324,46.214,1.8163,0.1633,1,93.7862
166784,21768507,G,67.3149,-32.3213,32.0801,49.573,45.539,0.9426,2.3599,-1,G,43.1111,32.7242,-23.8644,14.7708,40.5016,0.3571,-0.6301,1,89.3651
166784,21486943,G,22.8985,-22.0761,-2.4237,-5.5769,22.2088,-0.2485,-3.0322,1,G,53.969,47.7998,-24.8686,-3.0609,53.882,-0.0568,-0.4797,-1,66.5389
166784,20452731,G,172.292,27.9847,-16.7664,-169.175,32.6229,-2.3482,-0.5398,-1,G,44.8715,-31.3793,17.996,-26.5504,36.1734,-0.6803,2.6209,1,94.0127
166784,20557419,G,63.6035,-9.4665,24.6877,57.8472,26.4405,1.5246,1.937,1,G,65.7691,2.5823,-58.438,30.0648,58.495,0.4937,-1.5266,-1,88.4436
166784,20391581,G,190.581,-32.3304,24.7993,186.174,40.7462,2.2242,2.4873,-1,G,123.123,37.543,-30.4281,113.243,48.3254,1.5874,-0.6811,1,93.2781
166784,20542317,G,97.2771,-1.0314,-45.7868,85.8215,45.7984,1.3858,-1.5933,-1,G,69.8863,3.2729,46.4469,52.1158,46.562,0.9633,1.5005,1,94.4004
166784,21040645,G,83.1673,-29.2489,-43.2161,-64.7585,52.1836,-1.0419,-2.1658,1,G,49.614,13.5337,37.1393,-29.9841,39.5284,-0.7,1.2213,-1,91.4923
166784,21033871,G,87.6932,-37.0208,-41.7733,67.6353,55.8171,1.0235,-2.2959,-1,G,26.6755,8.2112,25.2673,-2.3901,26.568,-0.0898,1.2566,1,87.8682
166784,20549856,G,150.585,-36.5985,65.4316,-130.595,74.9717,-1.3219,2.0808,1,G,63.982,41.9193,12.0843,-46.802,43.6263,-0.9319,0.2807,-1,92.3701
166784,21203890,G,55.435,3.4624,-49.199,25.3081,49.3207,0.4929,-1.5005,1,G,43.4264,-17.8967,38.9614,6.896,42.8752,0.1602,2.0014,-1,91.7786
166784,20717666,G,53.6994,47.0837,-25.0918,6.0943,53.3524,0.114,-0.4896,-1,G,50.1554,-36.774,-0.3274,-34.1045,36.7755,-0.8291,-3.1327,1,96.1708
166784,21134216,G,241.404,48.3244,26.6864,235.007,55.2034,2.1553,0.5046,1,G,94.1316,-29.5602,-24.4293,85.9661,38.3483,1.5468,-2.4509,-1,95.9324
166784,22755812,G,177.908,24.8759,-36.8604,172.261,44.4691,2.0636,-0.9771,-1,G,110.058,-23.7123,34.3605,101.832,41.7483,1.6244,2.1749,1,88.2599
166784,23254508,G,190.376,-4.1075,-44.2775,185.11,44.4676,2.1335,-1.6633,1,G,177.125,-0.4933,44.0682,171.555,44.0709,2.0684,1.582,-1,88.4659
166784,22479293,G,94.382,34.4643,11.3591,87.1271,36.2879,1.6098,0.3184,-1,G,29.4262,-13.807,-24.7396,-7.9504,28.3316,-0.2771,-2.0798,1,91.9443
166784,23033869,G,52.1633,-40.2438,6.6498,-32.5149,40.7895,-0.7304,2.9778,-1,G,43.2693,41.4524,-11.6604,4.2374,43.0611,0.0982,-0.2742,1,91.0011
166784,24148611,G,85.2409,-34.0213,12.3261,-77.1792,36.1854,-1.5015,2.794,-1,G,39.9015,36.3601,-12.3418,-10.8511,38.3976,-0.279,-0.3272,1,88.9148
166784,23536439,G,154.607,32.3958,-28.3555,148.492,43.0525,1.9516,-0.719,1,G,39.3672,-23.2235,20.481,24.3097,30.9645,0.721,2.4189,-1,87.2899
166784,24985236,G,140.725,-44.9238,23.6722,-131.244,50.7792,-1.6782,2.6566,1,G,115.606,49.1939,6.9401,-104.386,49.681,-1.488,0.1402,-1,96.0652
166784,24326070,G,108.997,-0.9366,-39.1363,101.724,39.1475,1.6832,-1.5947,1,G,27.2594,-6.712,26.2825,-2.6911,27.126,-0.099,1.8208,-1,92.3825
166784,25104230,G,65.3036,-35.5161,20.9436,-50.6411,41.2313,-1.0339,2.6088,-1,G,175.265,35.6755,-17.7404,-170.676,39.843,-2.1613,-0.4615,1,94.2424
166784,24673421,G,93.5943,-38.6658,-2.5114,85.197,38.7473,1.5292,-3.0767,-1,G,105.577,55.4306,-7.1998,89.5657,55.8962,1.2502,-0.1292,1,93.5504
166784,25028593,G,92.4769,-22.6327,37.2262,-81.5716,43.5664,-1.385,2.1171,-1,G,49.1658,20.9277,-19.4514,-40.0117,28.5714,-1.1382,-0.7489,1,70.4363
166784,24867811,G,137.278,9.2836,34.1664,-132.634,35.4052,-2.0312,1.3055,-1,G,167.569,-17.2978,-54.9694,-157.348,57.6268,-1.7296,-1.8757,1,91.3513
166784,25230397,G,130.359,-32.9502,-20.6845,-124.418,38.9046,-1.8793,-2.581,-1,G,50.7962,30.0945,26.2096,-31.4264,39.9077,-0.7229,0.7165,1,92.1465
166784,24547048,G,86.7593,22.6055,4.8592,-83.6214,23.1219,-1.9972,0.2117,1,G,38.2931,-38.2438,-1.3001,-1.441,38.2659,-0.0376,-3.1076,-1,90.2512
166784,28992044,G,130.542,-42.2548,9.0553,123.181,43.2142,1.7701,2.9305,1,G,124.085,28.243,-34.6861,115.742,44.7303,1.6793,-0.8874,-1,83.0479
166784,29033238,G,86.4561,6.6414,34.1153,-79.1625,34.7557,-1.5613,1.3785,1,G,32.7543,-4.4302,-32.3702,2.3192,32.6719,0.0709,-1.7068,-1,91.095
166784,28689429,G,59.4489,25.477,12.9801,-52.121,28.593,-1.3615,0.4712,-1,G,35.3438,-15.7004,-12.6415,29.0321,20.1571,1.1612,-2.4637,1,91.4158
166784,28973147,G,101.342,-11.1272,37.9903,-93.2902,39.5863,-1.5926,1.8557,-1,G,46.9804,29.9352,-28.6924,-22.0857,41.4653,-0.5102,-0.7642,1,90.8167
166784,28672362,G,223.744,34.3738,26.1792,219.532,43.2078,2.3282,0.6509,-1,G,76.2445,-30.8951,-19.6855,66.8669,36.6337,1.3626,-2.5743,1,88.9623
166784,28600599,G,76.5902,27.3239,-10.8966,70.7157,29.4165,1.611,-0.3795,-1,G,32.4736,-30.3592,8.4999,-7.7842,31.5266,-0.2445,2.8686,1,88.992
166784,30210592,G,70.7252,-19.6142,26.6468,-62.5082,33.0873,-1.3929,2.2053,-1,G,38.5539,33.614,-18.8712,-0.6102,38.5489,-0.0158,-0.5116,1,87.7584
166784,29327589,G,164.004,13.6786,-41.2202,-158.149,43.4305,-2.0039,-1.2504,-1,G,55.9839,-4.6767,38.4095,-40.4601,38.6932,-0.9133,1.692,1,94.1285
166784,29908981,G,34.2947,24.6926,-23.2385,-5.1345,33.908,-0.1509,-0.7551,-1,G,45.4429,-24.5459,19.8897,32.6642,31.5927,0.9052,2.4606,1,74.7594
166784,29487408,G,62.0245,-37.9448,-2.6594,48.9913,38.0379,1.0711,-3.0716,1,G,38.698,38.3378,1.9288,-4.9002,38.3863,-0.1273,0.0503,-1,90.5555
166784,26161939,G,90.8927,-27.887,-29.2184,-81.4253,40.3906,-1.4507,-2.3329,-1,G,53.4603,27.4386,32.3881,-32.498,42.4484,-0.7056,0.8679,1,88.5947
166784,25767557,G,58.8483,27.858,-7.3701,-51.3101,28.8164,-1.341,-0.2586,1,G,44.8424,-40.8513,13.3858,-12.7602,42.9885,-0.2926,2.8249,-1,80.2605
166784,25282562,G,63.135,11.7113,41.8192,-45.826,43.4281,-0.9199,1.2977,1,G,36.0062,-18.252,-29.2861,10.2774,34.5081,0.2936,-2.1281,-1,91.4627
166784,25750713,G,95.2262,26.4408,-35.3164,-84.3899,44.1176,-1.404,-0.9281,1,G,37.6156,-27.418,23.7778,-9.8888,36.2923,-0.2692,2.4272,-1,92.8675
166784,25607495,G,80.2182,-11.2469,-43.9238,66.1751,45.3409,1.1721,-1.8215,-1,G,68.4654,4.1881,47.8923,48.7472,48.0751,0.8912,1.4836,1,93.9898
166784,25543514,G,128.772,-23.6693,32.6764,-122.287,40.3483,-1.8281,2.1977,-1,G,70.7053,38.2248,-24.3897,-54.2516,45.3431,-1.0137,-0.5679,1,91.3488
166784,27057240,G,85.1767,12.6119,-20.8404,-81.6191,24.3594,-1.9239,-1.0266,1,G,56.4138,21.213,48.6621,-19.0922,53.0848,-0.3523,1.1597,-1,89.3696
166784,27132057,G,158.798,-38.7695,5.8431,153.882,39.2073,2.0763,2.992,1,G,58.4173,37.2279,-3.3842,44.891,37.3814,1.0165,-0.0907,-1,87.5414
166784,26473651,G,46.2378,-35.7639,-26.2768,12.9765,44.3794,0.2884,-2.5079,1,G,52.132,35.7469,25.7707,27.8524,44.0678,0.5961,0.6246,-1,89.495
166784,26328466,G,43.5971,-2.3936,29.1691,32.313,29.2672,0.9531,1.6527,1,G,52.3936,-2.8199,-41.411,-31.9728,41.5069,-0.7093,-1.6388,-1,95.0634
166784,27491420,G,68.2179,24.1159,-5.2503,63.5966,24.6808,1.6754,-0.2144,1,G,42.0311,-41.9009,-3.0994,1.1459,42.0154,0.0273,-3.0678,-1,87.0473
166784,27573555,G,81.8143,-34.5284,7.2496,-73.816,35.2813,-1.4841,2.9346,1,G,35.6153,35.475,-3.0429,0.8423,35.6052,0.0237,-0.0856,-1,91.9019
166784,28217718,G,67.3698,-33.3669,18.2944,55.5935,38.0531,1.1729,2.6401,1,G,40.3612,37.7967,12.2677,-7.066,39.7377,-0.1769,0.3138,-1,91.0899
166784,27867806,G,33.3134,8.2666,30.6178,-10.1971,31.7142,-0.3162,1.3071,1,G,65.1155,-32.3062,-32.6914,46.1259,45.9611,0.8839,-2.3503,-1,88.4034
166784,27898894,G,171.37,-47.9489,10.4365,164.194,49.0716,1.9225,2.9273,1,G,108.621,41.0363,-12.5151,99.7889,42.9022,1.5806,-0.296,-1,93.0361
166784,27338839,G,137.4,-40.7481,-17.8157,-130.004,44.4725,-1.7939,-2.7294,-1,G,120.031,44.3006,17.3545,-110.199,47.5786,-1.5767,0.3734,1,92.5248
166784,27465841,G,68.66,-35.3122,4.7132,58.6943,35.6254,1.2739,3.0089,1,G,35.7025,34.7175,-5.759,-6.0157,35.1919,-0.1701,-0.1644,-1,90.0836
166784,27722709,G,66.013,28.9074,13.6205,57.7628,31.9556,1.3541,0.4403,-1,G,47.6096,-43.7017,-15.8288,10.3092,46.48,0.22,-2.7941,1,89.736
166784,30662208,G,56.3165,-5.4479,-49.4168,-26.4544,49.7162,-0.5097,-1.6806,1,G,49.9202,-0.8021,43.8382,-23.866,43.8455,-0.5205,1.5891,-1,93.1875
166784,30662930,G,89.8742,6.809,-35.8165,82.1473,36.458,1.5515,-1.3829,1,G,38.6893,11.562,36.2116,7.2039,38.0126,0.1884,1.2617,-1,90.5941
166784,31228306,G,81.7948,-30.7888,-31.5146,68.9149,44.0581,1.2299,-2.3445,-1,G,199.656,28.0674,32.3001,195.017,42.791,2.2217,0.8554,1,97.7076
166784,31001925,G,192.212,44.9093,6.6029,-186.775,45.3921,-2.1222,0.146,-1,G,141.205,-45.4595,-6.3914,-133.534,45.9066,-1.7892,-3.0019,1,92.5651
166784,30919726,G,73.6934,32.353,-20.2061,-63.0531,38.1446,-1.2767,-0.5583,-1,G,90.4041,-42.1537,21.1343,-77.1317,47.155,-1.2678,2.6769,1,84.7307
166784,30496815,G,78.9257,-15.9944,-38.3884,-67.0803,41.5871,-1.2559,-1.9656,-1,G,37.8468,10.8446,35.699,-6.3516,37.3099,-0.1694,1.2759,1,90.608
166784,31746865,G,161.539,-35.6736,-8.9579,157.296,36.7811,2.1597,-2.8956,-1,G,110.839,46.4916,20.5839,98.4886,50.8446,1.4151,0.4168,1,92.2586
166784,32068469,G,122.611,-32.7387,-4.3356,-118.08,33.0246,-1.9863,-3.0099,1,G,27.6111,26.2968,-8.2919,-1.4439,27.5731,-0.0523,-0.3055,-1,89.8879
166784,31655854,G,75.1512,29.3478,-39.9411,56.4898,49.5639,0.9768,-0.9371,-1,G,41.5912,-36.4269,-19.9606,2.1136,41.5373,0.0509,-2.6403,1,80.9696
166784,31720670,G,102.892,-20.1582,23.2329,-98.1866,30.7591,-1.8775,2.2854,1,G,50.8207,27.6594,-33.2323,-26.7077,43.2369,-0.5839,-0.8767,-1,88.7283
166784,31321741,G,115.435,33.2722,-26.7175,107.259,42.6715,1.6523,-0.6766,-1,G,95.3769,-36.6022,27.3717,83.7126,45.7049,1.3657,2.4995,1,89.2199
166784,32964681,G,139.576,-2.1542,-34.0566,-135.34,34.1246,-2.0864,-1.634,-1,G,44.6012,-3.4021,38.2567,-22.674,38.4076,-0.5605,1.6595,1,94.3623
166784,33181985,G,89.6517,25.4407,13.5077,-84.8983,28.8043,-1.8017,0.4881,1,G,43.4933,-34.2282,-24.7475,-10.3754,42.2375,-0.2432,-2.5156,-1,91.9073
166784,32634915,G,125.668,-30.7258,-9.1849,-121.507,32.0693,-2.0422,-2.8511,-1,G,65.9159,32.5736,34.9293,-45.429,47.7608,-0.8464,0.8203,1,90.3907
166784,33069035,G,90.8217,1.2107,-40.1761,-81.4431,40.1943,-1.4553,-1.5407,-1,G,65.7855,-4.861,45.7106,-47.0599,45.9684,-0.8981,1.6767,1,89.2683
166784,32662843,G,57.6075,19.4798,30.6038,44.75,36.2774,1.0373,1.004,1,G,35.5165,6.08,-26.9807,-22.282,27.6572,-0.7371,-1.3492,-1,86.6073
166784,32680380,G,53.8671,-5.0698,23.5718,48.1697,24.1109,1.4427,1.7827,-1,G,78.693,46.9542,-46.2782,42.9675,65.927,0.6127,-0.7781,1,83.6439
166784,33151590,G,56.7782,-26.6068,2.47,50.0972,26.7212,1.3862,3.049,1,G,34.7135,25.8281,-6.3693,-22.3015,26.6018,-0.7623,-0.2418,-1,87.0765
166784,32493709,G,44.5973,-36.3064,-2.171,25.8077,36.3712,0.6605,-3.0819,-1,G,51.6175,48.5756,3.0455,17.1899,48.671,0.3462,0.0626,1,85.1892
166784,33697259,G,141.52,-35.2306,15.1241,-136.228,38.3397,-1.9802,2.7361,-1,G,137.372,49.6571,26.807,-125.246,56.4308,-1.5377,0.495,1,86.2893
166784,33720814,G,103.679,5.085,40.4497,-95.3269,40.768,-1.5854,1.4457,-1,G,126.245,-5.6552,-53.8063,-114.064,54.1026,-1.491,-1.6755,1,94.0289
166784,34100087,G,43.2013,41.9792,-7.8355,6.5341,42.7042,0.1524,-0.1845,-1,G,47.6124,-41.4322,6.7731,-22.4594,41.9822,-0.5123,2.9796,1,89.3985
166784,34246937,G,38.2175,8.6002,-27.1087,25.5289,28.4402,0.8071,-1.2636,-1,G,60.309,-10.4561,51.3613,-29.8303,52.4148,-0.5422,1.7716,1,95.3799
166784,34297480,G,73.8457,33.2057,-35.2641,-55.7404,48.4374,-0.9841,-0.8155,1,G,62.206,-32.8448,38.0979,-36.597,50.3014,-0.6751,2.2823,-1,99.8784
166784,35175080,G,50.1974,32.3145,3.5223,38.2509,32.5059,1.001,0.1086,1,G,41.2148,-34.3599,-4.5988,-22.2912,34.6662,-0.6054,-3.0085,-1,89.9785
166784,34810347,G,165.964,35.5972,20.6225,160.784,41.1394,2.0722,0.5251,1,G,220.545,-33.1092,-22.0595,216.927,39.7849,2.3975,-2.5539,-1,81.9467
166784,34819135,G,59.3906,-28.2977,9.5018,51.3438,29.8504,1.3109,2.8176,-1,G,38.7741,34.2722,-8.6436,-15.9412,35.3454,-0.437,-0.2471,1,91.3593
166784,34518454,G,151.677,16.95,-38.637,-145.691,42.1915,-1.9527,-1.1574,1,G,74.3476,-64.7589,-10.0842,-35.102,65.5393,-0.5128,-2.9871,-1,117.225
166784,34390583,G,85.7795,-39.9614,6.7612,-75.6008,40.5293,-1.3817,2.974,1,G,29.3511,25.5232,-4.8118,13.6705,25.9729,0.5046,-0.1863,-1,95.9553
166784,36089285,G,38.2671,23.3919,23.6076,-18.97,33.234,-0.5436,0.79,1,G,57.5379,-28.3504,-31.0827,39.252,42.0699,0.8332,-2.3102,-1,93.2028
166784,35801003,G,96.5738,8.7035,-18.213,94.4405,20.1858,2.2474,-1.125,-1,G,31.7054,-13.1522,28.6044,-3.7456,31.4832,-0.1187,2.0018,1,90.0121
166784,35490118,G,57.2289,5.3667,33.0434,46.4163,33.4764,1.1301,1.4098,1,G,26.0823,8.8599,-23.2281,-7.8887,24.8605,-0.3122,-1.2064,-1,71.8167
166784,35625854,G,86.1871,43.8855,-8.9142,-73.6396,44.7817,-1.2723,-0.2004,-1,G,48.0486,-38.2598,11.9257,-26.5071,40.0753,-0.6208,2.8394,1,89.1579
166784,35932212,G,67.2831,14.2125,-23.4126,61.4562,27.3888,1.5476,-1.0252,-1,G,40.0154,-19.1455,34.4865,-6.7346,39.4445,-0.1699,2.0776,1,91.4962
166784,35403895,G,181.713,13.7156,50.911,173.895,52.7261,1.9087,1.3076,1,G,68.1021,-10.5566,-36.6346,56.43,38.1253,1.1837,-1.8514,-1,95.6245
166784,35730469,G,122.925,-19.4619,40.0141,114.589,44.496,1.6748,2.0235,1,G,79.3141,19.7579,-39.9471,65.6092,44.5662,1.1792,-1.1115,-1,91.8103
166784,35280015,G,184.671,10.1898,31.9422,-181.601,33.5281,-2.391,1.262,-1,G,48.1686,27.6551,-27.9444,-27.8301,39.3153,-0.6591,-0.7906,1,94.3628
166784,35615724,G,112.229,-24.3437,-20.9953,-107.527,32.1468,-1.9222,-2.4299,1,G,30.0786,12.8367,27.1287,-1.9915,30.0125,-0.0663,1.1288,-1,89.9294
166784,37009593,G,76.6553,-13.4392,40.9141,63.4149,43.0648,1.1794,1.8882,1,G,40.0333,6.7161,-39.0138,5.9554,39.5877,0.1499,-1.4003,-1,93.5691
166784,36673040,G,40.7267,-38.068,-14.2949,-2.2665,40.6634,-0.0557,-2.7824,-1,G,51.6722,32.3064,21.4592,34.1438,38.7841,0.7942,0.5863,1,86.2373
166784,36593493,G,127.248,30.2968,-65.3319,104.909,72.0149,1.1705,-1.1366,1,G,21.6368,11.7113,17.63,-4.491,21.1654,-0.2106,0.9844,-1,89.6814
166784,36480139,G,54.6307,-29.1424,0.4316,46.2065,29.1456,1.2412,3.1268,-1,G,55.5796,47.7565,-25.2966,12.9798,54.0426,0.2379,-0.4871,1,87.6273
166784,37151899,G,82.0324,22.1529,-55.1617,56.5308,59.4438,0.8463,-1.1889,1,G,47.3128,-39.9348,12.1381,22.2793,41.7387,0.5112,2.8465,-1,91.3888
166784,36958074,G,101.886,17.3481,-38.5027,92.7215,42.2305,1.5278,-1.1475,1,G,30.0853,19.501,22.1047,6.017,29.4773,0.2027,0.8479,-1,77.7194
166784,36832375,G,183.712,12.5934,-32.215,-180.426,34.589,-2.354,-1.1981,-1,G,30.5966,-26.6429,7.418,-13.087,27.6563,-0.4571,2.87,1,87.5697
166784,37890189,G,49.6334,1.8044,-49.3348,-5.1275,49.3678,-0.1037,-1.5342,-1,G,42.0132,-3.612,36.5418,20.4144,36.7199,0.5307,1.6693,1,89.4343
166784,37286846,G,48.829,-12.5891,22.0414,-41.7127,25.3833,-1.2717,2.0897,1,G,237.343,-22.4319,-88.5235,-219.071,91.3215,-1.609,-1.819,-1,90.7742
166784,37811702,G,164.87,-41.8289,-58.7047,-148.277,72.0825,-1.4689,-2.1899,-1,G,52.66,-24.5282,30.9002,-34.88,39.4519,-0.797,2.2417,1,92.7162
166784,37496311,G,111.398,46.229,-15.6172,-100.142,48.7957,-1.4668,-0.3258,-1,G,97.6957,-44.2533,16.1509,-85.5876,47.1084,-1.3586,2.7917,1,96.0228
166784,37966189,G,105.748,9.747,-29.3125,-101.136,30.8906,-1.9017,-1.2498,1,G,33.8387,-8.6006,32.425,-4.4382,33.5463,-0.1319,1.8301,-1,91.2559
166784,37548124,G,36.5991,-33.2374,-14.4954,4.9638,36.2607,0.1365,-2.7303,-1,G,72.9128,52.8995,0.3352,50.1776,52.9005,0.8445,0.0063,1,91.4612
166784,38956816,G,45.807,30.1663,-16.9122,-30.0373,34.5837,-0.7853,-0.511,1,G,35.5218,-32.5811,14.1443,-0.4421,35.5189,-0.0124,2.732,-1,75.3119
166784,38837344,G,62.0187,12.096,-25.7375,-55.1141,28.4382,-1.4156,-1.1315,1,G,50.4357,-17.7469,26.5563,39.0328,31.9404,1.03,2.1599,-1,111.152
166784,39093816,G,92.4533,-22.8745,25.2046,85.9598,34.037,1.6566,2.3078,-1,G,85.4188,25.0497,-50.1853,64.4229,56.0897,0.9826,-1.1078,1,91.623
166784,39604465,G,39.2029,-15.1268,-17.2744,-31.7747,22.9613,-1.1285,-2.29,1,G,41.5371,14.3403,16.5677,35.2872,21.9119,1.2545,0.8573,-1,80.6566
166784,39519609,G,48.1499,34.8042,-12.0525,31.0131,36.832,0.7651,-0.3334,1,G,46.3667,-38.1026,23.7843,11.5045,44.9166,0.2534,2.5836,-1,83.5292
166784,39892533,G,169.186,24.5795,20.0576,-166.185,31.7247,-2.3581,0.6844,-1,G,25.7049,-20.898,-9.0602,-11.9128,22.7775,-0.5017,-2.7325,1,78.289
166784,39968221,G,59.3266,16.3885,-44.2728,35.9301,47.2087,0.702,-1.2163,1,G,37.7939,11.5564,35.9833,-0.1325,37.7935,-0.0035,1.26,-1,85.4476
166784,39579047,G,49.0225,46.0977,-14.819,7.6546,48.4211,0.1574,-0.311,-1,G,45.7511,-41.3776,19.0586,-4.2204,45.5559,-0.0925,2.71,1,94.4986
166784,40167485,G,137.073,-6.1649,36.8194,131.891,37.3319,1.9747,1.7367,-1,G,90.5809,18.8519,-39.6381,79.2358,43.8927,1.353,-1.1269,1,84.1588
166784,40567469,G,136.886,33.9868,-27.1477,129.791,43.4983,1.8133,-0.674,-1,G,64.0165,-29.2275,27.5522,49.847,40.1668,1.042,2.3857,1,89.8289
166784,40898106,G,44.1967,21.375,-16.4128,-35.0296,26.9494,-1.0783,-0.6548,-1,G,45.9807,-27.8683,17.126,32.3152,32.71,0.8728,2.5906,1,89.8996
166784,40328214,G,37.4446,33.9181,-15.7419,1.9602,37.3931,0.0524,-0.4345,1,G,67.2233,-43.3146,19.304,47.6463,47.4215,0.8847,2.7224,-1,91.6166
166784,40617943,G,61.0893,-19.5397,16.4456,-55.4944,25.5394,-1.5184,2.442,1,G,33.8518,20.0806,-14.7837,22.8942,24.9357,0.8223,-0.6346,-1,89.1515
166784,41522201,G,217.824,-29.6184,-31.2667,-213.524,43.068,-2.3041,-2.3291,1,G,84.1003,32.3843,25.2792,-73.383,41.0826,-1.3437,0.6628,-1,93.8043
166784,41397941,G,45.7581,31.9397,-17.9217,27.4311,36.6241,0.6923,-0.5113,-1,G,75.6241,-47.9286,34.5147,47.229,59.0628,0.7324,2.5175,1,92.8899
166784,41882604,G,34.0078,-32.9784,0.4237,8.2925,32.9811,0.2489,3.1288,-1,G,84.4165,40.9294,-65.9918,33.1058,77.6539,0.4144,-1.0156,1,89.152
166784,41900798,G,92.2972,-7.5672,22.9551,89.0761,24.1702,2.0154,1.8892,1,G,34.643,20.6737,-27.6366,-2.9898,34.5136,-0.0865,-0.9285,-1,92.2455
166784,42589169,G,209.571,-40.6657,36.0296,-202.406,54.3308,-2.0259,2.4166,-1,G,37.574,22.0268,-18.8484,-23.9029,28.9904,-0.7517,-0.7078,1,96.033
166784,42796522,G,110.777,-27.1579,-36.6163,100.961,45.5884,1.5357,-2.209,1,G,106.472,25.9858,33.6292,97.622,42.4993,1.5691,0.9129,-1,88.0418
166784,42880625,G,85.3711,7.5193,-44.7291,-72.3255,45.3567,-1.2461,-1.4042,1,G,67.6361,-20.1649,39.2529,-51.2564,44.1295,-0.9911,2.0454,-1,89.1561
166784,42241048,G,36.1683,33.2,-14.277,-1.4384,36.1396,-0.0398,-0.4061,-1,G,64.3396,-48.5616,14.7375,39.5494,50.7486,0.7164,2.847,1,91.7236
166784,42499576,G,66.1401,6.4811,33.6349,-56.5791,34.2536,-1.2761,1.3804,1,G,32.9764,0.5726,-27.4455,18.2715,27.4515,0.6243,-1.5499,-1,90.9316
166784,43197118,G,108.478,-19.2863,-9.2043,-106.352,21.3701,-2.3079,-2.6963,1,G,26.6158,25.5393,4.7218,5.8172,25.9721,0.2221,0.1828,-1,89.9103
166784,43376290,G,77.0764,-13.3356,-38.1671,-65.6216,40.4298,-1.2612,-1.9069,1,G,57.1917,15.0534,45.4699,-31.2531,47.897,-0.6133,1.2511,-1,92.6657
166784,43641714,G,48.0563,33.573,-24.0897,-24.5345,41.3214,-0.5635,-0.6224,-1,G,67.4376,-52.4656,10.3991,-41.0735,53.4862,-0.7074,2.9459,1,92.1415
166784,44102708,G,74.6634,2.0877,-40.9064,62.4254,40.9596,1.208,-1.5198,-1,G,33.185,-1.3603,32.7271,5.3217,32.7554,0.1618,1.6123,1,83.5117
166784,43283987,G,126.799,6.1338,-28.9106,-123.307,29.5542,-2.1357,-1.3617,1,G,24.0764,7.8856,22.7103,-1.3128,24.0404,-0.0546,1.2366,-1,83.6566
166784,43965902,G,45.5888,-34.0227,-29.8594,-5.4033,45.2673,-0.1191,-2.4213,1,G,46.6015,40.3632,21.139,-9.7797,45.5636,-0.213,0.4824,-1,90.2899
166784,43730244,G,125.556,-14.3894,-25.8359,-122.023,29.5727,-2.1249,-2.079,1,G,54.2161,5.9748,41.9104,-33.8703,42.3341,-0.7327,1.4292,-1,87.6693
166784,45016504,G,100.927,39.8959,-12.6031,91.8462,41.8392,1.5277,-0.306,-1,G,74.2579,-35.8921,25.2402,59.9076,43.8783,1.1177,2.5287,1,86.5148
166784,45033455,G,180.821,-50.68,23.6095,-171.96,55.9095,-1.8421,2.7056,-1,G,90.2698,33.1003,-10.6875,-83.2993,34.7829,-1.6075,-0.3123,1,88.6381
166784,44590604,G,136.532,-21.4843,-27.4473,-132.007,34.8558,-2.0418,-2.2349,1,G,327.9,45.701,43.007,-321.839,62.7549,-2.3373,0.755,-1,94.2965
166784,44804404,G,82.6984,-12.0169,27.2398,-77.1531,29.7727,-1.6806,1.9863,1,G,38.4317,5.243,-19.9033,32.4555,20.5823,1.2367,-1.3132,-1,112.138
166784,44973596,G,197.534,37.5165,14.2398,-193.416,40.1281,-2.2765,0.3628,-1,G,64.8824,-35.5403,-13.0923,-52.6801,37.8751,-1.1327,-2.7886,1,91.0731
166784,45003564,G,127.482,56.1364,13.0844,113.707,57.6411,1.4313,0.229,-1,G,120.734,-35.3922,-9.7166,115.021,36.7017,1.86,-2.8737,1,94.0936
166784,44804826,G,44.7044,-31.8876,-27.5802,14.8657,42.1602,0.3457,-2.4285,-1,G,52.2296,23.7041,42.4102,19.1679,48.5851,0.3849,1.0611,1,89.1685
166784,44431935,G,87.1734,29.3966,-39.0572,-72.1773,48.8837,-1.1817,-0.9256,-1,G,67.0186,-17.8413,35.0263,-54.2801,39.3084,-1.1268,2.0419,1,87.3723
166784,44707371,G,45.257,-37.5613,-0.5411,-25.2397,37.5652,-0.6295,-3.1272,1,G,42.9412,38.9074,-2.68,17.9713,38.9996,0.4459,-0.0688,-1,87.8289
166784,45119766,G,121.571,26.1285,25.1724,-116.03,36.2815,-1.8793,0.7668,1,G,156.694,-45.1702,-27.237,-147.549,52.7466,-1.7523,-2.599,-1,87.121
166784,45541426,G,42.8844,10.3345,-41.3568,4.6769,42.6285,0.1095,-1.3259,-1,G,51.8837,-10.4405,46.8573,19.6798,48.0064,0.3992,1.79,1,91.4192
166784,45497862,G,72.2373,35.2752,8.2898,62.4912,36.2362,1.3132,0.2308,-1,G,42.2289,-42.1326,-1.0721,2.639,42.1462,0.0626,-3.1162,1,93.6026
166784,46094510,G,215.781,45.9216,2.3465,210.825,45.9815,2.2276,0.0511,-1,G,114.084,-41.745,3.221,106.123,41.8691,1.66,3.0646,1,91.1395
166784,45283348,G,89.5905,-42.5199,53.7725,-57.6804,68.5523,-0.7647,2.2399,-1,G,33.5353,20.9009,-21.8537,-14.4974,30.2396,-0.4627,-0.8077,1,92.0009
166784,45325968,G,170.828,2.8805,-34.9825,-167.183,35.1008,-2.2649,-1.4886,-1,G,72.6003,-14.9134,40.3508,-58.4825,43.0185,-1.1142,1.9248,1,90.3265
166784,46458066,G,40.8268,33.9349,-18.7553,-12.7861,38.7729,-0.3241,-0.5049,1,G,51.8752,-40.8849,18.6019,25.9503,44.9178,0.5496,2.7146,-1,91.4989
166784,47038811,G,45.1471,-29.0221,-7.8338,-33.6839,30.0608,-0.9641,-2.8779,-1,G,44.8601,19.9862,-6.3153,39.6621,20.9603,1.3944,-0.3061,1,88.2254
166784,46600141,G,61.4893,10.1392,18.5812,57.7309,21.1676,1.7285,1.0713,-1,G,26.8936,4.8903,-26.2151,-3.4793,26.6674,-0.1301,-1.3864,1,67.7062
166784,47026901,G,42.4197,-32.9744,-18.1518,-19.5606,37.6404,-0.4987,-2.6384,-1,G,52.9308,35.8096,21.6294,32.427,41.8349,0.7131,0.5434,1,94.3718
166784,46605028,G,45.1109,-44.5731,-5.1449,-4.6634,44.8691,-0.1037,-3.0267,-1,G,46.3858,45.7831,2.8026,-6.9049,45.8688,-0.15,0.0611,1,90.7241
166784,46194686,G,83.782,30.5925,-4.7347,77.8531,30.9568,1.6527,-0.1535,1,G,29.7957,-27.3353,0.9021,-11.8212,27.3502,-0.4198,3.1086,-1,92.2735
166784,46216486,G,140.839,-57.5418,-17.3651,-127.369,60.1049,-1.4957,-2.8485,1,G,20.083,10.8895,-16.796,-1.622,20.0172,-0.0809,-0.9956,-1,76.9004
166784,47544491,G,172.653,-41.6632,-12.8401,-167.058,43.5969,-2.0531,-2.8426,1,G,51.1074,35.8663,12.2481,-34.2864,37.8999,-0.8123,0.3291,-1,97.4435
166784,48046060,G,68.1628,29.8355,25.2202,-55.8565,39.0668,-1.1552,0.7018,-1,G,44.2383,-34.7513,-24.6419,-11.9225,42.6013,-0.2763,-2.5248,1,89.5295
166784,47223404,G,45.1674,26.1887,20.4584,-30.589,33.2324,-0.824,0.6632,1,G,45.9311,-25.6021,-20.8587,31.9234,33.0235,0.8576,-2.4579,-1,91.0859
166784,48032146,G,49.9427,30.3239,-1.0276,-39.6695,30.3413,-1.083,-0.0339,1,G,43.1298,-33.9465,5.7107,25.9843,34.4235,0.697,2.9749,-1,91.8702
166784,48030935,G,100.868,21.4017,16.4219,-97.1934,26.9761,-1.9936,0.6545,1,G,46.9056,-31.6904,-20.1189,-28.1259,37.5374,-0.6926,-2.5759,-1,77.54
166784,48028966,G,77.5227,15.769,36.3501,66.6316,39.6231,1.2915,1.1615,1,G,30.6823,8.7584,-23.8172,-17.246,25.3765,-0.6359,-1.2184,-1,92.2536
166784,47208607,G,87.2589,4.226,40.14,-77.363,40.3618,-1.4058,1.4659,1,G,43.6942,-14.8088,-37.6085,-16.5974,40.4191,-0.3999,-1.9459,-1,90.5636
166784,48201061,G,46.4343,15.3055,22.1746,-37.8175,26.9439,-1.1401,0.9667,-1,G,35.3471,-21.2728,-21.4233,18.3825,30.1909,0.5764,-2.3527,1,79.2106
166784,48368493,G,137.57,39.1504,-3.8898,-131.825,39.3432,-1.9239,-0.099,-1,G,42.0569,-33.4523,9.7197,-23.5636,34.8357,-0.6332,2.8588,1,89.7442
166784,49072043,G,56.5305,29.3911,-12.6655,46.5986,32.0039,1.1701,-0.4069,-1,G,53.473,-47.8037,11.4951,21.0244,49.1663,0.4156,2.9056,1,84.7791
166784,48312035,G,101.207,14.7125,23.6848,97.2908,27.8824,1.9628,1.015,-1,G,26.4046,-15.5073,-17.6669,-12.0248,23.5074,-0.4915,-2.2912,1,94.7507
166784,48581904,G,109.86,-30.8256,48.2381,-93.7666,57.2462,-1.2689,2.1394,-1,G,40.2974,21.1383,-24.7917,-23.7153,32.58,-0.6754,-0.8648,1,90.0101
166784,48216234,G,52.7415,43.4986,-9.0537,28.4176,44.4308,0.6025,-0.2052,-1,G,42.5392,-41.039,11.0896,1.5463,42.5109,0.0364,2.8777,1,90.3902
166784,48713781,G,121.341,-26.7204,14.0064,-117.53,30.1688,-2.0691,2.6588,1,G,50.3394,40.2716,-11.3673,-27.9827,41.8452,-0.6269,-0.2751,-1,90.0523
166784,49766453,G,93.2322,-29.4058,-22.7867,85.4885,37.2013,1.5695,-2.4823,1,G,42.9007,32.4444,23.1411,15.8844,39.8516,0.3887,0.6196,-1,90.8094
166784,49875685,G,106.875,-33.6658,56.9044,83.9686,66.1173,1.06,2.105,-1,G,47.4291,21.8492,-24.9433,33.9109,33.1595,0.8973,-0.8514,1,93.5573
166784,49341811,G,58.6349,-20.7398,-53.0148,14.0477,56.9272,0.2443,-1.9437,1,G,45.9613,37.0361,22.4563,15.3777,43.3123,0.348,0.5451,-1,94.2079
166784,49195863,G,134.025,-26.6958,-29.1238,128.07,39.5078,1.8922,-2.3127,-1,G,47.9775,18.6239,34.0802,28.1695,38.837,0.6733,1.0707,1,92.8683
166784,49780542,G,37.2242,-16.0763,-26.1834,-21.0146,30.7248,-0.6395,-2.1214,-1,G,45.0378,-4.8531,31.2645,32.0526,31.6389,0.8906,1.7248,1,78.6215
166784,49933030,G,79.2185,24.5991,-24.808,-71.0986,34.9364,-1.4592,-0.7896,1,G,36.5014,-35.0768,-6.8256,7.4409,35.7348,0.2067,-2.9494,-1,90.7101
166784,49880732,G,63.0825,38.5278,4.1574,49.7766,38.7514,1.069,0.1075,1,G,37.9112,-37.7195,-2.4378,2.9239,37.7982,0.0773,-3.077,-1,86.1323
166784,49180096,G,60.1769,-44.7633,31.6666,24.7934,54.8318,0.438,2.5259,-1,G,42.7079,31.4068,-18.3777,22.3568,36.3886,0.5811,-0.5294,1,89.4826
166784,49861831,G,54.0675,35.3384,-25.1245,-32.2992,43.3594,-0.6891,-0.6181,1,G,39.3551,-29.8198,22.5339,12.3213,37.3764,0.324,2.4945,-1,91.0576
166784,50938521,G,90.2242,82.6014,-1.5517,-36.2631,82.6159,-0.4259,-0.0188,1,G,35.7672,21.7318,-12.8552,25.3329,25.2493,0.8837,-0.5342,-1,68.2746
166784,50551155,G,38.4001,21.5972,-31.1019,6.3864,37.8651,0.1679,-0.9638,1,G,47.611,-16.8326,30.1875,-32.744,34.5633,-0.8437,2.0795,-1,81.729
166784,50559392,G,92.1196,-36.0643,-8.7154,84.3173,37.1024,1.5593,-2.9045,-1,G,58.6394,33.7748,4.7046,47.7043,34.1008,1.1374,0.1384,1,72.6445
166784,51506064,G,48.1837,-37.093,-21.1225,22.3518,42.6855,0.5023,-2.6239,-1,G,45.4691,39.1877,13.4157,-18.7557,41.4205,-0.4386,0.3298,1,93.2423
166784,51545088,G,107.037,28.7832,29.1372,98.8907,40.9567,1.615,0.7915,1,G,50.4149,-26.2389,-33.7572,26.7136,42.7555,0.59,-2.2315,-1,94.7983
166784,51790848,G,315.929,-25.5557,-53.756,-310.271,59.5214,-2.3533,-2.0146,1,G,50.8635,-23.6765,24.7787,-37.5836,34.2719,-0.9481,2.3335,-1,101.342
166784,51468667,G,145.829,6.4962,46.1607,-138.178,46.6156,-1.8071,1.431,-1,G,40.8864,-12.9787,-29.4225,-25.2498,32.1579,-0.7211,-1.9862,1,88.4981
166784,51400442,G,49.1054,-14.1921,-40.8511,-23.2615,43.2462,-0.5148,-1.9052,1,G,48.3787,17.3693,43.9497,-10.355,47.2575,-0.2174,1.1944,-1,91.3969
166784,51879962,G,126.105,15.2124,-66.3138,106.177,68.0363,1.2279,-1.3453,-1,G,102.215,47.5817,21.4887,87.8754,52.2091,1.2922,0.4242,1,92.3109
166784,52002775,G,69.4164,11.1098,40.2367,-55.4635,41.7423,-1.0958,1.3014,1,G,115.712,-13.1727,-46.4473,-105.159,48.2791,-1.5206,-1.8472,-1,91.8159
166784,52874081,G,68.9609,25.5253,-24.2867,59.2808,35.2333,1.2919,-0.7605,-1,G,37.7609,-35.4317,-4.783,-12.1487,35.7531,-0.3336,-3.0074,1,90.6914
166784,52326217,G,44.5854,15.9417,-41.6274,-0.9299,44.5756,-0.0209,-1.2051,1,G,49.1866,-7.5474,39.9737,-27.6488,40.6799,-0.6359,1.7574,-1,88.9002
166784,52709905,G,101.652,-4.3281,-38.2896,-94.0658,38.5334,-1.6252,-1.6834,-1,G,58.9251,3.7104,45.5991,-37.1365,45.7498,-0.7418,1.4896,1,92.2892
166784,52340983,G,98.5549,19.6424,29.1136,-92.0849,35.1201,-1.6916,0.9773,1,G,155.674,-53.5218,-32.5214,-142.521,62.6276,-1.5605,-2.5956,-1,91.8318
166784,52220562,G,64.389,9.5133,24.5703,58.7514,26.3478,1.5419,1.2014,-1,G,33.4849,1.5755,-24.465,-22.8081,24.5157,-0.8313,-1.5065,1,90.3572
166784,52411194,G,45.2329,41.9626,13.8663,9.6366,44.1943,0.2164,0.3191,1,G,50.8518,-36.5645,-8.7102,-34.25,37.5876,-0.8172,-2.9077,-1,92.5782
166784,52509334,G,82.8704,41.499,-7.5487,-71.3327,42.1799,-1.2963,-0.1799,-1,G,63.3733,-46.6421,2.8447,-42.8087,46.7288,-0.8208,3.0807,1,91.1613
166784,53099566,G,44.9784,21.343,-38.0794,-10.8387,43.6528,-0.2458,-1.0599,1,G,47.5691,-19.3248,43.3941,2.5121,47.5026,0.0529,1.9898,-1,91.9966
166784,52413407,G,64.0423,23.0439,24.9933,-54.2745,33.9954,-1.2471,0.826,-1,G,35.8157,-26.4216,-19.7783,13.9091,33.0043,0.4099,-2.499,1,91.1243
166784,53839651,G,45.8788,-12.1712,27.641,34.5353,30.202,0.9793,1.9856,-1,G,34.5523,11.8098,-25.355,-20.2855,27.9705,-0.6732,-1.1349,1,79.1249
166784,53229638,G,122.686,-32.5178,-5.7794,-118.157,33.0274,-1.9868,-2.9657,1,G,21.2025,20.4731,4.6121,3.0192,20.9862,0.1434,0.2216,-1,85.4448
166784,53463550,G,61.9198,-20.8424,-12.3812,-56.9767,24.2425,-1.5901,-2.6056,-1,G,28.4837,15.3651,17.0425,16.8753,22.9463,0.6814,0.8371,1,80.7028
166784,53854606,G,223.762,-42.9321,31.3154,217.36,53.1396,2.1164,2.5114,-1,G,134.504,43.092,16.5566,126.334,46.1632,1.7317,0.3668,1,89.089
166784,53536887,G,47.106,18.025,-19.1123,39.0996,26.2713,1.1883,-0.8147,-1,G,47.9898,-30.5018,29.5271,-22.3786,42.4524,-0.5054,2.3724,1,92.1926
166784,53204460,G,90.415,8.3599,41.7074,-79.7839,42.5369,-1.3866,1.373,1,G,76.7904,-3.2037,-44.4289,-62.5504,44.5443,-1.1404,-1.6428,-1,87.5476
166784,53386864,G,192.606,-40.7492,57.1457,179.362,70.1864,1.6677,2.1902,1,G,65.1055,16.9095,47.5305,41.1538,50.4487,0.7449,1.229,-1,79.1346
166784,53413373,G,150.315,26.5827,-40.5207,-142.289,48.462,-1.798,-0.9902,1,G,41.3405,-10.2319,29.3331,-27.2746,31.0664,-0.7924,1.9064,-1,87.1072
166784,54898745,G,89.2645,-9.6008,84.1762,-28.1131,84.7219,-0.326,1.6844,1,G,31.1273,-20.067,-10.3451,21.4288,22.5766,0.845,-2.6656,-1,90.1017
166784,55061433,G,147.374,-17.3691,35.6312,141.943,39.6392,1.9877,2.0244,1,G,117.052,7.3539,-48.952,106.07,47.6115,1.5057,-1.4219,-1,90.1835
166784,54802435,G,94.2126,16.0074,35.8218,-85.6537,39.2357,-1.5226,1.1506,1,G,65.5185,-19.962,-44.2408,-44.0107,48.5359,-0.8139,-1.9947,-1,92.8152
166784,54750766,G,76.7017,-34.0512,-31.8728,60.8915,46.6408,1.0818,-2.3892,1,G,67.6974,29.1841,30.9075,52.6872,42.5086,1.041,0.8141,-1,89.03
166784,54627398,G,41.7333,10.9948,-33.935,21.6607,35.6717,0.575,-1.2575,-1,G,44.2781,-14.0159,30.3128,-29.0727,33.3963,-0.7868,2.0039,1,85.5615
166784,55313257,G,131.472,-26.4997,-26.0639,-126.108,37.1693,-1.9358,-2.3645,-1,G,38.9581,25.7433,23.7377,-17.0743,35.017,-0.4701,0.7449,1,92.4076
166784,55219193,G,45.381,-42.1061,-9.256,-14.1714,43.1115,-0.3231,-2.9252,-1,G,60.5291,49.6218,-34.6579,0.5166,60.5268,0.0085,-0.6097,1,95.1083
166784,55675995,G,91.6505,1.7088,-34.3012,84.9724,34.3437,1.6376,-1.521,1,G,135.754,3.4854,56.4804,123.398,56.5878,1.5216,1.5092,-1,88.1808
166784,55340566,G,92.4844,-1.6646,38.0674,84.2702,38.1038,1.5345,1.6145,1,G,33.9937,-0.9695,-33.8249,3.2406,33.8388,0.0956,-1.5995,-1,91.1792
166784,55464822,G,43.7167,-35.8669,0.1894,-24.9933,35.8674,-0.6501,3.1363,-1,G,71.9684,54.2538,3.9711,-47.1189,54.3989,-0.7835,0.0731,1,88.473
166784,55251522,G,106.046,52.4753,33.625,-85.7993,62.3242,-1.1243,0.5699,1,G,63.5332,27.7605,53.9163,18.9429,60.6434,0.3075,1.0953,-1,100.927
166784,55802388,G,62.5219,32.8589,11.74,51.8791,34.8932,1.1874,0.3432,-1,G,38.8358,-37.1948,-10.455,-3.9304,38.6363,-0.1016,-2.8676,1,89.1844
166784,55813884,G,93.8445,-8.7895,-40.2459,-84.3196,41.1945,-1.4644,-1.7858,-1,G,29.2878,2.7388,29.0669,2.3188,29.1957,0.0793,1.4768,1,90.9717
166784,56764457,G,47.5804,-21.9492,-35.6412,22.6235,41.8576,0.5171,-2.1228,-1,G,47.9811,29.223,38.0549,-0.1565,47.9808,-0.0033,0.9159,1,92.5663
166784,56601089,G,114.073,11.9622,26.2975,110.354,28.8904,2.05,1.1439,-1,G,74.5095,-16.4069,-39.5626,60.9694,42.8297,1.1516,-1.9639,1,77.5626
166784,56521192,G,44.7515,0.6259,-44.4876,4.8115,44.492,0.1079,-1.5567,-1,G,50.9846,1.5595,44.1403,-25.4679,44.1678,-0.5487,1.5355,1,93.4549
166784,56481178,G,97.4061,-48.7011,6.0314,-84.1414,49.0731,-1.3082,3.0184,-1,G,195.578,43.6521,-4.7435,-190.586,43.9091,-2.1741,-0.1082,1,101.675
166784,56871874,G,51.2054,-12.1934,-21.1174,-45.0261,24.3849,-1.3728,-2.0944,-1,G,65.8733,32.9404,41.3447,39.3042,52.8626,0.688,0.8981,1,113.292
166784,56843382,G,76.4865,40.9915,-2.9796,-64.5058,41.0996,-1.2327,-0.0726,1,G,66.8796,-47.8421,3.6826,-46.588,47.9836,-0.8607,3.0648,-1,90.3581
166784,57833353,G,71.8764,-5.8945,-30.4916,64.8207,31.0562,1.482,-1.7617,1,G,77.0418,16.2523,28.0875,69.874,32.4507,1.5101,1.0462,-1,62.6171
166784,58043921,G,54.768,-30.9849,-32.4349,31.4234,44.8563,0.6531,-2.3333,1,G,43.7705,24.5724,36.1303,2.5779,43.6944,0.059,0.9735,-1,92.1899
166784,58053944,G,58.9872,-41.5516,-35.7262,21.8308,54.7987,0.3885,-2.4314,1,G,39.0049,23.5967,29.7255,8.9978,37.9527,0.2349,0.8998,-1,91.0695
166784,57298935,G,58.4507,25.8458,17.2602,-49.5031,31.0792,-1.2452,0.5888,1,G,37.6602,-29.3975,-11.3898,20.5996,31.5268,0.6141,-2.772,-1,91.4048
166784,57987483,G,42.7775,-20.9995,37.2036,-2.1942,42.7211,-0.0513,2.0847,1,G,62.1572,21.4809,-34.3008,-47.1755,40.4718,-0.9938,-1.0113,-1,92.5487
166784,58890462,G,135.569,37.8468,23.1073,-128.112,44.3433,-1.7828,0.5481,-1,G,135.15,-31.5213,78.347,-105.516,84.4503,-1.0473,1.9533,1,91.5084
166784,58526106,G,126.004,-61.0735,-7.6688,109.946,61.5531,1.3437,-3.0167,1,G,52.3315,31.3021,-11.3486,40.3727,33.2959,1.024,-0.3478,-1,89.2172
166784,59319657,G,48.6642,-38.9782,-9.5287,-27.5337,40.126,-0.6413,-2.9018,1,G,53.7624,32.1963,43.009,2.0016,53.725,0.0372,0.9282,-1,93.1258
166784,59731185,G,37.6846,-13.9794,-19.1096,29.3175,23.677,1.0402,-2.2024,-1,G,57.0773,18.4803,35.9367,-40.3093,40.41,-0.8796,1.0958,1,92.4964
166784,59126164,G,40.5194,-20.5257,17.6103,-30.1727,27.0448,-0.9608,2.4325,1,G,53.7714,15.5796,-15.6846,49.0165,22.1072,1.5368,-0.7888,-1,92.2361
166784,59267512,G,80.4033,9.9839,47.5229,-64.0825,48.5603,-1.0904,1.3637,-1,G,67.6078,-11.6453,-43.3025,-50.5973,44.8411,-0.9693,-1.8335,1,93.4626
166784,59494096,G,40.6803,-26.546,-9.1795,-29.4266,28.0883,-0.9147,-2.8087,1,G,75.1472,20.6002,-63.7987,33.9478,67.0421,0.4869,-1.2585,-1,89.6349
166784,59639205,G,146.717,-50.9304,28.2731,134.657,58.2519,1.5749,2.6348,1,G,20.9642,-0.7561,-20.2306,-5.4442,20.2447,-0.2658,-1.6081,-1,93.1922
166784,59460742,G,83.8208,4.291,49.1766,-67.7433,49.3635,-1.1218,1.4838,-1,G,23.2399,-14.2179,-14.5306,-11.2604,20.3295,-0.5289,-2.3453,1,62.6221
166784,59305443,G,68.1178,41.0801,11.8283,53.0334,42.7491,1.0417,0.2803,1,G,33.3585,-27.6957,12.9474,-13.345,30.5727,-0.4237,2.7043,-1,89.0466
166784,60161727,G,78.9514,33.5466,32.3083,63.7503,46.5747,1.1197,0.7666,-1,G,32.4267,-20.2426,-22.76,11.122,30.4595,0.3575,-2.2977,1,80.8148
166784,60666632,G,133.539,13.5911,36.5194,-127.727,38.9664,-1.9028,1.2145,1,G,45.3687,-5.922,-38.4792,-23.2935,38.9323,-0.5674,-1.7235,-1,95.593
166784,60474376,G,79.4351,28.5288,-15.167,72.5671,32.3099,1.5485,-0.4886,-1,G,27.9146,-15.0001,19.5858,-13.0619,24.6699,-0.5074,2.2244,1,88.2073
166784,60613850,G,242.986,38.9402,31.43,237.777,50.0418,2.2625,0.6791,-1,G,124.526,-40.505,40.2007,110.68,57.068,1.4162,2.36,1,92.2472
166784,60836861,G,106.506,16.4507,-34.4023,99.4455,38.1333,1.6865,-1.1247,-1,G,44.5343,-14.9056,33.2068,25.6598,36.3988,0.6567,1.9927,1,84.6055
166784,62032907,G,78.2323,7.5908,43.8223,-64.3605,44.4748,-1.1651,1.3993,1,G,46.4227,-18.9894,-36.7923,-20.9948,41.4037,-0.4875,-2.0473,-1,89.8554
166784,61192697,G,73.6716,42.4043,24.1908,55.174,48.8192,0.9705,0.5184,-1,G,50.5683,-40.7105,-8.0677,28.8913,41.5022,0.6495,-2.9459,1,90.0319
166784,61739781,G,33.7477,29.7386,6.6484,14.5022,30.4726,0.4596,0.2199,1,G,75.6282,-51.549,32.6905,-44.6503,61.0407,-0.6783,2.5764,-1,95.0312
166784,61558430,G,174.37,3.5322,-47.135,167.842,47.2672,1.9796,-1.496,-1,G,53.4987,4.5441,34.6912,40.4718,34.9876,0.988,1.4405,1,91.1577
166784,61208986,G,73.316,41.9239,0.8692,-60.1403,41.9329,-1.1577,0.0207,-1,G,47.5344,-42.6125,-14.7891,-14.9987,45.1059,-0.3267,-2.8075,1,93.62
166784,62136324,G,59.7535,29.0456,11.9598,50.8309,31.4116,1.2586,0.3906,1,G,34.6866,-23.8506,5.8067,-24.5067,24.5473,-0.8802,2.9028,-1,88.7881
166784,62917528,G,63.0875,-44.39,-16.2123,-41.7937,47.2579,-0.7972,-2.7914,-1,G,42.044,40.9948,-8.8995,-2.8122,41.9497,-0.067,-0.2138,1,91.765
166784,62129192,G,50.1632,3.9228,-45.1888,-21.4224,45.3587,-0.4563,-1.4842,-1,G,46.1126,-3.4405,42.2584,-18.1315,42.3982,-0.4156,1.652,1,87.7251
166784,62720200,G,127.181,7.992,-42.9474,119.443,43.6847,1.7309,-1.3868,1,G,49.1699,-1.9498,37.3635,31.9036,37.4143,0.7733,1.6229,-1,90.1451
166784,63247602,G,110.815,37.9131,-5.2645,103.994,38.2769,1.7249,-0.138,-1,G,41.9816,-34.5263,5.2844,23.2906,34.9284,0.6253,2.9897,1,84.4622
166784,63298769,G,116.848,-18.4702,-48.1855,-104.836,51.6042,-1.4576,-1.9368,-1,G,50.6022,16.8694,34.7669,-32.6688,38.6435,-0.7677,1.1191,1,94.602
166784,63812400,G,92.5837,28.7944,56.8233,67.1842,63.7025,0.9195,1.1018,-1,G,91.0389,-58.8879,18.6641,66.8726,61.7749,0.9385,2.8347,1,95.6142
166784,64016880,G,67.3851,-37.0973,-7.7407,-55.719,37.8962,-1.1782,-2.9359,-1,G,40.5248,38.2366,1.201,13.3704,38.2555,0.3428,0.0314,1,99.0306
166784,63805815,G,71.599,31.0097,3.4628,-64.4423,31.2024,-1.4725,0.1112,-1,G,75.9858,-30.092,-57.3459,-39.7461,64.7618,-0.5806,-2.054,1,89.5647
166784,63109801,G,65.9022,37.5582,-0.1476,-54.1521,37.5585,-1.162,-0.0039,-1,G,37.7411,-37.4054,4.9264,0.9748,37.7284,0.0258,3.0106,1,88.8328
166784,63526632,G,85.74,7.2971,-58.6934,-62.074,59.1453,-0.916,-1.4471,-1,G,31.1055,-2.3559,29.9042,-8.2296,29.9969,-0.271,1.6494,1,88.6399
166784,64922210,G,42.1662,-31.0725,-25.8882,11.9282,40.4437,0.2908,-2.447,1,G,50.0999,35.9633,33.3819,10.1133,49.0684,0.2047,0.7482,-1,89.1467
166784,64282279,G,68.3091,-34.549,3.2654,-58.8373,34.7029,-1.2985,3.0474,1,G,65.7422,39.7729,-29.3749,-43.3273,49.4446,-0.7911,-0.6361,-1,82.6023
166784,64885688,G,143.701,-4.5721,-35.089,-139.276,35.3856,-2.0791,-1.7004,-1,G,94.2339,-3.3877,42.1926,-84.1922,42.3284,-1.4387,1.6509,1,81.0009
166784,64955408,G,48.5082,-13.6049,-32.6546,33.1906,32.3828,0.8366,-1.965,1,G,66.0131,28.8286,47.8773,35.1341,55.8867,0.5933,1.0288,-1,89.3498
166784,64485118,G,92.9522,-42.0487,0.6932,-82.8947,42.0544,-1.4306,3.1251,1,G,66.5177,41.1041,9.7271,-51.3851,42.2393,-1.0265,0.2324,-1,85.3821
166784,65149770,G,71.4588,22.3449,-13.0064,66.6175,25.8546,1.6753,-0.5271,1,G,33.9781,-23.3783,14.661,19.8244,27.5951,0.6677,2.5815,-1,60.3401
166784,65773489,G,204.423,-34.381,-13.3032,-201.071,36.865,-2.3978,-2.7724,-1,G,88.3037,41.7177,12.4374,-76.8276,43.5322,-1.3332,0.2897,1,91.6868
166784,65532328,G,85.8387,-22.3046,41.6692,71.6551,47.2633,1.2037,2.0623,1,G,54.7255,19.1227,-39.6226,32.546,43.9957,0.6849,-1.1212,-1,94.2662
166784,65381411,G,42.824,27.9471,14.8153,28.8679,31.6312,0.8182,0.4875,1,G,48.1052,-12.5826,-33.1886,-32.4698,35.4938,-0.8198,-1.9332,-1,87.6442
166784,65449436,G,105.623,28.2718,-15.2751,-100.616,32.1345,-1.8591,-0.4954,1,G,26.5015,-20.3,16.1784,5.3377,25.9582,0.2042,2.4687,-1,91.1841
166784,65477215,G,119.171,0.6974,36.7929,113.347,36.7995,1.8435,1.5518,-1,G,27.3863,12.4191,-24.4032,-0.4958,27.3816,-0.0181,-1.1,1,91.7503
166784,65406764,G,38.5497,38.3604,2.8707,-2.5115,38.4677,-0.0652,0.0747,-1,G,63.439,-46.3287,-2.2953,-43.2768,46.3855,-0.8332,-3.0921,1,90.7816
166784,125102807,G,73.2791,8.1394,-23.4312,-68.9532,24.8047,-1.7464,-1.2365,-1,G,31.3698,-16.9639,17.8665,19.4183,24.6371,0.7234,2.3303,1,91.5906
166784,125573919,G,122.507,-71.8808,-16.0961,-97.8877,73.661,-1.0959,-2.9213,1,G,99.4401,23.4646,-8.0787,-96.2937,24.8164,-2.0652,-0.3316,-1,92.8738
166784,125163683,G,40.6396,-37.3193,-5.6775,-15.0533,37.7487,-0.3889,-2.9906,1,G,46.9082,16.3789,35.4964,-25.9249,39.093,-0.6222,1.1385,-1,68.2476
166784,125647377,G,140.677,37.88,-23.2699,133.467,44.4565,1.8191,-0.5509,1,G,109.321,-40.6681,23.63,98.685,47.0348,1.4867,2.6152,-1,92.715
166784,125241538,G,65.9416,-32.5973,-46.9127,-32.9377,57.1261,-0.5486,-2.1781,-1,G,55.8344,52.4091,-8.2006,-17.4213,53.0468,-0.3228,-0.1552,1,94.1455
166784,125165760,G,128.711,24.4264,28.7716,-123.053,37.742,-1.8977,0.8669,1,G,39.5248,-25.159,-23.7646,-19.0911,34.6082,-0.5269,-2.3847,-1,89.8483
166784,125192304,G,93.0789,-1.4114,-45.9688,-80.9231,45.9905,-1.3306,-1.6015,1,G,48.5674,-1.3901,42.8201,-22.8755,42.8426,-0.5114,1.6033,-1,96.29
166784,125947190,G,61.3887,16.5387,-38.3192,45.0186,41.736,0.9359,-1.1634,1,G,22.4272,-10.5934,19.6576,2.0797,22.3303,0.093,2.0651,-1,66.5076
166784,126108563,G,172.607,-41.9444,14.7206,-166.784,44.4526,-2.0327,2.8041,1,G,83.5375,40.7493,-5.4943,-72.7173,41.118,-1.335,-0.134,-1,90.345
166784,126768622,G,55.6287,25.5181,-5.973,49.0682,26.2078,1.385,-0.2299,1,G,40.4236,-32.0649,7.2987,-23.5081,32.8851,-0.6648,2.9178,-1,92.3477
166784,127496617,G,64.1456,-13.9386,22.9926,58.2384,26.8876,1.5155,2.1158,1,G,29.178,17.0526,-23.4198,-3.474,28.9703,-0.1196,-0.9414,-1,75.5002
166784,127644313,G,72.9806,-22.2486,22.54,65.7503,31.671,1.4771,2.3497,-1,G,28.1943,14.9778,-20.8271,-11.6964,25.6535,-0.4415,-0.9473,1,85.1983
166784,127416303,G,94.9423,59.5088,-64.3381,-36.515,87.6396,-0.4054,-0.8244,1,G,46.2244,17.7542,42.4467,-4.4439,46.0101,-0.0964,1.1746,-1,108.635
166784,127243526,G,50.1944,43.8772,-7.6064,23.1603,44.5316,0.4991,-0.1717,-1,G,58.2938,-42.0894,-1.3362,40.3095,42.1106,0.8508,-3.1099,1,87.5106
166784,127832983,G,57.3836,35.5831,-3.7116,-44.8657,35.7762,-1.0501,-0.1039,1,G,67.354,-31.8881,52.0732,-28.4267,61.0612,-0.4502,2.1203,-1,88.5167
166784,127325581,G,85.7046,41.2984,13.4351,-73.8864,43.4288,-1.3015,0.3145,1,G,38.9455,-37.6682,5.6683,-8.1066,38.0923,-0.2112,2.9922,-1,91.8513
166784,127701292,G,152.908,43.0163,-7.0234,-146.565,43.5859,-1.9273,-0.1618,1,G,80.2589,-42.6498,10.7203,-67.1382,43.9765,-1.2095,2.8953,-1,93.189
166784,127429870,G,127.259,19.7391,-33.8372,-121.079,39.1738,-1.8468,-1.0427,1,G,130.872,-68.2678,-7.1325,-111.428,68.6394,-1.2613,-3.0375,-1,92.4039
166784,127242242,G,159.628,45.4072,-4.7595,-152.96,45.6559,-1.9238,-0.1044,-1,G,113.753,-47.0827,2.9026,-103.511,47.1721,-1.5273,3.08,1,94.6244
166784,127258042,G,64.9486,-29.12,-30.1165,-49.632,41.8924,-1.0062,-2.3394,-1,G,31.3059,10.9231,28.874,-5.1988,30.871,-0.1676,1.2091,1,76.9795
166784,66523622,G,178.182,-34.267,-8.6474,174.642,35.3413,2.3009,-2.8944,-1,G,39.6732,32.1131,4.1847,22.9171,32.3846,0.6589,0.1296,1,91.6885
166784,66396356,G,48.7154,38.7407,29.5338,-0.2928,48.7144,-0.006,0.6514,-1,G,47.2536,-29.421,-16.5446,33.0692,33.7538,0.867,-2.6293,1,88.7704
166784,67644088,G,160.253,-15.0539,41.4459,-154.067,44.0951,-1.9641,1.9192,1,G,237.804,15.64,-43.1593,-233.331,45.9057,-2.3285,-1.2231,-1,91.4814
166784,67310725,G,48.32,-18.2774,-38.9752,-21.9471,43.048,-0.49,-2.0093,1,G,59.6667,34.0831,35.9804,-33.2243,49.5606,-0.6282,0.8125,-1,91.4245
166784,67108842,G,102.959,-29.7792,-16.2755,97.2047,33.9366,1.7746,-2.6414,1,G,105.76,59.7261,-9.5601,86.7563,60.4863,1.1578,-0.1587,-1,90.3197
166784,67203676,G,213.044,2.9697,-40.5949,209.12,40.7034,2.3391,-1.4978,1,G,114.365,2.9558,51.0415,102.3,51.127,1.444,1.513,-1,100.35
166784,67772328,G,41.8765,23.9629,-28.3061,-19.4467,37.0872,-0.5029,-0.8683,1,G,60.8939,-38.3479,40.3806,-24.6352,55.6881,-0.4291,2.3304,-1,90.9165
166784,68145093,G,34.3671,30.3124,12.2301,-10.6146,32.6867,-0.3193,0.3835,-1,G,66.7148,-29.6132,-34.3655,48.9175,45.3645,0.9357,-2.282,1,90.8844
166784,68028202,G,48.5691,-21.8893,-24.7165,-35.6217,33.0159,-0.9361,-2.2956,-1,G,43.2741,17.5401,25.796,29.9924,31.1944,0.8539,0.9737,1,91.561
166784,68054100,G,122.84,-3.0886,79.0577,-93.9684,79.118,-1.0081,1.6098,1,G,22.2165,-16.4157,-14.8454,-1.9235,22.1328,-0.0868,-2.4064,-1,85.6888
166784,68456716,G,175.278,-43.7474,-23.9293,-168.035,49.8643,-1.9293,-2.6411,-1,G,72.2935,15.7476,32.2521,-62.7547,35.8913,-1.3251,1.1166,1,84.7011
166784,68739768,G,112.175,-40.5264,-5.9093,104.431,40.955,1.6656,-2.9968,-1,G,50.2689,36.54,8.0125,33.5794,37.4081,0.8071,0.2159,1,85.5611
166784,68083710,G,36.5338,-32.9698,-14.9534,-4.9092,36.2024,-0.1352,-2.7158,1,G,57.041,38.2566,15.7179,39.2817,41.3596,0.8454,0.3898,-1,86.8692
166784,68906687,G,198.394,-12.279,-46.3038,-192.524,47.9043,-2.0993,-1.83,-1,G,269.57,10.7078,49.2503,-264.816,50.4009,-2.3611,1.3567,1,99.0922
166784,68127005,G,109.475,16.9404,19.0647,-106.463,25.5037,-2.1362,0.8443,1,G,52.5658,-48.0079,-7.9694,-19.8717,48.6648,-0.3978,-2.9771,-1,95.961
166784,68650596,G,140.484,-27.5499,-4.2222,137.691,27.8716,2.3006,-2.9895,-1,G,25.7732,25.7433,0.844,0.9041,25.7571,0.0351,0.0328,1,91.75
166784,69023264,G,79.5892,28.2022,26.2012,-69.6604,38.495,-1.3551,0.7486,-1,G,104.168,-25.2076,-48.2585,-88.8072,54.4454,-1.2654,-2.0522,1,90.3292
166784,69686192,G,49.5502,0.4185,31.7316,-38.0545,31.7343,-1.0154,1.5576,1,G,43.1931,-3.637,-38.4423,19.3544,38.614,0.4823,-1.6651,-1,90.5331
166784,69236842,G,34.0993,8.6312,-20.6346,-25.7385,22.3671,-0.984,-1.1746,-1,G,62.6195,-4.3256,27.8255,55.9305,28.1597,1.4374,1.725,1,91.5026
166784,69766426,G,152.507,-19.9141,-22.6097,-149.501,30.1293,-2.3049,-2.2929,1,G,51.9368,20.4377,43.1519,-20.4359,47.7471,-0.4159,1.1285,-1,111.787
166784,69021906,G,46.9983,-29.3807,-36.5668,-2.9109,46.908,-0.062,-2.2477,-1,G,53.3516,19.7996,33.663,-36.3477,39.0541,-0.8315,1.0391,1,91.8076
166784,69124991,G,34.538,32.8324,-10.0074,-3.8406,34.3237,-0.1117,-0.2959,-1,G,46.8206,-30.7411,-13.5801,32.5995,33.6071,0.86,-2.7256,1,72.3285
166784,69196774,G,132.142,-18.3396,19.1029,-129.461,26.4813,-2.2904,2.3358,-1,G,32.6359,10.6947,-28.5517,-11.6411,30.489,-0.3731,-1.2124,1,84.2268
166784,70212905,G,37.003,6.6381,-29.4627,-21.3798,30.2012,-0.6591,-1.3492,-1,G,56.6207,-10.9683,46.7552,29.9924,48.0245,0.5897,1.8012,1,91.5065
166784,70602393,G,77.3631,-31.5878,-12.0771,-69.5801,33.8179,-1.4691,-2.7764,-1,G,35.1941,32.1744,14.254,-0.497,35.1905,-0.0141,0.417,1,88.0525
166784,70512491,G,128.48,18.9976,-43.0218,119.563,47.0297,1.6628,-1.155,1,G,114.366,-19.9382,39.5273,105.449,44.2712,1.6024,2.038,-1,91.2709
166784,70751878,G,59.7076,14.086,-27.2913,-51.2031,30.7121,-1.2841,-1.0943,-1,G,40.1945,-18.5646,35.2441,5.3663,39.8345,0.1343,2.0556,1,88.2956
166784,71078505,G,202.003,-44.2761,1.2766,197.087,44.2945,2.1983,3.1128,-1,G,90.4547,43.5449,-12.5358,78.2863,45.3134,1.3148,-0.2803,1,97.8463
166784,71309375,G,94.5917,-24.279,-32.1925,85.5673,40.3216,1.497,-2.217,-1,G,36.7764,8.1483,35.7821,2.3966,36.6981,0.0653,1.3469,1,96.1606
166784,71511135,G,92.6528,-8.8909,-48.8867,-78.2021,49.6886,-1.235,-1.7507,-1,G,33.1982,9.1696,30.8412,-8.176,32.1755,-0.2514,1.2818,1,89.7305
166784,71814773,G,216.052,-43.9259,-26.6995,209.848,51.4038,2.1145,-2.5954,-1,G,168.106,44.8063,23.9124,160.25,50.7879,1.8664,0.4902,1,102.937
166784,71974978,G,75.458,-46.6293,18.4886,56.3717,50.161,0.9663,2.7641,-1,G,39.5024,27.906,-15.9881,22.9362,32.1615,0.6634,-0.5203,1,81.0514
166784,72054721,G,49.7806,-17.4721,-32.7645,33.1558,37.132,0.8036,-2.0607,-1,G,41.6242,15.2352,27.4247,-27.3557,31.3724,-0.7879,1.0637,1,91.0366
166784,72673737,G,62.4908,-37.4299,18.974,46.3041,41.9644,0.9526,2.6724,1,G,37.4653,36.2165,-5.8086,-7.6331,36.6794,-0.2066,-0.159,-1,91.2193
166784,72513134,G,180.689,36.8188,5.9455,176.798,37.2957,2.2602,0.1601,1,G,32.1661,-27.6976,-5.8947,15.256,28.3179,0.5156,-2.9319,-1,91.3202
166784,72235700,G,54.0928,-14.6547,14.8096,-49.9193,20.8347,-1.6079,2.3509,-1,G,122.324,97.714,23.7526,-69.6491,100.559,-0.6466,0.2385,1,91.8721
166784,72747204,G,130.174,24.8726,8.9304,-127.463,26.4273,-2.2772,0.3447,1,G,29.3306,-28.8359,2.4182,-4.7866,28.9372,-0.1647,3.0579,-1,88.3583
166784,73747023,G,92.5311,40.0873,26.9152,-78.934,48.2848,-1.2673,0.5913,-1,G,61.0913,-27.4265,-38.7745,-38.4246,47.494,-0.7397,-2.1864,1,97.6005
166784,73671194,G,45.6552,14.0662,-40.2341,-16.3629,42.6221,-0.3751,-1.2345,1,G,60.7311,-46.6963,27.7369,-27.173,54.3128,-0.4815,2.6056,-1,90.5636
166784,73403149,G,60.969,27.5333,-11.0933,-53.2547,29.684,-1.3476,-0.383,-1,G,33.9172,-23.4922,10.1316,22.2673,25.5838,0.7867,2.7344,1,89.5875
166784,73146483,G,44.346,-22.6967,-37.7347,5.2451,44.0346,0.1188,-2.1123,1,G,41.588,15.9869,34.522,-16.799,38.044,-0.4283,1.1371,-1,84.8282
166784,74201024,G,90.6358,-20.0864,-36.4115,80.5331,41.5844,1.4149,-2.0749,1,G,150.785,24.9678,34.4532,144.657,42.549,1.9378,0.9437,-1,86.866
166784,74505576,G,77.7042,-30.5287,8.1725,70.9869,31.6036,1.5486,2.88,1,G,36.3079,22.0424,-28.554,-4.1301,36.0721,-0.1142,-0.9134,-1,89.6744
166784,74522896,G,76.1896,-40.1097,-2.7499,64.7185,40.2039,1.2541,-3.0731,1,G,108.885,-8.5459,-83.9319,68.8349,84.3659,0.745,-1.6723,-1,80.8382
166784,74501370,G,87.1091,-21.901,-37.9033,-75.3105,43.7757,-1.3111,-2.0947,1,G,50.9419,2.0297,43.0361,-27.1816,43.0839,-0.5951,1.5237,-1,90.1789
166784,74507050,G,93.5369,-48.6924,11.6329,-79.0118,50.0627,-1.2374,2.9071,1,G,71.5724,36.241,-19.5472,-58.5414,41.1765,-1.1505,-0.4946,-1,90.1251
166784,74212701,G,46.3037,-19.8087,-39.3648,-14.2145,44.0678,-0.3172,-2.037,1,G,47.4383,26.4596,39.3029,-2.3556,47.3796,-0.0497,0.9783,-1,92.0259
166784,74352685,G,46.9197,-36.4968,-16.3993,24.505,40.0119,0.5795,-2.7193,-1,G,51.0746,40.7197,30.7378,-2.3876,51.0187,-0.0468,0.6466,1,94.2883
166784,74654813,G,95.5803,-19.2394,-33.7558,87.3268,38.8536,1.5492,-2.0888,-1,G,50.7964,22.2802,33.886,30.5874,40.5545,0.6965,0.9892,1,86.6781
166784,74443054,G,105.216,31.3867,34.1851,94.4285,46.4085,1.4591,0.828,1,G,25.4831,8.5084,-22.456,-8.5271,24.0138,-0.348,-1.2086,-1,89.2979
166784,74397788,G,208.565,-23.1692,31.048,-204.936,38.7401,-2.3678,2.2119,1,G,78.8092,18.2563,-20.8857,-73.7657,27.74,-1.7048,-0.8525,-1,69.1534
166784,74316171,G,88.4128,-43.8383,-2.0737,76.7509,43.8873,1.3253,-3.0943,-1,G,116.336,49.7591,-12.8291,104.372,51.3863,1.4575,-0.2523,1,94.1244
166784,75118483,G,95.9525,35.6608,15.4564,87.7284,38.8663,1.5531,0.409,-1,G,37.7375,-33.4222,-12.473,12.3081,35.6737,0.3385,-2.7844,1,88.6103
166784,75201131,G,97.482,26.1845,-46.9031,-81.3462,53.7171,-1.2027,-1.0616,1,G,42.6375,-7.696,37.9234,-17.9034,38.6964,-0.4476,1.771,-1,96.7499
166784,75366163,G,134.396,-8.0865,-84.1086,104.511,84.4964,1.0394,-1.6666,1,G,159.2,49.8602,-140.594,55.605,149.174,0.3646,-1.23,-1,91.2417
166784,75758731,G,240.312,37.5662,-32.0485,-235.184,49.3794,-2.2648,-0.7063,-1,G,65.1187,-14.3516,29.9573,-56.0091,33.2176,-1.2938,2.0176,1,89.1693
166784,76466753,G,89.1897,2.7118,-39.8972,79.7224,39.9892,1.4408,-1.5029,1,G,60.1905,1.0162,42.8436,42.2644,42.8556,0.8716,1.5471,-1,86.0877
166784,76084929,G,50.3993,-41.5819,17.649,22.3504,45.1723,0.4765,2.7402,-1,G,41.6145,29.8676,1.0342,-28.9587,29.8855,-0.8593,0.0346,1,89.0875
166784,76782652,G,52.4073,8.5773,-48.306,18.4249,49.0616,0.3672,-1.3951,1,G,36.3858,-11.8443,32.6666,-10.7945,34.7476,-0.3059,1.9186,-1,87.01
166784,76748886,G,45.9379,-2.1347,-45.888,0.1462,45.9376,0.0032,-1.6173,-1,G,54.0544,3.7164,48.7017,-23.156,48.8433,-0.4579,1.4946,1,97.2553
166784,76699768,G,57.8362,16.2905,-22.2286,-50.8481,27.5588,-1.3721,-0.9384,1,G,22.7416,-8.6865,20.7599,3.2772,22.5039,0.1451,1.9671,-1,64.5741
166784,75984487,G,86.84,-5.9776,-20.8072,84.0982,21.6488,2.0663,-1.8505,-1,G,60.5232,56.4387,-9.2728,19.7924,57.1954,0.3395,-0.1628,1,86.4381
166784,76946587,G,97.7533,-35.7609,21.6314,-88.3682,41.7943,-1.4936,2.5976,1,G,39.9696,31.14,-19.5832,-15.6318,36.7859,-0.4131,-0.5614,-1,90.1446
166784,77259291,G,86.7723,-39.392,18.5165,-75.0655,43.5269,-1.3132,2.7022,1,G,105.332,43.9948,-20.3869,-93.508,48.4888,-1.4112,-0.4339,-1,91.992
166784,77228261,G,29.8232,-3.1775,29.4866,3.1389,29.6573,0.1056,1.6781,-1,G,85.2389,14.7448,-61.9111,56.7033,63.6427,0.8021,-1.337,1,92.0491
166784,77228355,G,54.0916,-48.4042,8.7279,22.5111,49.1847,0.443,2.9632,-1,G,47.0253,44.0181,-6.2733,15.3108,44.4629,0.3379,-0.1416,1,93.6423
166784,77236147,G,73.46,6.8999,-25.8823,68.4021,26.7862,1.667,-1.3103,-1,G,57.7981,-29.1682,44.8231,21.9254,53.4779,0.3993,2.1477,1,90.6366
166784,77772278,G,41.677,16.5925,18.6989,-33.3466,24.9992,-1.099,0.845,-1,G,49.179,-21.6385,-21.9351,38.33,30.8119,1.0438,-2.3494,1,90.521
166784,77688538,G,116.307,29.0828,47.6922,-102.014,55.8601,-1.3631,1.0232,-1,G,44.4908,-12.3713,-31.0967,-29.3148,33.4672,-0.7909,-1.9494,1,89.7432
166784,78625887,G,73.992,-0.281,-45.1712,-58.6028,45.1721,-1.0768,-1.577,1,G,74.0838,0.5169,44.4207,-59.2869,44.4237,-1.0994,1.5592,-1,89.5983
166784,78141710,G,125.079,-13.9597,45.906,115.509,47.9816,1.6123,1.866,-1,G,66.1021,10.1264,-40.3992,51.3306,41.649,1.0366,-1.3252,1,93.1099
166784,79207889,G,167.509,-35.8442,-12.0248,163.187,37.8075,2.1687,-2.8179,1,G,50.0655,20.6169,33.4306,31.0465,39.2767,0.7252,1.0182,-1,94.457
166784,78839184,G,128.506,-18.4929,-29.2822,-123.751,34.6328,-1.9856,-2.1341,-1,G,99.1413,20.7841,48.2882,-84.0551,52.5711,-1.2484,1.1643,1,90.9581
166784,79145316,G,71.3206,-16.4441,40.9286,56.0452,44.1085,1.0604,1.9528,1,G,59.2562,14.5003,-42.8112,38.3174,45.2002,0.7695,-1.2442,-1,90.2147
166784,78914781,G,33.985,-26.8528,-3.4512,20.5423,27.0737,0.7001,-3.0138,1,G,40.8672,32.5751,7.9453,-23.3634,33.5301,-0.65,0.2392,-1,74.4443
166784,80249688,G,130.38,-43.5383,-31.6146,-118.759,53.8058,-1.5326,-2.5135,-1,G,36.8822,22.1794,22.0498,-19.549,31.2749,-0.5902,0.7825,1,91.1023
166784,80220387,G,65.3302,15.7399,27.3365,-57.2101,31.5441,-1.3571,1.0484,-1,G,54.64,-49.0666,23.4512,5.2939,54.3828,0.0972,2.6957,1,89.4846
166784,80322933,G,129.59,46.2126,-28.6128,-117.64,54.3534,-1.5148,-0.5544,-1,G,50.5486,15.163,36.7652,-31.2018,39.7692,-0.7206,1.1796,1,80.3895
166784,80628229,G,200.64,-18.579,-43.9615,-194.881,47.7262,-2.1147,-1.9707,-1,G,23.825,-1.2559,-23.7404,1.5605,23.7736,0.0656,-1.6237,1,89.6368
166784,80599319,G,64.7286,-17.1342,32.0635,53.5549,36.3545,1.1798,2.0616,-1,G,35.9654,16.2611,-28.4274,-14.8646,32.7496,-0.4396,-1.0512,1,92.8889
166784,80300331,G,147.666,-1.9905,41.7503,-141.626,41.7977,-1.9346,1.6184,-1,G,75.7202,-3.847,-43.7496,-61.6823,43.9185,-1.1406,-1.6585,1,92.3507
166784,80870856,G,107.368,-37.55,3.2407,-100.536,37.6896,-1.7077,3.0555,-1,G,31.431,21.5521,22.6655,-3.1111,31.2764,-0.0993,0.8106,1,87.1523
166784,80999308,G,47.409,-20.9346,16.1266,-39.3609,26.4259,-1.1889,2.4852,-1,G,53.315,41.3341,-26.692,-20.5306,49.2034,-0.406,-0.5734,1,77.6568
166784,81484428,G,125.63,49.3571,-23.1671,113.182,54.5238,1.477,-0.4389,-1,G,49.5691,-4.5732,38.1401,31.329,38.4133,0.7448,1.6901,1,87.0728
166784,81598740,G,161.842,-14.999,-28.4644,-158.612,32.1744,-2.2986,-2.0558,-1,G,40.5767,14.233,30.2788,-22.958,33.4572,-0.6413,1.1314,1,89.4535
166784,81533122,G,135.394,5.7821,-43.1071,128.218,43.4932,1.8019,-1.4375,-1,G,82.5864,-4.1917,43.0398,70.3598,43.2434,1.2632,1.6679,1,89.8873
166784,80830865,G,156.926,-8.3177,-34.684,-152.819,35.6674,-2.1615,-1.8062,1,G,139.944,7.3506,50.3077,-130.382,50.8418,-1.6709,1.4257,-1,87.6594
166784,81567901,G,55.8413,0.3419,-52.6438,-18.6212,52.6449,-0.3467,-1.5643,-1,G,45.1231,29.0079,22.8492,25.9335,36.9262,0.6546,0.6672,1,91.6036
166784,81122705,G,44.9211,44.0668,-5.9497,-6.3726,44.4667,-0.1428,-0.1342,-1,G,49.9903,-49.098,4.8219,-8.0713,49.3342,-0.1629,3.0437,1,93.6641
166784,81489777,G,64.9814,38.9817,-40.3151,32.8281,56.0792,0.5563,-0.8022,-1,G,30.8086,-7.6463,29.286,-5.7467,30.2677,-0.1887,1.8262,1,85.6666
166784,81410950,G,173.185,-18.5077,-39.0749,167.701,43.2364,2.0649,-2.0131,-1,G,140.608,24.8254,36.671,133.453,44.2839,1.8227,0.9757,1,87.9031
166784,81524086,G,202.371,-43.7891,13.3083,197.128,45.7668,2.1667,2.8465,-1,G,106.368,41.6414,-7.3366,97.6027,42.2828,1.5736,-0.1744,1,91.724
166784,81221246,G,127.486,26.0496,-34.2267,120.011,43.0122,1.7499,-0.9202,-1,G,39.6377,-22.8752,32.0338,4.6583,39.3629,0.1181,2.1909,1,111.234
166784,81446775,G,116.305,34.7479,-5.7939,-110.842,35.2276,-1.8638,-0.1652,1,G,70.269,-42.351,2.8034,-56.0022,42.4437,-1.0902,3.0755,-1,83.1038
166784,80909308,G,38.8928,-25.4529,-26.2235,-13.3085,36.5448,-0.3566,-2.3413,1,G,48.1267,23.4518,35.1924,22.9712,42.2906,0.5195,0.983,-1,85.9917
166784,81399291,G,90.6437,4.9482,-40.8824,80.7491,41.1807,1.426,-1.4504,1,G,252.546,-24.8238,39.571,248.189,46.7128,2.3721,2.1311,-1,95.8262
166784,81925397,G,77.1907,53.9224,50.9313,21.3722,74.173,0.2843,0.7569,1,G,31.0297,-17.829,-17.7244,18.1881,25.1401,0.6718,-2.3591,-1,87.9841
166784,81949337,G,104.761,11.838,-24.075,-101.268,26.828,-2.0386,-1.1138,1,G,65.744,-26.6034,39.9871,-44.8949,48.0283,-0.8345,2.1578,-1,85.0723
166784,82555295,G,47.0907,-38.7847,-26.6188,2.1701,47.0405,0.0461,-2.5401,-1,G,45.7872,38.2359,20.2378,14.9967,43.2615,0.3401,0.4868,1,91.0527
166784,82672188,G,76.742,28.6623,-33.1657,-62.9907,43.8349,-1.1593,-0.8581,1,G,36.6964,-30.5643,19.7359,4.7884,36.3825,0.1312,2.5682,-1,96.4198
166784,82397019,G,49.4824,-40.359,-20.0379,-20.4483,45.0596,-0.4395,-2.6808,1,G,51.5567,48.5162,17.2449,2.6215,51.4899,0.0509,0.3415,-1,99.0796
166784,82708683,G,51.966,-25.1156,-13.2132,-43.5325,28.3793,-1.2134,-2.6573,-1,G,40.681,25.2944,19.6941,25.0453,32.0572,0.718,0.6616,1,90.552
166784,82900592,G,35.9299,-25.8279,-15.7141,19.4148,30.2327,0.6047,-2.595,1,G,62.9904,45.9271,-13.0261,-41.0951,47.7387,-0.7795,-0.2764,-1,89.9179
166784,83292980,G,57.3078,23.682,16.8889,49.3771,29.0873,1.2996,0.6195,-1,G,37.326,-19.722,-18.8317,-25.4879,27.2689,-0.8344,-2.3793,1,91.4626
166784,83385642,G,26.3464,24.3136,-3.1925,9.6323,24.5223,0.3833,-0.1306,1,G,102.178,-76.018,16.8099,66.1743,77.8544,0.7712,2.924,-1,88.9558
166784,83682633,G,115.073,-35.7984,15.7571,108.222,39.1128,1.742,2.7269,-1,G,137.474,52.3505,-10.8283,126.654,53.4586,1.5975,-0.204,1,91.1865
166784,83265579,G,115.463,-35.8808,39.8125,102.271,53.5954,1.4018,2.3043,1,G,131.489,0.4342,-55.2475,119.318,55.2492,1.5128,-1.5629,-1,101.927
166784,83670571,G,76.4581,-33.3703,-12.8354,67.5834,35.7536,1.3935,-2.7744,-1,G,117.566,52.8972,19.6572,103.137,56.4315,1.3638,0.3558,1,89.8448
166784,82762444,G,164.956,-18.5075,41.3293,158.619,45.284,1.9665,1.9918,-1,G,69.5527,19.7082,-33.7702,57.5215,39.1004,1.1786,-1.0425,1,90.66
166784,82915068,G,116.12,-33.1533,-19.1394,109.628,38.2813,1.7745,-2.618,-1,G,125.517,51.8734,0.3632,114.296,51.8747,1.531,0.007,1,86.8528
166784,83658980,G,69.0576,32.3645,25.0232,-55.6356,40.9099,-1.1145,0.6582,1,G,45.6258,-35.5759,-26.0418,-11.7423,44.0888,-0.2633,-2.5097,-1,92.7424
166784,83199203,G,54.0161,-13.2524,19.7748,-48.4878,23.8048,-1.46,2.1612,-1,G,30.6808,-2.7313,-30.1271,5.1184,30.2507,0.1684,-1.6612,1,70.2141
163589,301438,G,70.7615,23.1798,-21.4969,63.3069,31.6136,1.4448,-0.7477,1,G,31.3315,-25.7327,16.9622,5.6358,30.8203,0.1819,2.5588,-1,75.1187
163589,879429,G,133.116,-11.2022,-43.245,125.396,44.6724,1.7556,-1.8243,1,G,38.3708,21.3197,25.8258,18.7297,33.4888,0.5336,0.8807,-1,90.7172
163589,735508,G,40.5923,-33.5415,-15.3369,16.9549,36.8816,0.4449,-2.7127,-1,G,86.409,38.4399,43.7698,63.8207,58.2531,0.9474,0.8501,1,93.66
163589,612552,G,85.4682,3.4661,47.8098,-70.7603,47.9353,-1.1815,1.4984,-1,G,59.0592,-21.71,-41.8905,-35.5223,47.182,-0.6954,-2.0489,1,96.0433
163589,971323,G,46.4739,-12.143,-35.9014,26.897,37.8994,0.6606,-1.8969,-1,G,72.3401,21.962,50.0081,47.4335,54.6181,0.7852,1.157,1,91.0842
163589,767395,G,94.955,19.8382,-13.451,91.8801,23.9684,2.0535,-0.5958,-1,G,58.3112,-32.153,26.8436,40.5683,41.8855,0.859,2.4459,1,74.9462
163589,825826,G,84.2,11.287,39.2426,-73.6359,40.8336,-1.352,1.2907,-1,G,43.0688,-24.304,-33.0351,-13.1497,41.0122,-0.3154,-2.2051,1,91.9654
163589,1268763,G,48.999,-25.2425,-12.6854,-40.0349,28.2507,-1.1479,-2.6759,1,G,32.7059,29.007,3.2082,14.7637,29.1839,0.4865,0.1102,-1,77.0265
163589,1131589,G,53.9159,2.4676,-53.2743,-7.9166,53.3314,-0.1479,-1.5245,-1,G,39.192,-3.7111,38.9373,-2.4735,39.1138,-0.0632,1.6658,1,91.4004
163589,1517743,G,168.243,-12.1522,37.2764,163.611,39.2072,2.1358,1.8859,1,G,28.9658,11.6245,-24.4114,10.3903,27.0379,0.3754,-1.1264,-1,91.9191
163589,1157622,G,67.2585,-53.1124,-36.2597,19.6977,64.3094,0.3017,-2.5426,1,G,46.0492,23.733,-22.6292,-32.3293,32.7923,-0.8714,-0.7616,-1,91.3676
163589,2234819,G,155.105,13.2967,41.2532,148.926,43.3432,1.948,1.259,1,G,204.373,5.0244,-44.0856,199.498,44.371,2.2085,-1.4573,-1,86.4951
163589,2169092,G,81.3949,-31.2224,25.0215,70.8816,40.0114,1.3365,2.466,1,G,32.5118,27.9808,-16.0485,4.0652,32.2565,0.1257,-0.5207,-1,85.2449
163589,1939012,G,42.5428,-14.3946,-25.9142,-30.5143,29.6437,-0.902,-2.0778,1,G,51.9051,11.0156,49.5799,10.7062,50.7888,0.2093,1.3522,-1,89.1995
163589,1763957,G,64.0866,-28.7886,-40.1743,40.796,49.4243,0.7524,-2.1926,1,G,45.4558,23.3913,38.847,3.1586,45.3458,0.0696,1.0288,-1,100.183
163589,2518686,G,137.08,-37.3634,-17.4747,130.727,41.2479,1.8707,-2.7041,1,G,141.216,44.4101,24.1184,131.864,50.5367,1.6871,0.4975,-1,91.6576
163589,2479236,G,238.968,19.5937,-52.0484,232.406,55.6143,2.1372,-1.2107,1,G,52.3468,-2.7186,28.2748,43.9695,28.4052,1.2211,1.6666,-1,87.3539
163589,2545824,G,65.6824,-44.4577,-10.6751,47.1565,45.7213,0.9034,-2.9059,-1,G,63.9162,45.0359,9.3259,44.3854,45.9913,0.8565,0.2042,1,91.7264
163589,2307634,G,52.6327,37.3537,15.3415,-33.7569,40.3814,-0.7605,0.3897,1,G,44.1319,-36.1036,-24.4229,6.9035,43.5884,0.1577,-2.5468,-1,92.5107
163589,2578233,G,45.9083,28.9872,-32.1113,15.3677,43.2596,0.3482,-0.8365,-1,G,58.0918,-13.5073,45.9936,32.8145,47.936,0.64,1.8564,1,89.7895
163589,3480013,G,49.9971,39.6926,29.3391,-7.9631,49.3587,-0.1606,0.6365,1,G,57.8221,-51.9632,20.7098,-14.6392,55.9381,-0.2588,2.7623,-1,91.9708
163589,3477113,G,92.1632,-54.4725,0.2585,-74.3419,54.4731,-1.1173,3.1368,-1,G,26.8473,23.1349,-13.1556,3.5322,26.6138,0.1323,-0.517,1,89.4489
163589,3640499,G,90.3103,54.1281,-14.924,70.7345,56.1478,1.0537,-0.269,-1,G,95.0856,-45.0251,8.4271,83.3245,45.807,1.3597,2.9566,1,102.53
163589,3620994,G,62.703,21.0452,-32.6484,49.2223,38.8435,1.0583,-0.9982,1,G,44.7677,-28.5051,34.0163,5.8726,44.3807,0.1319,2.2683,-1,91.9618
163589,3687099,G,70.5314,-31.6862,-14.1396,61.4062,34.6979,1.3357,-2.7219,1,G,33.9456,23.4374,12.8059,-20.9521,26.7077,-0.7205,0.5001,-1,95.964
163589,4004375,G,122.536,24.0354,-5.1425,-120.046,24.5794,-2.2894,-0.2108,-1,G,29.8392,-28.9385,5.9658,-4.1642,29.547,-0.1405,2.9383,1,88.1219
163589,4167614,G,156.336,34.4959,22.5372,150.808,41.2055,2.0088,0.5787,-1,G,49.0516,-25.1009,-19.1519,37.5393,31.5729,1.0089,-2.4898,1,81.2999
163589,4241962,G,58.8213,-27.2137,-51.7937,6.0635,58.5079,0.1035,-2.0546,-1,G,56.6558,-36.4461,34.4563,-26.3498,50.1553,-0.5038,2.3843,1,92.5757
163589,5096487,G,171.757,63.1865,-26.4885,-157.5,68.5141,-1.5698,-0.397,1,G,50.7014,21.4728,37.1296,-27.0357,42.8916,-0.5947,1.0465,-1,90.2987
163589,5352752,G,27.6437,8.4642,-26.306,-0.7167,27.6342,-0.0259,-1.2595,1,G,94.3256,53.2999,77.5011,-7.072,94.0601,-0.0751,0.9684,-1,91.543
163589,5096278,G,137.003,18.4297,27.1176,-133.022,32.7875,-2.1085,0.9739,-1,G,47.7083,-28.3043,-24.6995,-29.4086,37.566,-0.7192,-2.4241,1,87.3571
163589,4963603,G,128.127,-15.0951,24.7851,-124.797,29.02,-2.1651,2.1178,-1,G,23.4337,16.4627,-16.6447,1.0298,23.4109,0.044,-0.7909,1,87.087
163589,5495835,G,27.5922,-6.4603,21.9304,-15.4481,22.8621,-0.6327,1.8573,-1,G,65.6629,-33.8708,-48.682,28.1858,59.3057,0.459,-2.1787,1,78.6894
163589,5804735,G,67.0785,15.9955,-19.7699,62.071,25.4304,1.625,-0.8905,1,G,38.582,-24.2602,27.7961,-11.286,36.8942,-0.3013,2.2884,-1,91.9364
163589,5953553,G,56.3197,-24.9904,-10.4839,49.3707,27.1004,1.361,-2.7444,-1,G,43.7039,40.8036,10.3162,-11.7756,42.0875,-0.2763,0.2476,1,91.3304
163589,6370760,G,66.7602,-20.7475,-38.9037,-50.1295,44.0903,-0.975,-2.0607,1,G,68.5257,20.0113,45.1381,-47.517,49.3751,-0.8545,1.1535,-1,93.4241
163589,6320561,G,133.52,-8.9416,-44.2837,125.644,45.1774,1.7469,-1.77,1,G,26.6275,-6.0243,25.3197,5.6246,26.0265,0.2145,1.8044,-1,88.4986
163589,6416903,G,66.7866,34.8573,-49.5213,-28.1611,60.559,-0.4497,-0.9575,1,G,38.3479,-10.6294,34.2715,-13.5289,35.882,-0.3686,1.8715,-1,92.1719
163589,7178925,G,102.664,42.1383,-6.7075,-93.3774,42.6688,-1.5249,-0.1579,-1,G,40.6204,-35.9905,6.9258,-17.5135,36.6508,-0.4613,2.9515,1,90.5312
163589,7250619,G,226.946,61.2612,22.2939,-217.381,65.1916,-1.9192,0.349,1,G,73.1635,-24.3546,-13.5549,-67.6462,27.8726,-1.6198,-2.6337,-1,85.946
163589,6974383,G,60.9896,-20.1666,-16.3252,-55.1953,25.9461,-1.4992,-2.4611,1,G,34.8384,20.2002,23.3598,16.1236,30.8825,0.5009,0.8578,-1,87.2177
163589,7178259,G,85.0399,-44.3016,11.6406,71.6494,45.8054,1.2299,2.8846,-1,G,27.6915,26.2853,-5.649,6.6318,26.8854,0.2442,-0.2117,1,78.8665
163589,7021819,G,111.241,-11.6401,35.5196,-104.773,37.3783,-1.7543,1.8875,1,G,78.6942,0.0247,-53.6025,-57.6155,53.6025,-0.9333,-1.5703,-1,96.1427
163589,7124710,G,56.2755,-6.6013,31.7643,-45.9823,32.443,-1.148,1.7757,-1,G,38.9829,-5.1804,-33.5369,19.1857,33.9347,0.5389,-1.7241,1,90.632
163589,7288494,G,96.7301,5.4345,28.2285,92.3597,28.7468,1.8837,1.3806,-1,G,52.1358,-30.6495,-34.7899,23.8411,46.3652,0.4939,-2.293,1,89.3284
163589,7333534,G,57.8808,-15.2347,-51.2123,-22.2571,53.4303,-0.4054,-1.8599,-1,G,39.3801,13.8939,36.0375,-7.6833,38.6231,-0.1976,1.2028,1,91.2752
163589,7287977,G,54.4479,30.8265,35.8142,-27.0487,47.2539,-0.545,0.8601,-1,G,52.4263,-37.3331,-26.7457,-25.2867,45.9249,-0.526,-2.5199,1,92.5123
163589,7636739,G,77.5841,-36.9011,7.4649,67.8371,37.6485,1.3513,2.942,-1,G,58.9352,29.3842,47.8039,18.0194,56.1128,0.3159,1.0196,1,90.3052
163589,8196473,G,205.546,-39.2345,-20.8293,-200.688,44.4207,-2.2132,-2.6535,-1,G,30.1195,25.1751,3.2599,-16.2098,25.3853,-0.6016,0.1288,1,89.3695
163589,8658294,G,76.3806,30.3744,0.0686,70.0812,30.3745,1.5732,0.0023,1,G,91.8785,-50.4117,-42.2948,64.1206,65.8042,0.8632,-2.4435,-1,90.0913
163589,8469936,G,65.9426,-33.1608,-29.1941,48.9538,44.1807,0.9557,-2.4197,1,G,50.6217,31.9973,32.0128,22.6693,45.262,0.482,0.7856,-1,91.9133
163589,8151041,G,34.1148,30.4991,9.7966,11.7318,32.0339,0.3585,0.3108,1,G,67.6178,-47.2404,-2.2002,-48.3287,47.2916,-0.8968,-3.0951,-1,93.1247
163589,9164112,G,108.958,7.3385,30.9148,104.222,31.7738,1.9035,1.3377,-1,G,25.4518,-13.8523,-20.3283,-6.5311,24.5993,-0.2625,-2.169,1,91.4766
163589,9769069,G,71.8939,22.7058,30.7455,60.8924,38.2209,1.2454,0.9347,-1,G,34.7894,-8.8958,-33.1534,-5.6576,34.3261,-0.1641,-1.8329,1,90.1883
163589,9870832,G,53.3854,20.8017,-44.9,-20.0317,49.4845,-0.3945,-1.1369,-1,G,57.0338,-18.2364,37.2797,-39.1215,41.5011,-0.8402,2.0257,1,92.8905
163589,9544525,G,40.837,1.7782,-40.7674,-1.5831,40.8061,-0.0388,-1.5272,1,G,42.8202,-2.7772,41.5826,-9.8355,41.6752,-0.2339,1.6375,-1,82.8642
163589,10143064,G,132.142,-37.365,23.617,-124.53,44.203,-1.759,2.5779,1,G,214.783,33.1651,-21.4318,-211.122,39.4872,-2.3782,-0.5737,-1,87.5936
163589,10420112,G,24.5416,-18.3294,-13.3946,-9.3219,22.702,-0.3999,-2.5105,-1,G,45.0632,3.1981,35.3211,27.8005,35.4656,0.72,1.4805,1,61.5925
163589,10175723,G,179.637,-33.4704,-16.6244,-175.707,37.3716,-2.2522,-2.6806,1,G,86.1587,42.3221,15.2379,-73.4843,44.9817,-1.2667,0.3456,-1,92.0378
163589,10459030,G,55.4307,0.8099,36.0906,-42.0638,36.0997,-0.9935,1.5484,-1,G,45.4464,9.5276,-44.4182,1.2706,45.0211,0.0279,-1.3594,1,91.3011
163589,10552045,G,38.8424,25.3151,-23.6064,17.6241,34.6138,0.4894,-0.7505,1,G,59.3355,-27.1839,34.0088,-40.3129,43.5381,-0.828,2.2451,-1,94.9338
163589,9987146,G,85.0708,-13.0796,39.1594,74.3807,41.286,1.3512,1.8932,-1,G,46.2002,12.5468,-38.9014,21.5337,40.8747,0.5051,-1.2588,1,89.6222
163589,10527506,G,145.472,1.4332,50.3794,-136.462,50.3998,-1.7217,1.5424,1,G,78.2925,-4.139,-40.2469,-67.0281,40.4592,-1.2787,-1.6733,-1,92.4784
163589,10534075,G,26.8936,25.6739,1.8299,-7.7944,25.7391,-0.2984,0.0712,-1,G,36.5034,-31.3982,-5.9234,17.6509,31.952,0.5276,-2.9551,1,62.2294
163589,10187472,G,45.3721,27.2904,2.2042,36.18,27.3793,1.0915,0.0806,1,G,44.6651,-33.095,-3.5709,-29.7815,33.287,-0.8049,-3.0341,-1,89.6114
163589,10969079,G,115.513,34.9988,-21.3611,107.99,41.0025,1.6958,-0.548,1,G,68.9602,-39.5184,21.0196,52.4591,44.7608,0.9979,2.6528,-1,90.9152
163589,11094130,G,77.9203,-3.3754,-40.0505,66.7542,40.1925,1.2808,-1.6549,-1,G,34.5588,14.1865,31.279,-3.8296,34.3458,-0.1113,1.145,1,92.1858
163589,10726245,G,38.1948,2.2275,-23.1172,-30.3227,23.2243,-1.0819,-1.4747,-1,G,33.4515,0.8607,20.6237,26.3233,20.6416,1.0633,1.5291,1,71.4244
163589,11013198,G,41.7815,-40.8451,-4.6824,7.4454,41.1126,0.1801,-3.0274,1,G,41.801,35.8635,9.078,-19.4604,36.9946,-0.5044,0.2479,-1,82.4471
163589,11459114,G,62.8322,-20.9186,-19.5541,-55.9278,28.6348,-1.4225,-2.3899,1,G,25.3046,8.3193,18.2907,15.3802,20.0938,0.7054,1.1439,-1,77.2247
163589,11754056,G,60.0819,-47.3091,1.766,-36.994,47.342,-0.7181,3.1043,-1,G,58.6689,40.9578,-9.4041,-40.9397,42.0235,-0.863,-0.2257,1,89.0473
163589,12364058,G,98.9886,13.8015,-23.7061,95.1118,27.4311,1.9567,-1.0436,-1,G,33.6072,-28.7328,17.4307,0.1673,33.6066,0.005,2.5963,1,90.7811
163589,12394638,G,106.468,-20.6432,-26.9241,-100.918,33.9271,-1.8104,-2.2249,1,G,32.7112,20.5057,13.8414,-21.3995,24.74,-0.7826,0.5938,-1,65.1013
163589,12198535,G,315.617,-63.9881,37.2831,306.805,74.0575,2.1288,2.614,1,G,205.934,-84.1457,-34.4586,184.773,90.928,1.4579,-2.7529,-1,91.7328
163589,11990849,G,182.906,-10.9719,-39.2481,-178.308,40.7529,-2.1819,-1.8434,1,G,226.637,-26.2498,37.5421,-221.959,45.809,-2.2816,2.181,-1,78.2509
163589,11944165,G,90.4616,17.5392,37.506,80.4299,41.4044,1.4176,1.1334,-1,G,46.3787,-21.6513,-34.2301,22.5941,40.5028,0.5323,-2.1348,1,89.9093
163589,12787479,G,182.722,-35.5143,-26.7275,177.233,44.448,2.0917,-2.4964,-1,G,243.646,43.7684,21.9104,238.679,48.9463,2.2879,0.4641,1,93.3555
163589,13619228,G,113.976,2.3518,41.7999,106.008,41.8661,1.6591,1.5146,-1,G,101.869,-5.6998,-32.2149,96.473,32.7153,1.8021,-1.7459,1,74.0771
163589,13194115,G,240.032,27.8364,50.4361,233.016,57.6079,2.1055,1.0665,-1,G,212.729,-22.0237,-34.9014,208.688,41.2693,2.3235,-2.1337,1,98.0562
163589,13764153,G,272.288,-47.6241,-15.3269,-267.652,50.0297,-2.3788,-2.8302,-1,G,116.978,35.8203,15.4156,-110.286,38.9966,-1.7626,0.4064,1,92.4712
163589,13605001,G,80.2628,17.9807,35.0319,69.9398,39.3769,1.3388,1.0966,-1,G,87.527,-21.8766,-43.779,72.5657,48.9407,1.1851,-2.0342,1,88.0565
163589,13886285,G,164.507,34.3347,-10.3146,160.553,35.8505,2.2046,-0.2918,1,G,70.2921,-40.0566,10.6056,56.7799,41.4369,1.1206,2.8828,-1,88.6802
163589,14116245,G,183.129,25.3741,44.5053,175.817,51.2305,1.9468,1.0526,1,G,75.9022,-25.6996,-25.1253,66.8535,35.9409,1.3793,-2.3675,-1,88.5013
163589,14221345,G,86.2465,-43.0208,-24.4923,70.6243,49.5041,1.1534,-2.624,1,G,104.022,46.8983,32.8277,86.8536,57.246,1.2043,0.6107,-1,106.388
163589,14861330,G,112.291,17.7184,55.8852,-95.7714,58.6267,-1.2667,1.2638,1,G,31.3661,-29.3316,-8.0691,-7.6398,30.4213,-0.2486,-2.8731,-1,86.7308
163589,14487718,G,191.286,10.5141,33.3599,188.06,34.9776,2.3837,1.2655,1,G,50.2937,-13.35,-33.4278,35.1256,35.995,0.8642,-1.9508,-1,92.4148
163589,14614819,G,101.842,31.3421,3.7968,-96.8244,31.5713,-1.8394,0.1206,-1,G,50.0445,-43.5675,-2.218,-24.5233,43.6239,-0.5361,-3.0907,1,90.5106
163589,14951371,G,53.9589,35.1295,9.9345,-39.7337,36.5072,-0.9425,0.2756,-1,G,45.8421,-39.0757,-23.6763,3.7426,45.6889,0.0818,-2.5968,1,91.9807
163589,15665869,G,48.7411,40.1869,-21.6954,17.0295,45.6692,0.3647,-0.495,-1,G,47.3872,-46.2843,9.5167,-3.568,47.2525,-0.0754,2.9388,1,94.2015
163589,15152612,G,78.0954,44.8174,-21.7121,-60.157,49.7997,-1.0211,-0.4511,1,G,58.9758,-38.8353,19.8081,-39.7189,43.5952,-0.8171,2.6699,-1,93.6691
163589,15953671,G,62.3101,-29.1124,-44.3851,32.6338,53.0808,0.5815,-2.1513,1,G,41.9286,8.6928,38.0933,15.2096,39.0726,0.38,1.3464,-1,90.112
163589,15865959,G,36.0556,-24.7338,-25.9865,3.5965,35.8756,0.1001,-2.3315,1,G,37.1158,21.0085,16.6876,-25.6464,26.8297,-0.8498,0.6713,-1,69.0471
163589,15778434,G,135.528,18.282,-35.6015,-129.484,40.0212,-1.8904,-1.0964,-1,G,164.152,-23.4278,37.7552,-158.024,44.4333,-1.9811,2.1262,1,84.3573
163589,15820457,G,96.2381,44.1906,-11.812,84.6725,45.742,1.375,-0.2612,1,G,68.357,-42.5015,-19.826,49.7314,46.8983,0.9235,-2.7051,-1,89.5729
163589,16397770,G,42.3444,32.6935,-26.6775,3.5337,42.1966,0.0836,-0.6844,1,G,56.7481,-31.0067,25.8312,39.8957,40.3567,0.8733,2.447,-1,89.0485
163589,16796050,G,147.219,-9.4794,35.9715,-142.442,37.1996,-2.0524,1.8285,-1,G,66.6524,24.7661,-37.2826,-49.388,44.7588,-0.9526,-0.9844,1,93.3111
163589,16905991,G,88.9986,21.9118,-33.4392,-79.5137,39.9789,-1.4387,-0.9907,-1,G,39.317,-25.0377,24.7401,17.5173,35.1988,0.4791,2.3622,1,111.964
163589,16877300,G,113.059,-26.0208,-40.8105,-102.175,48.4002,-1.4922,-2.1384,-1,G,39.0881,19.151,28.7068,-18.3582,34.5085,-0.5096,0.9825,1,91.7973
163589,16503303,G,96.6664,-3.6986,-42.6592,-86.6654,42.8193,-1.4543,-1.6573,-1,G,170.883,7.9632,41.796,-165.501,42.5478,-2.0676,1.3825,1,89.3069
163589,16356041,G,41.0613,24.3597,-18.4731,27.411,30.5721,0.8063,-0.6488,-1,G,51.3071,-44.751,13.3524,-21.2478,46.7006,-0.4406,2.8516,1,89.7324
163589,17369360,G,159.292,13.9899,41.2007,-153.234,43.5111,-1.9717,1.2435,1,G,70.5742,-27.9691,-31.5368,-56.6027,42.1525,-1.1043,-2.2963,-1,92.2937
163589,17469801,G,43.5229,39.1218,18.8462,-2.9225,43.4246,-0.0672,0.4489,-1,G,54.8128,-34.9158,-16.355,-38.9594,38.5564,-0.8887,-2.7035,1,88.8365
163589,17570852,G,179.298,40.3814,-32.2263,171.694,51.6642,1.916,-0.6735,1,G,80.498,-26.1618,25.8319,71.6114,36.7658,1.42,2.3625,-1,89.7426
163589,17367684,G,141.931,4.7348,-42.3253,135.39,42.5893,1.8736,-1.4594,-1,G,120.848,-20.3315,28.6678,115.625,35.1456,1.9063,2.1877,1,74.9305
163589,17489579,G,44.9068,41.3682,-4.3068,16.9332,41.5918,0.3966,-0.1037,1,G,59.9354,-47.485,13.7324,33.8946,49.4308,0.6409,2.8601,-1,91.0065
163589,17504609,G,161.178,-40.1063,25.627,153.99,47.5947,1.8904,2.573,1,G,110.548,44.636,1.4267,101.126,44.6588,1.556,0.032,-1,89.4328
163589,16981593,G,130.42,-24.9079,33.2059,-123.638,41.5094,-1.8116,2.2144,-1,G,48.8374,24.6633,-29.7703,-29.8417,38.6594,-0.7106,-0.8789,1,92.5491
163589,17658855,G,47.6843,-46.0805,-12.0284,-2.3855,47.6245,-0.0501,-2.8863,1,G,45.2118,40.6236,13.4698,-14.5734,42.7985,-0.3343,0.3202,-1,91.1605
163589,17913622,G,67.6921,37.5508,-56.3218,0.082,67.692,0.0012,-0.9828,1,G,34.7705,-26.213,12.0571,19.403,28.853,0.63,2.7105,-1,89.6159
163589,18173845,G,114.377,10.6653,24.6476,-111.18,26.8561,-2.1281,1.1624,1,G,23.1774,-10.0872,-20.5339,3.713,22.8778,0.1616,-2.0274,-1,85.7611
163589,17970555,G,59.0775,38.2072,44.564,-6.6636,58.7004,-0.1133,0.862,-1,G,59.652,-40.5147,22.1686,37.7553,46.1832,0.7463,2.6409,1,93.1206
163589,18644633,G,43.0458,7.2252,-36.6168,-21.4462,37.3228,-0.5469,-1.376,-1,G,51.4621,1.1722,36.8155,35.9386,36.8341,0.8641,1.539,1,93.0116
163589,18385656,G,87.924,-43.9793,32.6397,68.7829,54.768,1.0513,2.5031,1,G,64.9091,40.2988,-12.8706,49.2294,42.3042,0.9925,-0.3091,-1,95.0088
163589,18889002,G,52.1152,-23.9091,31.0653,-34.3407,39.2007,-0.7909,2.2268,1,G,39.9478,13.4255,-28.8007,24.2094,31.7762,0.7026,-1.1346,-1,90.8731
163589,18998465,G,65.4036,-21.776,-22.1416,57.5601,31.0556,1.3761,-2.3479,1,G,126.606,30.5186,56.3158,109.207,64.0536,1.3033,1.0742,-1,88.3857
163589,19268046,G,34.6396,-16.5995,-30.292,-2.5965,34.542,-0.0751,-2.0721,-1,G,83.0477,-25.9036,55.9094,-55.678,61.6187,-0.8115,2.0047,1,89.3958
163589,18958205,G,162.734,25.821,-38.3089,-156.039,46.1985,-1.9315,-0.9777,-1,G,103.637,-20.72,36.7897,-94.6462,42.2232,-1.5467,2.0837,1,89.9029
163589,19418322,G,68.4669,18.899,35.2576,-55.5647,40.0033,-1.1316,1.0787,-1,G,36.5164,-28.4457,-22.1677,5.7334,36.0634,0.1583,-2.4796,1,90.9718
163589,19944997,G,254.917,-45.4513,-8.8666,-250.675,46.3081,-2.3904,-2.9489,-1,G,181.836,40.0832,7.3311,-177.212,40.7481,-2.1761,0.1809,1,87.3767
163589,20706391,G,54.8058,-17.1477,-28.1586,43.7803,32.9689,1.0954,-2.1178,-1,G,37.3561,2.9019,30.2713,-21.6955,30.4101,-0.6636,1.4752,1,88.3101
163589,20554526,G,65.7598,33.2716,-28.2459,49.1884,43.6444,0.9684,-0.7039,-1,G,50.6703,-25.8435,24.0551,36.3447,35.3063,0.902,2.392,1,78.5322
163589,20657326,G,42.7498,33.1602,-26.6844,-3.985,42.5636,-0.0935,-0.6776,-1,G,56.1383,-34.8903,24.8689,-36.2726,42.8462,-0.7686,2.5223,1,90.2879
163589,20324409,G,33.4138,-12.9205,24.4567,18.7456,27.6599,0.6343,2.0568,1,G,66.6968,24.548,-41.4999,-46.0826,48.2166,-0.8497,-1.0366,-1,94.0699
163589,20910239,G,55.9535,14.0636,33.0006,-42.9414,35.8723,-1.0141,1.1679,-1,G,50.5322,-1.9153,-48.7763,-13.0649,48.8139,-0.2646,-1.61,1,88.3518
163589,21145815,G,63.2725,-37.798,-17.2551,-47.7176,41.5503,-0.9825,-2.7133,-1,G,58.1005,47.4478,10.7596,-31.7584,48.6525,-0.6135,0.223,1,90.9926
163589,21595182,G,72.0606,-25.9755,-13.0193,-65.9431,29.0557,-1.5581,-2.677,-1,G,26.6902,19.1928,8.841,16.3043,21.1312,0.7103,0.4317,1,84.9956
163589,21465001,G,47.5076,29.584,-36.9125,-4.384,47.3048,-0.0925,-0.8952,1,G,45.7521,-36.4209,24.5739,-12.7624,43.9359,-0.2865,2.548,-1,90.5781
163589,21464598,G,85.0976,31.2803,-12.7116,78.1124,33.7645,1.5756,-0.386,1,G,60.1057,-42.4207,9.9587,41.4004,43.5739,0.8457,2.911,-1,81.6639
163589,21649247,G,144.027,50.2398,14.9481,134.15,52.4164,1.669,0.2892,-1,G,60.919,-28.1746,-27.8097,46.3026,39.5877,0.9964,-2.3627,1,93.7409
163589,22127876,G,277.547,-22.1012,51.0649,-271.912,55.6425,-2.29,1.9793,1,G,45.1551,29.1741,-4.3251,-34.1927,29.4929,-0.9897,-0.1472,-1,90.564
163589,23006586,G,87.1913,13.7168,-39.532,76.4944,41.8442,1.364,-1.2368,-1,G,77.6391,-18.2607,40.552,63.6388,44.4738,1.1558,1.9939,1,86.6607
163589,22764972,G,47.5011,-19.6172,-14.7091,-40.6836,24.5193,-1.28,-2.4982,1,G,42.8063,24.2233,17.7214,30.5214,30.0136,0.8933,0.6316,-1,89.5649
163589,23886463,G,50.0906,0.9005,33.4787,-37.2482,33.4908,-0.9585,1.5439,-1,G,45.7737,29.572,-13.2964,32.3098,32.4237,0.8789,-0.4225,1,88.4854
163589,23472807,G,95.5737,11.0881,-48.2989,81.7227,49.5553,1.2747,-1.3451,-1,G,55.908,1.9035,41.0077,37.9531,41.0519,0.827,1.5244,1,91.665
163589,23719709,G,126.537,-17.6771,-33.061,-120.856,37.4902,-1.8869,-2.0618,1,G,53.5289,19.584,37.9633,-32.2581,42.717,-0.6973,1.0945,-1,94.6162
163589,23634137,G,42.6814,13.9493,-26.106,30.7503,29.5991,0.9086,-1.0801,-1,G,54.3635,-46.0655,16.8045,-23.4725,49.0349,-0.4621,2.7918,1,90.8117
163589,23330137,G,159.663,9.9628,107.348,117.769,107.81,0.9452,1.4783,-1,G,31.0276,17.5029,21.9757,-13.1689,28.0942,-0.4531,0.8982,1,89.1229
163589,24191507,G,87.2637,38.8565,16.7614,76.3163,42.3175,1.3521,0.4073,-1,G,53.7105,-40.2269,-19.5277,29.7534,44.7162,0.6241,-2.6897,1,92.8085
163589,24403350,G,110.775,-13.8799,-30.0751,-105.707,33.1235,-1.8773,-2.0032,1,G,40.9134,13.9957,35.6643,-14.3553,38.3121,-0.3664,1.1968,-1,92.5377
163589,24113868,G,49.1978,-48.8596,-3.048,-4.8842,48.9546,-0.0996,-3.0793,-1,G,50.1589,46.1386,4.9565,19.0413,46.4041,0.3996,0.107,1,98.2868
163589,24409905,G,94.6435,18.9948,-7.1359,-92.4427,20.2909,-2.2214,-0.3594,1,G,28.6441,-26.8379,9.7606,-2.2205,28.5577,-0.0777,2.7928,-1,78.5513
163589,24712292,G,128.286,51.5542,-65.817,-97.3019,83.6045,-0.9926,-0.9063,-1,G,22.8186,7.7059,21.2943,2.8009,22.6458,0.1234,1.2236,1,91.6964
163589,24997613,G,80.069,-20.0443,-12.656,-76.4793,23.7054,-1.8877,-2.5784,-1,G,36.2355,34.0325,12.407,0.9273,36.2235,0.0256,0.3496,1,87.3092
163589,25170371,G,39.1788,-37.3404,11.7372,1.7018,39.1417,0.0435,2.837,-1,G,67.8082,34.8367,-33.4271,-47.6128,48.2801,-0.8716,-0.7648,1,94.1365
163589,24626731,G,47.4184,23.8285,-37.5973,-16.3443,44.5124,-0.3594,-1.0059,1,G,52.6974,-27.1448,38.7021,-23.2875,47.2726,-0.4746,2.1824,-1,91.871
163589,25591477,G,68.1453,-32.2908,14.1986,58.3051,35.2745,1.2767,2.7273,1,G,47.1682,43.0535,-13.5463,13.701,45.1343,0.2991,-0.3048,-1,89.4207
163589,25718008,G,65.9959,20.9328,-34.5816,-52.1668,40.4237,-1.0727,-1.0265,-1,G,34.3485,-29.5822,15.7132,7.6026,33.4964,0.2251,2.6533,1,87.4769
163589,25308237,G,67.4774,35.4649,-21.4524,53.2468,41.4484,1.0691,-0.544,-1,G,43.5271,-39.4341,16.5682,8.0648,42.7733,0.1874,2.7438,1,92.3216
163589,25300930,G,46.1779,-15.8659,-43.2953,-2.4866,46.1108,-0.0539,-1.9221,-1,G,26.3613,20.253,16.6795,-2.553,26.2371,-0.0972,0.6889,1,67.1483
163589,25826165,G,108.933,-32.2296,-13.9278,103.119,35.1103,1.7983,-2.7337,1,G,84.1884,46.0156,20.6419,67.4103,50.4333,1.1006,0.4217,-1,89.3324
163589,26414929,G,92.5422,-21.599,-37.6412,-81.7353,43.3979,-1.3902,-2.0917,-1,G,46.4563,22.9269,33.372,-22.7782,40.4886,-0.5365,0.9688,1,91.5287
163589,26377826,G,104.391,30.733,29.8038,95.2082,42.811,1.5395,0.7701,-1,G,123.22,-33.498,-35.9483,112.999,49.1365,1.5702,-2.3209,1,91.7113
163589,25935105,G,64.9601,-29.3041,-17.0703,-55.4047,33.9135,-1.2667,-2.6141,1,G,36.9386,26.0361,23.6229,11.3371,35.1557,0.3171,0.7368,-1,91.5849
163589,26283502,G,80.0812,4.6523,22.3627,-76.7545,22.8415,-1.9266,1.3657,1,G,38.795,-12.5962,-36.1492,6.2937,38.281,0.1637,-1.9061,-1,94.4121
163589,26309199,G,47.7808,-42.7096,-18.7919,-10.2832,46.661,-0.2186,-2.7271,-1,G,58.5349,36.4321,10.9055,-44.4982,38.0293,-0.9967,0.2908,1,90.5561
163589,26099229,G,27.8731,6.385,-25.8797,-8.147,26.6557,-0.3011,-1.3289,-1,G,90.1293,-25.5782,71.4312,-48.6478,75.8727,-0.6038,1.9146,1,90.8603
163589,26416580,G,229.012,126.15,101.045,162.242,161.629,0.8841,0.6753,1,G,33.6871,24.4038,22.1563,-6.9548,32.9612,-0.2095,0.7372,-1,83.9738
163589,26958571,G,50.3053,-20.7951,-7.5342,45.182,22.1178,1.4626,-2.794,1,G,54.4969,48.001,-25.0778,-6.0758,54.1571,-0.112,-0.4814,-1,87.4672
163589,26661354,G,189.873,-16.6688,-55.772,-180.73,58.2097,-1.8511,-1.8612,1,G,33.6289,14.2697,20.017,-22.9475,24.5826,-0.8336,0.9515,-1,84.7605
163589,26784578,G,56.0859,-32.1744,14.8094,-43.487,35.419,-1.0336,2.7102,1,G,37.7704,20.703,-10.0208,29.9594,23.0007,1.08,-0.4508,-1,92.0408
163589,27240077,G,83.3247,15.2438,35.9717,-73.5979,39.0684,-1.3904,1.17,-1,G,233.666,9.5381,-43.4397,-229.395,44.4745,-2.3429,-1.3546,1,89.492
163589,27361012,G,77.0964,43.1873,1.5426,63.846,43.2148,1.1822,0.0357,1,G,44.1338,-40.869,-6.2874,15.4265,41.3498,0.3649,-2.9889,-1,91.5682
163589,27176469,G,67.7411,0.5632,44.8621,50.7534,44.8657,0.9712,1.5582,-1,G,39.3217,1.9948,-39.0671,-3.996,39.118,-0.102,-1.5198,1,96.1044
163589,28336339,G,39.9387,32.6667,-22.4949,4.6858,39.6628,0.1179,-0.603,1,G,60.7944,-32.1628,28.62,42.9232,43.0529,0.8792,2.4144,-1,88.5595
163589,27968866,G,47.0248,-18.7561,-17.5847,-39.374,25.7102,-1.2121,-2.3884,1,G,63.1731,54.4169,32.0584,1.3722,63.1581,0.0217,0.5324,-1,96.0118
163589,28304039,G,136.729,1.9273,-38.9345,131.054,38.9821,1.9271,-1.5213,1,G,41.5487,-26.8508,-31.2329,5.4608,41.1881,0.1322,-2.2809,-1,87.1889
163589,28215827,G,32.1085,-20.7594,-17.8331,16.792,27.3673,0.5804,-2.4319,-1,G,95.1411,25.2132,75.9537,51.4504,80.0292,0.6053,1.2503,1,90.2086
163589,28234294,G,37.3641,-28.5253,-22.226,9.4011,36.1619,0.2571,-2.4797,-1,G,39.7614,34.0137,19.8105,5.6188,39.3623,0.1423,0.5274,1,75.4108
163589,27835377,G,39.1357,12.7432,-36.9718,1.514,39.1063,0.0387,-1.2389,-1,G,58.3454,-19.111,39.8666,-38.0736,44.2106,-0.7797,2.0178,1,90.0946
163589,28417686,G,35.9298,21.1316,-9.8508,-27.3378,23.3149,-0.9983,-0.4362,-1,G,59.769,-33.3472,27.7332,41.1237,43.3725,0.8442,2.4478,1,92.1912
163589,28948086,G,49.7438,-11.8867,-28.7586,-38.8082,31.1184,-1.0458,-1.9627,-1,G,43.4386,5.9806,22.2771,36.8085,23.0659,1.2468,1.3085,1,92.7474
163589,29034219,G,74.9032,28.9819,30.8296,61.8067,42.3133,1.1728,0.8163,1,G,39.9448,-17.8398,-34.7938,8.1676,39.1008,0.2074,-2.0446,-1,90.2985
163589,29667051,G,81.2985,-49.4196,-10.2022,-63.7421,50.4616,-1.0558,-2.938,1,G,67.6033,38.2881,19.9382,-52.0259,43.1684,-1.0193,0.4801,-1,92.4707
163589,29434904,G,73.5478,25.8948,18.7453,-66.237,31.9676,-1.4754,0.6266,-1,G,34.8084,-28.6368,-16.8448,10.3827,33.2237,0.3076,-2.6099,1,92.7913
163589,29397419,G,46.1801,-6.0225,-37.2509,-26.6212,37.7346,-0.6572,-1.7311,1,G,51.8449,6.8104,50.7429,-8.1641,51.1979,-0.1588,1.4374,-1,90.6434
163589,29892398,G,123.494,-47.5951,-11.6132,-113.36,48.9915,-1.5758,-2.9023,1,G,98.6642,41.2776,0.3489,-89.6139,41.279,-1.5176,0.0085,-1,89.3805
163589,30400116,G,161.444,-41.6645,13.4858,155.391,43.7927,1.9789,2.8286,1,G,76.3115,37.0668,-17.2955,64.4232,40.9033,1.2357,-0.4366,-1,90.4087
163589,30122071,G,221.004,-33.5529,-31.0755,-216.221,45.7327,-2.2576,-2.3945,-1,G,100.099,28.4133,27.1894,-92.0503,39.3266,-1.5864,0.7634,1,89.6376
163589,30186808,G,79.2395,38.8332,6.852,68.7307,39.4331,1.3224,0.1746,-1,G,33.4108,-33.0925,-4.5628,0.581,33.4056,0.0174,-3.0046,1,88.5876
163589,31198635,G,72.2564,-1.7461,36.5275,-62.3191,36.5692,-1.3029,1.6186,1,G,27.227,8.2216,-18.3224,18.3846,20.0825,0.8203,-1.149,-1,87.1398
163589,31164414,G,45.5137,30.3646,-15.4359,-30.1862,34.0628,-0.7986,-0.4703,1,G,44.402,-35.8944,14.655,21.6416,38.7708,0.5326,2.754,-1,89.3344
163589,30839275,G,46.6513,9.2687,-42.7734,-16.1511,43.7661,-0.3611,-1.3574,-1,G,46.6384,-4.0466,43.9144,-15.1751,44.1004,-0.3377,1.6627,1,87.7101
163589,30962457,G,50.6828,-22.5774,-37.5755,-25.4377,43.8367,-0.5518,-2.1118,1,G,62.011,34.2745,36.1933,-36.8869,49.8468,-0.6851,0.8126,-1,93.1493
163589,30736068,G,78.6308,-4.3038,-31.2133,-72.0417,31.5086,-1.5649,-1.7078,-1,G,37.0009,-18.5914,-16.5927,27.3514,24.919,0.9487,-2.4129,1,92.5413
163589,32426626,G,47.8151,-25.5442,-9.429,39.3047,27.2289,1.163,-2.788,1,G,53.3633,9.2634,46.9639,-23.5842,47.8687,-0.4747,1.376,-1,91.1921
163589,32607638,G,41.2888,-25.5014,-26.4053,18.8996,36.7091,0.4945,-2.3388,-1,G,52.4528,25.676,23.4485,-39.2708,34.7719,-0.97,0.7401,1,91.4535
163589,32813276,G,99.1188,-17.5756,-22.6299,-94.8869,28.6533,-1.9126,-2.2311,1,G,32.715,24.9723,21.078,1.5371,32.6787,0.047,0.701,-1,92.7839
163589,32154091,G,150.379,-36.2841,16.5619,-144.993,39.8853,-2.0022,2.7134,1,G,194.056,44.3231,-22.9197,-187.531,49.8984,-2.0343,-0.4772,-1,89.2085
163589,32382306,G,118.605,33.9177,-16.8286,112.399,37.8631,1.8084,-0.4606,1,G,130.685,-44.3723,24.6192,120.43,50.7446,1.5991,2.6351,-1,88.1243
163589,32822493,G,25.6278,-5.5835,24.5107,-4.982,25.1386,-0.1969,1.7948,-1,G,96.1223,40.9633,-57.2642,-65.4393,70.4073,-0.8306,-0.9498,1,86.8297
163589,32790354,G,98.7771,-16.3517,34.1894,-91.2174,37.8984,-1.6121,2.0169,-1,G,33.521,16.3929,-29.236,0.42,33.5182,0.0125,-1.0598,1,96.0941
163589,33131212,G,131.959,17.2536,27.6062,127.881,32.5544,2.0772,1.0122,-1,G,37.3391,-22.6297,-21.431,20.5623,31.1671,0.6194,-2.3834,1,80.9914
163589,33598094,G,97.0891,-34.8479,-22.0356,87.8996,41.2304,1.5011,-2.5777,-1,G,55.993,43.9462,-21.0774,27.5624,48.7394,0.539,-0.4472,1,90.3392
163589,33397739,G,41.9476,19.3894,-10.0603,35.8111,21.8439,1.2697,-0.4786,-1,G,51.5674,-31.1098,25.6012,-32.186,40.2895,-0.7318,2.453,1,91.3949
163589,33995249,G,39.9621,18.9743,-9.2978,33.9188,21.1299,1.2518,-0.4556,-1,G,93.0169,-89.3578,11.1952,23.2805,90.0564,0.2557,3.017,1,97.2328
163589,33836691,G,327.142,-1.3338,-60.407,321.514,60.4217,2.3735,-1.5929,-1,G,320.316,56.8516,9.8773,315.076,57.7032,2.3989,0.172,1,91.2158
163589,33778357,G,38.6323,-30.5977,-14.5313,18.576,33.873,0.5241,-2.6982,1,G,83.1217,-5.985,61.6931,55.3837,61.9827,0.8041,1.6675,-1,76.1018
163589,35040682,G,124.839,16.6236,62.276,106.912,64.4565,1.2797,1.3099,-1,G,64.5348,16.7552,-33.0639,52.8278,37.067,1.1525,-1.1018,1,91.5328
163589,34610874,G,40.7983,5.9382,-21.7886,-33.9777,22.5833,-1.1973,-1.3047,-1,G,43.4425,-5.1182,19.4139,38.5246,20.0773,1.4067,1.8286,1,84.0805
163589,35868667,G,35.5552,-33.8293,10.6918,2.3288,35.4786,0.0656,2.8355,1,G,69.2588,49.0672,-15.4654,46.368,51.4468,0.8098,-0.3053,-1,91.4308
163589,35640841,G,93.408,-21.7605,-37.4499,-82.7589,43.313,-1.403,-2.0972,1,G,53.2518,35.9573,25.6707,-29.7292,44.1805,-0.6303,0.62,-1,92.278
163589,35923045,G,95.8939,18.1993,19.9365,-92.016,26.9941,-1.9404,0.8309,-1,G,26.8851,2.233,-26.4367,-4.3487,26.5308,-0.1632,-1.4865,1,72.9985
163589,35702496,G,51.1687,-20.7501,-36.8048,28.863,42.2511,0.6388,-2.0842,-1,G,50.3265,41.3577,28.6731,0.3724,50.325,0.0074,0.6062,1,94.635
163589,36726064,G,58.7552,28.9418,-38.892,33.1955,48.479,0.6401,-0.931,-1,G,40.706,-20.2412,34.9189,-5.2853,40.3613,-0.1306,2.0961,1,94.9846
163589,36114221,G,38.1206,16.3132,-33.3567,-8.6242,37.1321,-0.2302,-1.1159,-1,G,58.4699,-17.3833,49.8562,-25.1179,52.7998,-0.4594,1.9063,1,88.9822
163589,37060958,G,51.6478,11.421,37.8167,33.2707,39.0689,0.7652,1.2776,1,G,48.9488,-34.1475,-34.2074,-7.7313,48.3343,-0.1593,-2.3553,-1,94.5404
163589,37490389,G,52.6594,-4.2717,-52.0017,-7.1114,52.1769,-0.1359,-1.6528,1,G,41.3883,24.6572,33.2391,-0.4073,41.3862,-0.0098,0.9326,-1,89.5591
163589,36852817,G,92.8535,-1.3987,36.3746,85.4206,36.4015,1.5887,1.6092,1,G,40.7869,6.69,-39.9393,4.8631,40.4958,0.1198,-1.4048,-1,98.3253
163589,38097547,G,51.9572,29.4966,32.0457,-28.3295,43.5543,-0.6116,0.8268,1,G,49.398,-27.58,-33.6318,23.4179,43.4943,0.5153,-2.2576,-1,101.206
163589,37724668,G,46.4659,-44.1975,-2.9577,-14.0322,44.2963,-0.3117,-3.0748,-1,G,53.7664,44.6979,0.5785,-29.8761,44.7016,-0.6265,0.0129,1,90.0703
163589,38121568,G,43.5183,41.5119,-12.2255,-4.5972,43.2747,-0.106,-0.2864,1,G,47.9869,-39.5323,22.6785,15.0207,45.5754,0.3239,2.6208,-1,90.285
163589,42733330,G,213.693,-6.3533,-38.3965,210.119,38.9186,2.3878,-1.7348,1,G,67.1623,3.928,37.6261,55.4942,37.8306,1.1763,1.4668,-1,91.2294
163589,42116310,G,97.4076,29.9185,-40.7968,83.239,50.5915,1.2728,-0.938,1,G,29.9471,-6.2234,28.985,-4.2378,29.6456,-0.1425,1.7823,-1,96.3175
163589,42564600,G,175.454,6.4387,-34.032,172.002,34.6357,2.3058,-1.3838,1,G,86.8527,-0.1768,32.5168,80.5358,32.5173,1.6385,1.5762,-1,70.628
163589,42190709,G,48.5928,-4.6684,-46.4471,13.4955,46.6811,0.2852,-1.671,1,G,55.9433,4.3614,41.8555,36.861,42.0821,0.7909,1.467,-1,91.4923
163589,43130687,G,86.7035,-11.0351,-17.3345,-84.2332,20.5489,-2.1185,-2.1377,-1,G,30.1206,15.5626,23.1399,11.3839,27.8863,0.3977,0.9787,1,91.0312
163589,43522431,G,55.8145,-2.2301,-36.5099,-42.158,36.5779,-0.9852,-1.6318,1,G,36.8009,5.3599,31.9142,17.5228,32.3612,0.518,1.4044,-1,89.1056
163589,43349804,G,61.8194,-19.8422,31.2583,-49.5058,37.0243,-1.1009,2.1364,-1,G,35.2849,15.6698,-30.0539,-9.8097,33.8937,-0.2855,-1.0902,1,76.7597
163589,43055138,G,64.9982,-25.8495,-17.3709,57.0509,31.144,1.3658,-2.5499,-1,G,29.2069,17.2268,15.8133,-17.4988,23.3843,-0.6918,0.7426,1,85.0498
163589,43132361,G,72.5893,-29.8238,35.8158,-55.6503,46.6072,-1.0121,2.2652,1,G,63.937,30.0277,-33.6189,-45.3436,45.0765,-0.8856,-0.8418,-1,91.8411
163589,42942548,G,82.068,18.1715,24.9899,76.0292,30.8982,1.6325,0.9421,-1,G,51.5807,-17.6867,-44.7002,18.6983,48.0721,0.3798,-1.9476,1,92.195
163589,43147011,G,106.276,49.9586,7.6512,-93.4892,50.5411,-1.3744,0.152,1,G,25.0189,-20.6243,-12.8226,6.0127,24.2854,0.2451,-2.5854,-1,93.2686
163589,44068011,G,30.6845,14.0619,21.0861,-17.2964,25.3448,-0.6382,0.9826,1,G,105.307,-89.5081,49.8639,-24.3199,102.46,-0.2352,2.6333,-1,77.69
163589,44052168,G,61.3147,29.8579,21.5762,49.0149,36.8378,1.097,0.6258,-1,G,83.7545,-42.4883,-41.8748,58.7882,59.6553,0.8711,-2.3635,1,94.0852
163589,43647955,G,46.6321,-17.1349,-37.9788,-20.9417,41.6652,-0.4836,-1.9946,1,G,72.4203,15.1737,45.9211,-53.9046,48.3631,-0.9601,1.2517,-1,92.2204
163589,43762901,G,97.5544,14.8332,-39.6774,87.8779,42.3594,1.4765,-1.213,-1,G,52.0084,-14.6152,39.4154,30.6216,42.0379,0.6758,1.9259,1,91.2512
163589,38905538,G,173.74,-25.9131,-93.5251,144.108,97.0487,1.1864,-1.8411,-1,G,26.3121,23.2325,-12.1389,-2.2842,26.2126,-0.087,-0.4815,1,93.4598
163589,38605828,G,49.4124,26.09,-35.6328,22.1628,44.1632,0.4829,-0.9388,-1,G,42.6934,-26.895,31.27,-11.0254,41.245,-0.2642,2.2811,1,91.3223
163589,38824943,G,30.8183,-15.9592,23.2237,-12.4788,28.1786,-0.4295,2.1729,-1,G,70.8276,14.6766,-46.2018,51.6384,48.4769,0.9267,-1.2632,1,90.9328
163589,38460043,G,123.545,-23.5601,55.7325,-107.714,60.5078,-1.3408,1.9708,1,G,30.5576,-8.0525,-28.093,-8.9271,29.2243,-0.3009,-1.8499,-1,91.5386
163589,39768616,G,219.309,39.8714,-27.3047,213.918,48.3247,2.1933,-0.6005,-1,G,179.62,-36.9219,23.536,174.202,43.7855,2.0895,2.5741,1,92.1101
163589,39047196,G,36.0932,32.2865,-16.0557,1.582,36.0584,0.0439,-0.4615,-1,G,28.3362,-17.8722,14.6366,16.4098,23.1008,0.6611,2.4554,1,60.1469
163589,39651759,G,111.681,-23.7816,7.1451,-108.885,24.8318,-2.1841,2.8497,1,G,27.358,26.7587,-1.8227,5.3945,26.8207,0.1998,-0.068,-1,92.6515
163589,39405297,G,68.0739,-44.573,4.7618,-51.2311,44.8267,-0.9789,3.0352,-1,G,39.2918,36.0216,15.3561,-3.2369,39.1582,-0.0826,0.403,1,89.9044
163589,39515426,G,39.6597,15.7823,-34.4902,-11.5856,37.9296,-0.3009,-1.1417,-1,G,51.4309,-9.3377,41.9686,28.2236,42.9948,0.6166,1.7897,1,89.0124
163589,39551394,G,35.5331,-32.4551,1.8104,14.352,32.5056,0.4283,3.0859,1,G,59.8897,54.1238,0.2305,-25.6385,54.1242,-0.4576,0.0043,-1,92.2195
163589,40269489,G,74.3808,41.3641,12.932,-60.4506,43.3385,-1.135,0.303,-1,G,36.4156,-34.947,-10.1897,0.9823,36.4022,0.027,-2.8579,1,93.2238
163589,40882086,G,67.248,6.1801,-41.6449,52.4384,42.101,1.0448,-1.4235,1,G,55.5309,-4.7417,44.5559,32.8017,44.8075,0.6787,1.6768,-1,88.3075
163589,41193817,G,168.634,34.2142,25.7726,163.103,42.835,2.047,0.6456,-1,G,86.6498,-32.5371,-25.602,76.1187,41.4021,1.369,-2.4749,1,89.1067
163589,41742817,G,60.6052,-22.1814,-41.8719,-37.785,47.3843,-0.7306,-2.058,-1,G,61.855,7.5087,43.5919,-43.2364,44.2339,-0.8653,1.4002,1,90.6299
163589,41501470,G,106.215,-34.1979,-15.1499,-99.4116,37.4034,-1.7043,-2.7246,-1,G,164.623,56.4088,7.2136,-154.489,56.8682,-1.7248,0.1272,1,91.2785
163589,42043636,G,135.97,-23.4333,-38.5352,128.273,45.1008,1.768,-2.1172,1,G,151.136,29.6538,41.4397,142.286,50.9568,1.7506,0.9497,-1,95.8158
163589,41582158,G,129.699,-33.2602,-35.1219,120.342,48.3714,1.6427,-2.329,1,G,125.764,21.6946,38.446,117.762,44.1446,1.7078,1.0571,-1,91.7795
163589,41991027,G,53.903,4.3806,-31.0379,43.8518,31.3455,1.1374,-1.4306,-1,G,38.1394,-5.5363,29.6638,-23.324,30.1761,-0.7114,1.7553,1,89.7061
163589,41370210,G,69.9656,43.4663,6.6811,-54.4171,43.9767,-1.0397,0.1525,1,G,33.8067,-32.2549,-7.1249,7.1929,33.0325,0.2161,-2.9242,-1,91.7207
163589,61975843,G,67.9189,-46.7942,-6.252,48.828,47.21,0.9054,-3.0088,-1,G,68.5025,39.9435,5.145,55.4132,40.2735,1.1239,0.1281,1,87.7291
163589,62401896,G,89.116,20.6721,-44.3497,74.481,48.9309,1.207,-1.1346,1,G,48.6779,-11.745,38.0058,28.056,39.7792,0.657,1.8705,-1,91.3968
163589,62013953,G,88.2158,-25.3997,32.4525,-77.9981,41.2106,-1.3946,2.2349,-1,G,85.4435,40.588,-31.1534,-68.43,51.1656,-1.1011,-0.6546,1,92.1086
163589,44942209,G,101.025,33.2568,-38.4489,-87.3019,50.8363,-1.3096,-0.8577,-1,G,58.1759,-28.0881,27.523,-42.8715,39.325,-0.9437,2.3664,1,90.8493
163589,44858749,G,68.1043,21.8027,34.1233,-54.7579,40.4939,-1.1099,1.0022,-1,G,30.7414,-7.9991,-20.5583,21.4101,22.0597,0.8604,-1.9419,1,91.0157
163589,45031871,G,65.1561,-11.7403,32.2621,-55.3772,34.3319,-1.2558,1.9198,1,G,40.641,15.8227,-37.1919,4.2531,40.4177,0.105,-1.1686,-1,92.4034
163589,44635943,G,138.182,22.1864,16.7394,-135.358,27.7929,-2.2867,0.6464,1,G,26.5268,-15.142,-13.5012,-17.0908,20.2871,-0.7655,-2.4134,-1,61.8726
163589,45307655,G,191.142,-32.4582,14.8464,187.78,35.6925,2.3624,2.7126,-1,G,65.8684,30.2055,-24.831,53.0065,39.1018,1.1119,-0.6881,1,89.2833
163589,45370014,G,50.7361,27.5048,-8.4115,41.7956,28.7622,1.1685,-0.2968,1,G,40.4561,-34.7487,3.2055,20.4679,34.8962,0.5572,3.0496,-1,66.0279
163589,45679899,G,84.5316,15.2309,-37.3012,-74.3116,40.2909,-1.3718,-1.1831,1,G,34.5293,-19.5314,26.3848,-10.7066,32.8273,-0.3206,2.208,-1,82.5212
163589,45748896,G,44.9456,-43.0401,4.2055,-12.2457,43.2451,-0.2795,3.0442,-1,G,56.1274,31.7237,-33.5326,31.9288,46.1609,0.6458,-0.8131,1,94.0222
163589,47032637,G,167.548,-7.6601,38.3148,-162.929,39.073,-2.1351,1.7681,1,G,73.0111,11.099,-40.0956,-59.9981,41.6034,-1.1622,-1.3007,-1,90.3192
163589,46738732,G,101.38,37.8214,-28.5767,-89.6144,47.4034,-1.3936,-0.6471,-1,G,71.3792,-33.6273,24.9278,-57.8169,41.8592,-1.127,2.5037,1,89.8818
163589,46953765,G,42.6845,35.6752,-5.6017,-22.7564,36.1123,-0.5945,-0.1557,-1,G,46.5229,-36.0911,11.4287,27.0405,37.8574,0.6643,2.8349,1,88.9127
163589,47105582,G,40.8189,-30.137,-23.0001,-15.1303,37.911,-0.3892,-2.4897,-1,G,49.983,29.6198,23.2636,-32.8597,37.6633,-0.7883,0.6658,1,77.0818
163589,47680282,G,53.6346,-7.4573,-43.1652,-30.9486,43.8046,-0.658,-1.7419,1,G,54.8544,7.3264,45.0095,-30.4871,45.6019,-0.6267,1.4094,-1,89.3985
163589,48120707,G,101.837,11.99,-27.5235,97.3106,30.0218,1.8921,-1.16,-1,G,39.3698,-30.5652,22.3535,10.7731,37.867,0.2808,2.5101,1,88.7995
163589,47616218,G,122.672,13.8324,27.5821,-118.727,30.8562,-2.0571,1.1059,1,G,34.7637,33.4413,-7.7337,5.5114,34.3239,0.1599,-0.2273,-1,96.6399
163589,48524578,G,133.565,-16.4364,-37.7439,127.062,41.1675,1.8454,-1.9815,1,G,63.062,12.7221,40.3239,46.7861,42.2832,0.9547,1.2652,-1,91.752
163589,48912477,G,45.2111,43.7382,-10.2115,5.17,44.9144,0.1149,-0.2294,-1,G,45.2014,-42.1606,5.3331,-15.4012,42.4966,-0.3549,3.0158,1,89.6853
163589,48365911,G,51.5668,35.6957,2.7604,-37.1122,35.8023,-0.907,0.0772,-1,G,72.5777,-59.316,14.0914,-39.3771,60.9668,-0.6078,2.9083,1,93.3774
163589,48544620,G,125.283,32.6481,23.2369,-118.701,40.0731,-1.8064,0.6186,1,G,111.177,-34.7511,-28.8266,-101.596,45.151,-1.5502,-2.4491,-1,85.7141
163589,48771536,G,126.33,29.078,4.4209,-122.859,29.4121,-2.1368,0.1509,1,G,29.3793,-28.1746,7.7136,-3.1345,29.2114,-0.1071,2.8744,-1,90.6816
163589,49159727,G,63.9283,-36.4108,3.5173,-52.428,36.5803,-1.1571,3.0453,-1,G,31.4532,15.4874,-20.2582,18.4129,25.5001,0.6707,-0.9181,1,84.9856
163589,49531860,G,55.6061,22.8852,22.0455,45.6322,31.7763,1.1588,0.7667,1,G,75.9756,-27.3598,-56.9637,42.1766,63.1935,0.6258,-2.0186,-1,91.4553
163589,49548378,G,194.661,-19.9037,-30.1241,-191.284,36.1057,-2.3692,-2.1547,1,G,87.5736,21.4965,33.5634,-77.9777,39.8573,-1.424,1.0011,-1,84.5018
163589,49021300,G,43.5767,25.9051,-26.011,-23.4792,36.7103,-0.6025,-0.7874,-1,G,50.4325,-35.5622,35.3715,5.2554,50.1579,0.1046,2.3589,1,91.2401
163589,49519115,G,50.758,30.8722,-40.1971,-2.7318,50.6843,-0.0539,-0.9159,-1,G,55.011,2.7394,36.8686,40.7358,36.9703,0.9516,1.4966,1,92.7468
163589,49059271,G,73.1263,-27.6276,-0.7158,-67.7026,27.6368,-1.6284,-3.1157,-1,G,34.5836,31.5912,-0.5932,-14.0593,31.5967,-0.4314,-0.0188,1,69.9928
163589,50450957,G,94.9754,39.1705,-13.0953,-85.5248,41.3015,-1.4748,-0.3226,-1,G,75.1888,-41.4552,19.9574,-59.4686,46.0091,-1.0739,2.6929,1,88.7719
163589,50178076,G,57.5182,-46.652,-32.9634,6.7333,57.1226,0.1176,-2.5265,1,G,38.7688,20.1371,29.1982,15.6516,35.4688,0.4281,0.967,-1,89.7379
163589,50358792,G,82.128,34.834,9.4101,-73.777,36.0826,-1.4634,0.2638,1,G,54.5402,-40.5746,-12.8547,-34.1039,42.5622,-0.7337,-2.8348,-1,83.6366
163589,50074675,G,63.9511,34.8074,12.5914,-52.1501,37.0148,-1.1431,0.3471,1,G,37.2015,-2.6251,-21.5507,30.2096,21.71,1.133,-1.692,-1,92.922
163589,51472229,G,40.8536,-39.9293,-8.3079,2.3748,40.7844,0.0582,-2.9365,1,G,44.6023,43.6947,8.7308,1.9752,44.5584,0.0443,0.1972,-1,85.261
163589,51436607,G,113.399,-17.1041,31.8816,107.473,36.18,1.8091,2.0632,-1,G,48.407,19.4857,-34.342,28.0029,39.485,0.6602,-1.0547,1,88.4075
163589,52040889,G,39.7114,-15.6848,20.6938,-30.0456,25.9663,-0.9882,2.2194,-1,G,33.4434,20.5099,-2.4309,26.3037,20.6535,1.0622,-0.118,1,70.5748
163589,52297296,G,70.9072,4.4876,-37.0893,60.2666,37.3598,1.2559,-1.4504,-1,G,32.7294,-3.2497,31.0166,-9.9304,31.1863,-0.3133,1.6752,1,90.3792
163589,52068512,G,53.1847,-28.3557,-33.8231,29.6741,44.1367,0.6298,-2.2685,1,G,61.7552,29.026,33.9985,42.6063,44.7035,0.8478,0.8641,-1,89.3659
163589,52101605,G,84.6742,35.4708,27.9302,71.634,45.1473,1.2419,0.667,-1,G,42.311,-16.0538,-38.039,9.2476,41.2879,0.2221,-1.9702,1,95.416
160957,87687402,G,91.9795,41.6016,23.0491,78.729,47.56,1.278,0.5059,1,G,38.0289,-35.5321,-8.548,10.5162,36.5458,0.2839,-2.9055,-1,93.2221
160957,88414593,G,52.3181,25.839,37.0833,-26.3506,45.1976,-0.5542,0.9622,-1,G,52.6332,-17.5828,-42.7778,-25.1226,46.2504,-0.5195,-1.9608,1,90.9104
160957,88956239,G,88.364,-28.3358,35.7398,75.6831,45.6098,1.28,2.2412,-1,G,240.875,47.1354,11.9778,235.914,48.6335,2.2828,0.2488,1,93.1397
160957,88890765,G,61.4392,-18.4687,38.4266,-44.2387,42.6344,-0.9077,2.0188,1,G,43.735,23.515,-34.962,-11.7236,42.1342,-0.2748,-0.9787,-1,88.8389
160957,88994106,G,62.9571,-7.7039,-47.0809,-41.0806,47.7071,-0.7797,-1.733,1,G,57.784,5.8012,48.4809,-30.9019,48.8268,-0.5968,1.4517,-1,96.909
160957,90583356,G,40.6661,35.3915,16.4597,11.4122,39.0318,0.2884,0.4353,1,G,55.9453,-41.202,-4.4597,-37.5814,41.4427,-0.8139,-3.0338,-1,92.0389
160957,90822101,G,176.883,24.64,-33.0006,-172.021,41.1846,-2.1367,-0.9294,-1,G,265.525,-41.0216,37.8428,-259.593,55.8108,-2.2416,2.3965,1,95.6122
160957,90647278,G,163.251,-20.8017,-35.6438,157.948,41.2698,2.0519,-2.0991,-1,G,106.807,11.3902,46.076,95.6812,47.463,1.4507,1.3284,1,91.6827
160957,90864932,G,122.739,23.6586,20.9274,118.605,31.5862,2.0335,0.7242,-1,G,50.0322,-37.8685,-13.9473,29.5746,40.3553,0.6794,-2.7887,1,87.4186
160957,91451091,G,39.2552,20.4057,-6.171,-32.9619,21.3184,-1.2201,-0.2937,1,G,207.833,-56.1695,100.882,-172.807,115.465,-1.1929,2.0788,-1,91.9912
160957,91644564,G,46.0311,25.9453,-34.1747,-16.6668,42.9077,-0.3793,-0.9214,-1,G,51.4579,-19.8799,43.9376,-17.9495,48.2257,-0.3641,1.9957,1,90.4086
160957,92237143,G,115.169,-36.8345,-18.9071,-107.469,41.4036,-1.6822,-2.6674,-1,G,66.3894,40.0919,20.4938,-48.7872,45.0262,-0.9392,0.4725,1,92.3812
160957,93103130,G,40.0942,-32.3986,-8.4601,-22.0521,33.4849,-0.6184,-2.8862,1,G,39.9944,29.2027,12.5037,24.2981,31.767,0.705,0.4046,-1,79.891
160957,92857656,G,42.5177,-32.8771,26.9285,-1.3017,42.4976,-0.0306,2.4553,1,G,24.9261,10.4779,-19.0516,12.1882,21.7428,0.5347,-1.068,-1,62.1803
160957,93345285,G,77.3321,55.7183,-29.1866,44.9872,62.8998,0.6651,-0.4825,-1,G,28.4084,-27.5402,6.888,1.0571,28.3885,0.0372,2.8965,1,88.1461
160957,93515399,G,90.7414,30.9005,-17.1752,-83.5713,35.3529,-1.5955,-0.5073,1,G,84.1008,-42.7586,-53.7423,-48.5428,68.677,-0.6583,-2.2429,-1,89.1391
160957,93868536,G,42.8692,-25.1086,-24.9734,-24.1586,35.4135,-0.638,-2.3589,1,G,48.3157,23.8833,33.9599,24.7126,41.5173,0.5647,0.9579,-1,90.731
160957,94758756,G,53.5554,4.5439,-34.7668,-40.4819,35.0625,-0.9866,-1.4408,1,G,48.2626,4.4271,44.5276,18.082,44.7472,0.3938,1.4717,-1,98.4346
160957,96735921,G,44.1106,18.1859,-33.8109,-21.7218,38.3914,-0.5393,-1.0773,1,G,64.1669,-6.0323,57.8612,-27.0751,58.1748,-0.4501,1.6747,-1,92.8264
160957,96731526,G,61.4641,-24.1495,52.6459,20.5677,57.9206,0.348,2.0009,-1,G,52.5139,-12.6559,-35.7024,36.3712,37.8792,0.8529,-1.9115,1,90.0401
160957,96863263,G,68.1295,29.3242,-12.2097,60.2714,31.7645,1.3968,-0.3945,-1,G,48.3786,-35.3748,6.1227,-32.4286,35.9007,-0.8113,2.9702,1,112.806
160957,96951701,G,111.274,31.4236,-34.7005,100.947,46.8142,1.5114,-0.8349,1,G,102.78,-24.1273,36.0929,93.1609,43.4146,1.507,2.1601,-1,89.923
160957,97491497,G,84.0909,27.4359,-18.4613,77.3157,33.0688,1.5853,-0.5923,1,G,48.3752,-28.755,24.0693,30.561,37.499,0.7443,2.4447,-1,76.6596
160957,98258365,G,47.1645,28.8396,-32.0747,-19.078,43.1336,-0.429,-0.8385,-1,G,46.4475,-38.622,20.9937,-14.9991,43.959,-0.3349,2.6437,1,85.9272
160957,98669232,G,76.5027,13.3751,-34.1975,-67.114,36.7201,-1.3638,-1.198,1,G,56.5119,-14.76,34.9001,-41.9251,37.8929,-0.9547,1.9709,-1,76.164
160957,99133186,G,124.88,-2.4321,46.1908,-115.998,46.2547,-1.6501,1.6234,-1,G,69.7213,-1.8519,-41.318,-56.1288,41.3595,-1.1128,-1.6156,1,90.5538
160957,100121348,G,162.702,17.7077,41.1278,156.419,44.7779,1.9639,1.1642,1,G,91.4827,-5.8673,-44.5492,79.687,44.9339,1.3375,-1.7018,-1,93.338
160957,100750198,G,116.517,6.1646,63.2986,97.629,63.5981,1.2141,1.4737,1,G,26.0148,-22.6727,-12.4654,-2.706,25.8735,-0.1044,-2.6389,-1,91.9147
160957,100757628,G,48.3747,-34.0613,30.033,16.6717,45.4109,0.3593,2.419,-1,G,55.222,34.5064,-34.8542,-25.3761,49.046,-0.4967,-0.7904,1,103.117
160957,101236994,G,64.6812,-4.1877,43.3538,47.8179,43.5556,0.9489,1.6671,1,G,45.9383,4.1019,-45.365,5.9589,45.5501,0.1305,-1.4806,-1,96.6471
160957,101604288,G,62.0385,-20.8282,-21.9052,-54.1767,30.2267,-1.3467,-2.331,-1,G,35.8555,29.6514,16.4299,11.6817,33.8991,0.3381,0.506,1,87.5762
160957,101999475,G,50.228,-35.768,-28.1373,21.2551,45.5089,0.4516,-2.475,1,G,46.3249,36.9588,27.2072,6.3087,45.8932,0.137,0.6346,-1,92.5225
160957,102370083,G,165.981,38.7813,20.6751,-160.057,43.9483,-2.004,0.4898,-1,G,53.6988,-36.7954,-18.9798,-34.1967,41.4021,-0.7528,-2.6654,1,102.557
160957,102821063,G,167.491,-40.9726,-22.8629,160.785,46.9198,1.9454,-2.6326,-1,G,74.4565,28.1641,25.9552,63.8504,38.3,1.284,0.7446,1,88.9044
160957,102867516,G,54.2447,-2.8829,29.3805,45.5077,29.5216,1.2176,1.6686,1,G,38.0452,-5.1004,-31.6323,-20.5136,32.0409,-0.603,-1.7307,-1,88.4528
160957,103594602,G,65.3929,32.0092,-13.9542,55.2894,34.9186,1.2401,-0.4111,-1,G,35.4414,-30.1796,17.2339,-6.9474,34.7537,-0.1986,2.6227,1,88.4111
160957,103976026,G,38.4458,-34.393,-17.124,1.399,38.4202,0.0364,-2.6796,-1,G,49.867,34.2522,22.7917,28.1786,41.1421,0.6403,0.5871,1,83.0191
160957,104099715,G,48.7417,43.1083,-14.1218,-17.8324,45.3624,-0.3836,-0.3166,1,G,46.2395,-45.024,10.2627,-2.3654,46.1789,-0.0512,2.9175,-1,92.7088
160957,104702531,G,210.557,24.6017,-28.9917,-207.095,38.0232,-2.3965,-0.8671,-1,G,60.9972,-23.6218,25.1848,-50.283,34.5292,-1.1703,2.3242,1,86.502
160957,104465940,G,135.308,-27.4276,-21.8364,130.687,35.0585,2.0265,-2.4692,-1,G,26.9765,26.0225,5.6736,4.2849,26.6338,0.1602,0.2147,1,88.6317
160957,105091312,G,60.4773,-31.7008,11.7255,50.1504,33.7998,1.1857,2.7873,-1,G,46.6762,46.157,-4.7099,-5.0992,46.3967,-0.1097,-0.1017,1,95.8856
160957,106615701,G,76.8789,-18.3364,-40.1731,62.9306,44.16,1.1525,-1.999,-1,G,40.1139,15.1266,36.4183,7.3494,39.4348,0.1853,1.1771,1,93.4005
160957,107352080,G,69.1314,-25.4759,-21.55,60.5452,33.368,1.3575,-2.4395,1,G,45.1394,37.7021,24.1071,5.9128,44.7504,0.1317,0.5689,-1,92.1149
160957,107531614,G,180.613,-11.5961,49.3389,-173.356,50.6833,-1.9436,1.8016,1,G,50.8462,4.5964,-35.3748,-36.2329,35.6722,-0.8924,-1.4416,-1,96.9637
160957,107702268,G,171.219,48.1092,-0.8426,164.319,48.1166,1.9421,-0.0175,-1,G,55.8534,-34.3104,-9.4992,43.0366,35.6011,1.0216,-2.8715,1,90.9294
160957,107706696,G,68.073,-8.1807,-38.7697,55.3526,39.6234,1.1362,-1.7788,1,G,41.8398,11.3594,39.8587,5.7275,41.4458,0.1378,1.2932,-1,91.3168
160957,107830348,G,150.964,26.9993,-23.0385,-146.733,35.4927,-2.1267,-0.7064,1,G,26.944,-20.1129,12.1956,-13.1417,23.5215,-0.5331,2.5965,-1,76.9842
160957,107803686,G,65.6489,3.9179,-25.9767,60.1634,26.2705,1.5663,-1.4211,1,G,30.4473,-10.5362,22.4564,-17.6557,24.8053,-0.6623,2.0095,-1,85.8568
160957,107853290,G,75.6903,-17.264,39.0742,62.4834,42.7181,1.1739,1.9868,1,G,36.7991,9.2781,-35.5883,1.2473,36.7778,0.0339,-1.3158,-1,92.2841
160957,108102655,G,168.076,35.575,-9.4618,163.995,36.8118,2.1995,-0.26,-1,G,68.6927,-41.1769,6.3336,54.6171,41.0224,1.0851,2.989,1,90.7023
160957,108834857,G,41.7149,-18.1444,-8.7899,-36.5191,20.1613,-1.3559,-2.6905,-1,G,47.7643,17.4512,10.371,43.2356,20.3003,1.5002,0.5362,1,89.2101
160957,108607626,G,57.2956,-26.6023,-39.4695,31.8944,47.5975,0.628,-2.1639,1,G,40.7882,19.4283,32.5205,-15.1202,38.3094,-0.3869,1.0325,-1,96.1212
160957,109044248,G,62.1832,24.5119,-17.9374,54.26,30.374,1.3438,-0.6317,-1,G,39.7156,-33.6762,15.9217,-13.7742,37.2503,-0.3618,2.6999,1,93.0387
160957,109866284,G,56.7155,-31.0832,-14.3281,-45.2237,34.2266,-1.0914,-2.7097,1,G,38.1542,16.2832,21.9797,26.5986,27.3541,0.8617,0.9332,-1,91.5194
160957,109683634,G,71.3519,-4.1102,-40.7769,-58.4075,40.9836,-1.1525,-1.6713,-1,G,44.0345,5.5026,40.6451,-16.0228,41.0158,-0.3813,1.4362,1,88.1602
160957,111272361,G,57.8277,26.4689,-0.2434,-51.4137,26.47,-1.4176,-0.0092,-1,G,32.4175,-27.9739,-11.8853,-11.2731,30.3941,-0.3629,-2.7398,1,63.7588
160957,112536097,G,34.9859,-19.2551,-28.8089,-4.8256,34.6513,-0.1388,-2.16,-1,G,73.2417,28.6749,47.206,-48.1007,55.2328,-0.7871,1.0249,1,92.1131
160957,113054496,G,221.113,-38.9459,-64.2711,207.951,75.1502,1.7421,-2.1156,1,G,63.7249,-19.552,28.4782,53.5496,34.544,1.2223,2.1724,-1,89.7062
160957,113170317,G,67.4351,21.3545,40.6671,-49.3726,45.9328,-0.9333,1.0873,1,G,50.2805,-24.4727,-35.6453,-25.6636,43.2377,-0.5633,-2.1724,-1,90.5074
160957,115499376,G,35.4663,4.8207,-30.3776,17.6581,30.7578,0.5465,-1.4134,-1,G,97.05,-49.8603,45.9931,69.4067,67.8337,0.8977,2.3965,1,87.7947
160957,115646663,G,41.7619,-20.3082,3.0161,-36.3666,20.5309,-1.3364,2.9941,-1,G,48.7281,23.477,-5.4487,42.3505,24.101,1.3295,-0.228,1,90.2035
160957,115883499,G,71.0483,6.139,-37.9855,59.7265,38.4784,1.2234,-1.4106,1,G,79.6969,14.5256,43.7542,65.009,46.1023,1.1438,1.2503,-1,81.8833
160957,116138066,G,60.2738,5.1688,-22.4437,-55.7,23.0312,-1.6165,-1.3444,-1,G,28.3574,-8.4949,26.656,4.6283,27.9769,0.1647,1.8793,1,72.2382
160957,116810734,G,73.6988,0.498,-25.7311,69.0592,25.7359,1.7133,-1.5514,1,G,58.7256,-4.7325,53.779,23.1105,53.9869,0.416,1.6586,-1,90.7543
160957,117365107,G,101.687,62.1568,-22.9654,77.1325,66.2637,0.9927,-0.3539,1,G,52.4166,21.6595,46.9408,8.6554,51.6969,0.1667,1.1385,-1,93.7468
160957,118089974,G,136.624,72.1425,38.0279,109.615,81.5516,1.1051,0.4851,-1,G,37.6637,-10.13,-26.0263,25.2698,27.9282,0.8124,-1.942,1,90.5137
160957,118561028,G,48.086,-16.1527,-45.2048,-2.8053,48.004,-0.0584,-1.914,1,G,44.3798,16.4029,39.1361,12.995,42.4345,0.3016,1.1739,-1,91.7018
160957,120994421,G,40.6773,-19.5481,10.6295,-34.0516,22.2512,-1.2115,2.6435,-1,G,50.058,19.4359,-8.2596,45.3853,21.1181,1.5084,-0.4018,1,89.9934
160957,121900593,G,42.6626,32.8317,-16.2359,-21.8761,36.6269,-0.5665,-0.4593,-1,G,54.0726,-46.8997,26.907,0.5159,54.07,0.0095,2.6207,1,92.6804
160957,122267153,G,47.8562,14.76,19.8526,40.9661,24.7383,1.2783,0.9315,-1,G,60.0229,-32.3779,-28.2009,41.9419,42.9374,0.8649,-2.425,1,66.2125
160957,122589071,G,111.41,15.1238,-29.3721,-106.399,33.0371,-1.886,-1.0953,-1,G,34.6029,-4.351,33.8543,-5.6837,34.1327,-0.1658,1.6986,1,92.85
160957,123251211,G,67.9279,31.3152,43.7262,41.4918,53.7831,0.7102,0.9493,-1,G,37.3409,-2.1768,-36.7953,-5.9747,36.8596,-0.1614,-1.6299,1,94.4615
160957,123109090,G,40.4915,20.7427,-1.1797,-34.7549,20.7762,-1.287,-0.0568,-1,G,89.8048,-74.9964,-42.5637,-25.0752,86.233,-0.2868,-2.6254,1,92.415
160957,123459671,G,51.8019,-6.897,23.0307,-45.8851,24.0413,-1.402,1.8618,-1,G,75.8155,-30.8166,-64.108,-26.2391,71.1301,-0.361,-2.0189,1,89.3009
160957,125102454,G,30.6851,22.0715,-17.6544,11.9472,28.2636,0.411,-0.6747,-1,G,67.9988,-23.2219,43.47,-46.8501,49.2838,-0.846,2.0614,1,88.6146
160957,125207281,G,81.7404,-22.8413,30.5435,-72.2969,38.1397,-1.3959,2.2129,-1,G,42.2728,21.797,-33.3659,-14.0923,39.8546,-0.3466,-0.9921,1,88.922
160957,125507346,G,389.022,125.907,-8.3965,-367.988,126.186,-1.7916,-0.0666,-1,G,131.89,49.5568,47.7978,-112.491,68.8514,-1.2668,0.7673,1,90.269
160957,126273968,G,75.0648,-20.5818,18.7225,-69.7178,27.8234,-1.6494,2.4035,-1,G,26.9601,16.3398,-17.3171,-12.6477,23.809,-0.509,-0.8144,1,60.0419
160957,126501371,G,44.2531,19.5198,39.1206,6.8469,43.7201,0.156,1.108,-1,G,57.4045,-16.2201,-37.2568,40.5476,40.6345,0.8799,-1.9814,1,89.8536
160957,126409258,G,104.668,-2.5845,33.6092,-99.091,33.7084,-1.7992,1.6475,-1,G,36.9019,1.9371,-35.3019,-10.5717,35.355,-0.2947,-1.516,1,89.5138
160957,126726508,G,106.83,18.8694,32.5216,-99.9945,37.5993,-1.7049,1.0451,1,G,28.4861,-17.0323,-22.8312,-0.2862,28.4844,-0.01,-2.2117,-1,90.3156
160957,128083044,G,81.1596,-34.4842,17.0153,71.4717,38.4536,1.3786,2.6832,-1,G,50.115,38.0973,-24.0833,21.9111,45.0711,0.4688,-0.5637,1,91.9221
160957,128483290,G,36.868,-27.6965,23.0114,-7.9128,36.0087,-0.218,2.4483,-1,G,71.9979,50.6306,-3.648,51.058,50.7619,0.8855,-0.0719,1,95.3381
160957,128703742,G,31.4918,9.9458,27.5606,11.5419,29.3003,0.3844,1.2245,-1,G,86.4252,-47.9294,-46.0289,55.2578,66.4522,0.7571,-2.3764,1,87.5123
160957,129299895,G,50.866,7.3186,50.3181,1.3658,50.8475,0.0269,1.4264,1,G,41.7426,-23.7792,-33.4733,7.518,41.0599,0.1821,-2.1885,-1,89.122
160957,129134206,G,363.823,-88.1424,5.1453,352.947,88.2925,2.0941,3.0833,-1,G,41.3061,13.2701,-21.6865,32.5544,25.4244,1.0665,-1.0217,1,98.1775
160957,129414486,G,163.716,26.8727,28.1487,159.023,38.9165,2.1154,0.8086,1,G,46.9389,-23.934,-26.3776,30.5719,35.6176,0.7776,-2.3077,-1,91.7462
160957,130113613,G,48.5265,22.1029,-39.0373,18.503,44.8603,0.4016,-1.0556,1,G,49.8218,-24.1087,41.3223,13.9083,47.841,0.2868,2.0989,-1,92.8043
160957,130163286,G,67.3513,-46.5655,-17.0617,-45.5712,49.5928,-0.8229,-2.7904,-1,G,61.202,38.6144,13.0066,-45.6664,40.7461,-0.9642,0.3249,1,90.122
160957,130043754,G,102.802,-10.3414,-18.993,100.501,21.6259,2.2408,-2.0694,1,G,48.7512,42.937,15.8805,16.76,45.7796,0.3584,0.3543,-1,90.2548
160957,131038654,G,76.7107,13.1557,-44.7898,60.8714,46.6818,1.0809,-1.2851,-1,G,57.0173,-13.9981,46.0986,30.4948,48.177,0.5969,1.8656,1,97.6369
160957,131870504,G,43.0956,9.8669,-40.3293,11.5504,41.5187,0.2747,-1.3309,1,G,52.9642,-39.1017,35.7236,-0.2773,52.9634,-0.0052,2.4013,-1,90.6891
160957,133656148,G,38.8702,-21.4353,29.6895,13.0361,36.6188,0.3489,2.1961,-1,G,56.4313,18.0515,-32.1402,-42.7275,36.8626,-0.9895,-1.0591,1,90.4619
160957,133515002,G,52.7869,-4.3461,-34.1494,40.0172,34.4248,0.9917,-1.6974,-1,G,38.047,11.4814,27.7657,-23.3412,30.0459,-0.7145,1.1787,1,88.7753
160957,133973195,G,56.0998,14.4767,-34.6206,41.7016,37.5254,0.9579,-1.1747,1,G,29.8299,-7.4946,25.0045,-14.4367,26.1035,-0.5282,1.862,-1,80.6184
160957,134209038,G,110.01,-42.2707,25.8859,98.211,49.5671,1.4353,2.5921,-1,G,90.4071,22.5385,-35.6066,79.9851,42.1404,1.3971,-1.0065,1,89.0478
160957,134640224,G,52.3641,20.8278,14.4688,45.8131,25.3603,1.3536,0.6072,1,G,119.569,-86.1697,30.1264,77.2266,91.2843,0.7682,2.8053,-1,90.3547
160957,134797533,G,125.965,73.3718,-71.6004,73.1929,102.518,0.6641,-0.7732,1,G,29.3334,8.8243,25.7309,10.9768,27.202,0.3933,1.2404,-1,90.4042
160957,135414813,G,59.2803,-39.888,-27.5085,-34.1522,48.4538,-0.6566,-2.5379,1,G,56.4308,41.4322,37.6438,-7.1233,55.9793,-0.1269,0.7375,-1,107.612
160957,135193597,G,78.323,0.0015,30.1819,72.274,30.1819,1.6074,1.5708,1,G,87.7262,-8.9778,-44.2154,75.2348,45.1176,1.2842,-1.7711,-1,74.4041
160957,135781916,G,53.9217,-8.4083,34.9188,-40.2183,35.9168,-0.9636,1.8071,-1,G,59.4942,-5.1067,-45.2985,38.2298,45.5854,0.7626,-1.6831,1,112.111
160957,135914669,G,74.1488,-9.8378,45.6174,57.622,46.6662,1.038,1.7832,1,G,49.9597,25.3815,-31.2271,29.6077,40.2411,0.6817,-0.8883,-1,85.7042
160957,135803714,G,38.9241,-38.125,-4.8096,-6.1989,38.4272,-0.1606,-3.0161,-1,G,44.4736,44.1218,5.5751,-0.2757,44.4727,-0.0062,0.1257,1,82.926
160957,136083639,G,43.421,31.7897,-27.6311,10.5504,42.1196,0.2479,-0.7155,1,G,46.3258,-33.5447,31.9226,-1.3299,46.3066,-0.0287,2.381,-1,89.1515
160957,137146884,G,47.7281,35.923,-11.6051,29.2031,37.751,0.7119,-0.3125,1,G,46.9407,-38.9248,15.4398,-21.2106,41.8751,-0.487,2.764,-1,94.205
160957,137788072,G,95.9751,-39.5925,0.2145,87.4277,39.5931,1.533,3.1362,1,G,38.1631,35.575,-3.8892,13.2554,35.7869,0.3624,-0.1089,-1,88.4665
160957,137750390,G,156.448,-21.4209,18.792,153.831,28.4955,2.3877,2.4215,1,G,38.3151,21.6454,-27.6676,15.2975,35.1286,0.4228,-0.9069,-1,96.1737
160957,138291790,G,137.998,-21.2099,17.0936,-135.282,27.2406,-2.3058,2.4632,-1,G,33.478,18.2711,-26.7575,-8.4244,32.4006,-0.2572,-0.9717,1,93.0069
160957,139201185,G,55.9019,36.2262,-21.6062,-36.6858,42.1802,-0.7862,-0.5378,1,G,58.8902,-28.7332,38.113,-34.4941,47.7305,-0.6712,2.2168,-1,88.2158
160957,140370075,G,80.3297,32.6834,-34.0992,-64.9761,47.2331,-1.1238,-0.8066,-1,G,46.6349,-27.9957,30.3666,-21.6544,41.3024,-0.5028,2.3156,1,92.6244
160957,141897842,G,51.8799,2.1567,33.7591,-39.3343,33.828,-0.9919,1.507,1,G,53.0837,23.3586,-47.6681,-0.0252,53.0836,-0.0005,-1.1152,-1,92.864
160957,143540718,G,157.467,-17.1252,33.321,152.945,37.4642,2.1145,2.0455,1,G,176.681,-5.7352,-57.7973,166.862,58.0811,1.7775,-1.6697,-1,90.8669
160957,144377771,G,72.6825,-12.6575,-33.1113,63.4521,35.4481,1.3456,-1.9359,1,G,26.4304,12.7645,15.7218,-16.9838,20.2511,-0.7626,0.8888,-1,85.8001
160957,146182763,G,48.5374,-22.4229,-7.7852,-42.3376,23.736,-1.3425,-2.8074,-1,G,46.7081,26.1367,12.7722,36.5428,29.0905,1.0514,0.4545,1,94.8656
160957,146458801,G,94.57,20.7497,7.1756,91.986,21.9554,2.1397,0.3329,1,G,56.7946,-49.5484,-10.2151,25.8112,50.5904,0.4903,-2.9383,-1,90.5341
160957,146660423,G,56.5608,-35.0666,-17.1123,40.9466,39.0192,0.9159,-2.6876,1,G,58.1283,46.9951,17.9062,29.1499,50.2909,0.5513,0.364,-1,89.9842
160957,147196852,G,91.7196,-43.719,-21.8014,-77.6261,48.8534,-1.2431,-2.679,1,G,80.1231,30.0188,25.5391,-69.759,39.4128,-1.3358,0.7049,-1,87.2115
160957,150066765,G,74.0414,-22.4009,25.2011,-65.9183,33.7179,-1.4233,2.2974,-1,G,25.4611,22.2876,-11.4323,-4.5629,25.0487,-0.1812,-0.4739,1,68.8734
160957,150041210,G,68.12,-18.6144,41.2333,50.9279,45.2402,0.9675,1.9949,1,G,51.5412,16.7029,-42.9452,23.0912,46.079,0.4822,-1.1999,-1,93.9861
160957,151579086,G,55.8692,34.4161,-31.4444,30.7918,46.6178,0.62,-0.7403,1,G,52.2803,-35.7558,28.9398,24.8441,45.9999,0.5168,2.4612,-1,92.6978
160957,152454340,G,69.9589,-40.2667,50.5539,-26.7793,64.6305,-0.4033,2.2434,-1,G,66.8704,47.3551,45.762,-11.6176,65.8534,-0.1755,0.7683,1,88.9995
160957,152061275,G,83.2092,-5.3924,35.8497,-74.8965,36.2529,-1.4727,1.7201,-1,G,38.2181,7.3335,-36.9516,-6.4347,37.6723,-0.17,-1.3749,1,90.1378
160957,153074431,G,45.7068,3.9463,25.5588,-37.6866,25.8616,-1.1708,1.4176,-1,G,43.846,-3.5281,-25.2437,35.6759,25.489,1.1378,-1.7097,1,89.5287
160957,154112446,G,55.0023,31.3582,-32.8879,-30.9885,45.4417,-0.6378,-0.8092,1,G,51.7404,-33.1094,39.2597,-6.2848,51.3572,-0.1221,2.2714,-1,99.805
160957,154526157,G,109.028,17.4552,-29.0937,103.614,33.9283,1.8354,-1.0304,-1,G,22.0278,-14.8879,15.5326,4.7224,21.5154,0.2178,2.335,1,72.4447
160957,154975325,G,79.5349,-35.3134,-3.3456,71.1868,35.4716,1.4467,-3.0471,1,G,29.3562,26.7147,2.7394,-11.8574,26.8547,-0.4283,0.1022,-1,90.901
160957,155439022,G,70.7739,-36.2867,-0.988,60.7555,36.3002,1.2874,-3.1144,1,G,49.4097,36.4197,-0.777,33.3813,36.4279,0.821,-0.0213,-1,74.6942
160957,155406779,G,93.9951,38.8458,17.7324,83.7354,42.7017,1.426,0.4282,1,G,75.1493,-38.9648,-20.8021,60.7982,44.1699,1.1242,-2.6512,-1,87.8088
160957,155727489,G,36.8862,32.1851,-10.7654,-14.4501,33.9378,-0.4139,-0.3228,1,G,71.3161,-6.865,54.492,45.4914,54.9227,0.7546,1.6961,-1,90.5044
160957,157846552,G,83.6759,83.3743,-6.6179,-2.5647,83.6365,-0.0307,-0.0792,1,G,72.9557,16.6626,52.4761,-47.8659,55.058,-0.7859,1.2633,-1,99.3975
160957,159414737,G,41.7242,36.9863,-9.9723,-16.5367,38.3071,-0.4193,-0.2634,-1,G,89.9208,-5.491,85.3001,-27.9194,85.4766,-0.3211,1.6351,1,93.2086
160957,162348078,G,83.0636,43.9915,-4.7903,70.2948,44.2515,1.2429,-0.1085,-1,G,46.5482,-36.8431,16.2078,23.38,40.2505,0.5523,2.7272,1,88.5597
160957,163195480,G,43.0105,-33.911,25.9568,5.117,42.7049,0.1195,2.4883,1,G,52.1554,44.2836,-26.3319,8.1098,51.5209,0.1568,-0.5365,-1,93.669
160957,162801014,G,103.653,-15.1736,42.2336,-93.4344,44.8766,-1.4797,1.9157,-1,G,71.2969,18.855,-46.6742,-50.49,50.3388,-0.8835,-1.1869,1,99.297
160957,163819636,G,86.9251,19.1523,-27.5684,-80.1819,33.5683,-1.6051,-0.9636,-1,G,42.8645,-39.8696,5.3402,-14.8073,40.2256,-0.3603,3.0084,1,83.0609
160957,164329471,G,22.6901,15.5159,-13.4354,-9.6734,20.5245,-0.4554,-0.7137,1,G,93.5167,-52.0669,41.3644,65.7525,66.4979,0.8734,2.4703,-1,90.7918
160957,164476048,G,152.453,-58.763,25.4969,138.343,64.0561,1.5129,2.7322,-1,G,49.2925,24.472,-21.0134,37.2733,32.2558,0.9872,-0.7095,1,93.082
160957,165377922,G,109.28,37.3841,20.4887,-100.621,42.6305,-1.5941,0.5014,1,G,28.3787,-20.6702,-19.4247,-0.8731,28.3651,-0.0308,-2.3872,-1,91.4778
160957,166328520,G,69.3287,-19.6867,26.7847,60.8397,33.2413,1.365,2.2046,1,G,37.4677,20.6535,-24.5088,-19.4053,32.0507,-0.5735,-0.8706,-1,98.3999
160957,166241457,G,62.8692,-11.2464,-25.514,-56.3479,27.8827,-1.4529,-1.986,-1,G,43.0109,19.5604,38.044,4.469,42.778,0.1043,1.0959,1,91.0662
160957,167192282,G,127.936,54.4518,21.842,113.69,58.6692,1.4155,0.3815,-1,G,23.6634,-20.6375,-6.3519,-9.6793,21.5929,-0.4345,-2.843,1,103.83
160957,167368449,G,110.502,2.621,-36.5898,-104.235,36.6835,-1.7671,-1.4993,1,G,32.7752,-0.4861,32.1267,-6.4684,32.1304,-0.2,1.5859,-1,90.8215
160957,168083327,G,117.305,-14.6456,43.1179,108.105,45.5373,1.5994,1.8982,-1,G,51.4977,45.3221,-1.4922,24.4066,45.3466,0.5151,-0.0329,1,90.8907
160957,167869096,G,83.5595,2.7937,38.0503,74.3408,38.1527,1.4204,1.4975,1,G,47.233,0.7589,-34.8601,31.8613,34.8684,0.8191,-1.549,-1,76.1906
160957,169996567,G,126.251,20.8972,28.2108,121.271,35.1076,1.9531,0.9332,1,G,81.2852,-25.0542,-29.9869,71.2765,39.076,1.3621,-2.2668,-1,77.3054
160957,169733845,G,109.914,-22.7191,-8.6074,-107.195,24.2949,-2.1901,-2.7794,1,G,21.3804,19.7659,8.0485,1.2809,21.3417,0.06,0.3867,-1,77.5326
160957,170073398,G,108.74,0.107,-49.7468,-96.6929,49.7469,-1.4182,-1.5686,1,G,69.3315,24.3965,36.9698,-53.3375,44.294,-1.0186,0.9875,-1,91.8504
160957,170519895,G,78.4916,-35.1097,28.715,-64.0599,45.3569,-1.1451,2.456,1,G,74.3044,30.8312,-33.7201,-58.5963,45.6904,-1.0677,-0.8301,-1,90.8775
160957,171148762,G,98.91,18.7894,-34.6897,-90.7015,39.4514,-1.5699,-1.0744,-1,G,48.0354,-19.7311,35.7016,-25.3667,40.7912,-0.5875,2.0757,1,90.1068
160957,171042909,G,165.197,22.7093,-38.5657,-159.019,44.7551,-1.9802,-1.0386,1,G,39.0763,-16.941,26.8626,-22.7673,31.7584,-0.6664,2.1334,-1,92.2558
160957,171896334,G,51.5675,-42.5401,-29.0195,2.7212,51.4956,0.0528,-2.5429,-1,G,70.3063,42.1396,36.6013,-42.7499,55.8158,-0.7058,0.7152,1,114.862
160957,173537913,G,76.7454,-36.4727,-5.7877,-67.2762,36.929,-1.361,-2.9842,1,G,60.8014,48.0558,6.6262,-36.6543,48.5105,-0.6976,0.137,-1,89.346
160957,173334350,G,140.459,-3.4391,-39.8436,-134.646,39.9917,-1.9285,-1.6569,-1,G,68.9501,10.9682,41.8066,-53.7217,43.2215,-1.0432,1.3142,1,91.1565
160957,173186744,G,78.1091,9.8063,-23.7221,-73.7707,25.6691,-1.7778,-1.1788,1,G,28.6197,-8.9079,21.7253,16.3627,23.4806,0.6501,1.9599,-1,89.9476
160957,174982726,G,84.2048,-35.1419,7.0744,-76.1934,35.8469,-1.4984,2.9429,1,G,32.8308,29.7174,-13.9403,0.6275,32.8247,0.0191,-0.4386,-1,88.9414
160957,175663379,G,76.5993,-43.9621,13.3204,-61.2972,45.9358,-1.0993,2.8474,1,G,63.9535,33.4721,-15.1869,-52.3356,36.7562,-1.1518,-0.4259,-1,82.0314
160957,175964138,G,56.0059,-11.0723,-28.3915,-46.9891,30.4742,-1.2178,-1.9426,1,G,36.5841,9.4865,25.751,24.1925,27.4428,0.7951,1.2178,-1,89.6869
160957,175610424,G,120.721,40.5862,4.4874,113.606,40.8336,1.7472,0.1101,-1,G,26.9799,-22.8188,13.758,4.2336,26.6455,0.1582,2.599,1,85.3287
160957,176454956,G,65.2633,-3.4997,-36.0206,-54.3098,36.1902,-1.1951,-1.6677,1,G,35.3101,4.5594,33.24,11.0047,33.5513,0.3224,1.4345,-1,90.7238
160957,176701812,G,176.309,-75.2675,-35.769,-155.371,83.3344,-1.3813,-2.698,1,G,30.5847,23.3482,8.4285,-17.8672,24.8229,-0.6688,0.3464,-1,96.697
160957,177338152,G,52.3811,39.3057,-30.5713,-16.2551,49.7949,-0.3209,-0.661,1,G,39.9343,-30.1467,26.1421,-1.5817,39.9028,-0.0396,2.4272,-1,90.0026
160957,177709568,G,166.661,-16.9274,-28.546,163.323,33.1875,2.2969,-2.106,-1,G,98.0518,6.7562,49.7345,84.2316,50.1913,1.2897,1.4358,1,90.7582
160957,177821237,G,69.1235,-43.7524,4.8568,53.2934,44.0212,1.0228,3.031,-1,G,43.5675,40.8553,-1.8458,15.0185,40.8969,0.3594,-0.0451,1,89.5281
160957,178234514,G,131.911,-37.5829,-1.9289,-126.429,37.6324,-1.9264,-3.0903,1,G,64.0377,43.1772,-2.8169,-47.2082,43.269,-0.9443,-0.0651,-1,90.5108
160957,178519009,G,91.1001,-21.3619,21.3165,85.9564,30.1782,1.7693,2.3573,1,G,54.1738,41.2737,-23.2174,26.3102,47.3558,0.5304,-0.5124,-1,90.0036
160957,180734869,G,70.3352,50.8933,-38.4285,-29.6673,63.7721,-0.4499,-0.6467,1,G,25.0448,-22.1295,6.0077,-10.0709,22.9305,-0.4262,2.8765,-1,75.0982
160957,180651060,G,143.004,45.9726,1.9763,135.398,46.0151,1.8001,0.043,1,G,57.1364,-32.7575,-15.3016,44.2421,36.1551,1.031,-2.7046,-1,86.2162
160957,181443140,G,75.4475,-23.1711,38.7631,-60.4387,45.1606,-1.1016,2.1096,1,G,47.0377,23.9983,-34.1995,-21.6105,41.7795,-0.4966,-0.9589,-1,90.8243
160957,182907401,G,44.1837,23.5108,35.0371,-13.1084,42.1943,-0.3059,0.9798,1,G,61.3368,-28.2403,-32.6556,-43.5695,43.1729,-0.8879,-2.2838,-1,88.8491
160957,182956714,G,55.1644,-5.8766,-42.7907,34.315,43.1924,0.7283,-1.7073,1,G,50.2459,-7.4518,44.7928,21.5109,45.4084,0.4576,1.7356,-1,88.392
160957,183368366,G,42.7976,28.9236,0.7263,-31.536,28.9327,-0.9436,0.0251,-1,G,47.9753,-28.0492,-0.6682,38.9155,28.0571,1.1304,-3.1178,1,90.4682
160957,184574876,G,40.3613,-29.2496,-16.463,-22.4156,33.5644,-0.6261,-2.6289,-1,G,51.9366,46.3865,12.1081,19.9769,47.9408,0.4055,0.2553,1,90.5556
160957,184930168,G,71.3904,25.7573,8.0061,-66.0988,26.9729,-1.6287,0.3014,1,G,33.4608,-28.0805,-12.0334,13.6489,30.5503,0.4331,-2.7367,-1,90.6707
160957,185098619,G,53.4022,37.4964,-21.0351,-31.6753,42.9937,-0.6825,-0.5112,-1,G,64.6291,-49.9013,30.7928,-27.1766,58.6373,-0.4483,2.5887,1,101.088
160957,186597971,G,122.63,34.6388,20.4552,115.844,40.2276,1.7797,0.5334,1,G,49.7576,-13.3734,-39.2987,27.433,41.5119,0.6203,-1.8988,-1,91.5526
160957,186767311,G,102.731,-10.1406,-45.604,91.4934,46.7179,1.4249,-1.7896,1,G,62.432,6.5005,40.5292,47.0412,41.0472,0.981,1.4118,-1,89.7102
160957,187112688,G,55.6722,-45.1116,-4.149,-32.3591,45.302,-0.6643,-3.0499,1,G,41.6289,41.0175,6.5574,-2.7413,41.5384,-0.0659,0.1585,-1,90.625
160957,188571043,G,120.847,37.5507,-5.5465,114.731,37.9581,1.8256,-0.1466,1,G,36.5917,-33.5278,6.7191,13.0264,34.1944,0.3723,2.9438,-1,91.9103
160957,188328989,G,36.0579,0.6126,20.5928,-29.5926,20.6019,-1.159,1.5411,1,G,49.4166,-0.4447,-31.8633,37.7693,31.8664,1.0065,-1.5848,-1,84.3325
160957,189152817,G,81.76,-25.7362,-38.5796,-67.3346,46.3761,-1.1678,-2.1591,-1,G,25.6197,14.4354,17.953,11.2099,23.0368,0.4692,0.8936,1,88.4717
160957,190951058,G,37.63,18.5451,11.3058,-30.7289,21.7196,-1.1465,0.5475,1,G,56.2642,-19.8922,-8.3757,51.9595,21.5836,1.6123,-2.7431,-1,91.4055
160957,190826524,G,75.6492,27.1574,6.5775,-70.2994,27.9426,-1.6531,0.2376,1,G,66.7433,-33.7971,-12.3817,-56.2059,35.9937,-1.2284,-2.7904,-1,64.7631
160957,192549547,G,53.7332,39.3533,-20.2605,30.4642,44.2625,0.643,-0.4754,1,G,47.7925,-42.1899,16.8392,14.8514,45.4263,0.3214,2.7618,-1,90.7425
166033,436393518,G,85.6746,43.2694,-12.3433,72.9076,44.9955,1.2597,-0.2779,1,G,48.9472,-35.1371,22.761,25.3602,41.865,0.5738,2.5668,-1,91.0593
166033,436372997,G,45.5831,-38.6579,-22.2873,9.3089,44.6224,0.2071,-2.6186,-1,G,49.481,44.0362,21.4855,-6.8954,48.9981,-0.1403,0.4539,1,94.8778
166033,435490762,G,41.5081,-39.6119,-0.4385,12.3944,39.6143,0.308,-3.1305,-1,G,50.8055,41.1538,4.0794,-29.5111,41.3555,-0.6638,0.0988,1,90.6266
166033,436768490,G,38.8013,-29.8306,-9.5489,22.9017,31.3217,0.678,-2.8318,-1,G,53.5341,42.2412,17.3848,-27.9167,45.6787,-0.5784,0.3904,1,91.0234
166033,436754428,G,102.938,10.6911,21.085,-100.187,23.6406,-2.1509,1.1015,1,G,26.1227,-15.8879,-20.7191,0.8222,26.1095,0.0315,-2.225,-1,82.1966
166033,436065958,G,68.8295,40.8756,-20.6028,-51.4023,45.7744,-0.9657,-0.4669,1,G,66.7274,-41.4209,27.8375,-44.2936,49.9061,-0.7996,2.5499,-1,95.7358
166033,436480086,G,45.2925,27.4861,12.6505,33.7027,30.2576,0.9596,0.4313,-1,G,35.0032,-25.4182,-18.573,-15.3026,31.4808,-0.4687,-2.5106,1,77.9069
166033,437139862,G,64.1477,-31.5393,-12.3871,-54.4679,33.8847,-1.2529,-2.7673,-1,G,82.7232,58.267,-10.8482,-57.7095,59.2683,-0.8627,-0.1841,1,87.9378
166033,437624946,G,62.4594,46.4287,11.0136,40.3018,47.7171,0.7671,0.2329,-1,G,65.496,-16.3861,-52.8663,35.0195,55.3475,0.5967,-1.8714,1,89.6943
166033,437672027,G,247.395,-46.5563,-16.6888,-242.401,49.4571,-2.2929,-2.7974,1,G,138.191,38.0233,11.1378,-132.389,39.621,-1.9212,0.2849,-1,90.0287
166033,437547594,G,177.648,29.2405,-20.8488,173.98,35.9121,2.2815,-0.6194,1,G,37.8457,-16.3293,27.8147,19.7985,32.2537,0.5807,2.1017,-1,93.1241
166033,438136818,G,51.9119,-14.937,-49.7106,-0.7584,51.9063,-0.0146,-1.8627,1,G,74.0744,6.0784,58.1149,-45.5271,58.4319,-0.7163,1.4666,-1,116.538
166033,437121053,G,53.4098,3.5422,-44.1727,29.8131,44.3145,0.6302,-1.4908,1,G,56.4197,-2.6689,47.8678,29.7442,47.9422,0.5863,1.6265,-1,92.201
166033,437174733,G,84.3391,72.2321,19.3157,-39.0194,74.7701,-0.5007,0.2613,-1,G,31.8812,-26.8711,16.5941,-4.3569,31.582,-0.1375,2.5884,1,90.9865
166033,437941220,G,40.3527,11.0822,31.7701,-22.2749,33.6475,-0.6213,1.2352,1,G,57.0962,-31.643,-32.0748,35.07,45.0563,0.7157,-2.3494,-1,94.3914
166033,437032548,G,47.7425,-2.2197,28.2593,38.4164,28.3463,1.1117,1.6492,1,G,42.5519,-3.555,-29.9715,-29.9954,30.1816,-0.877,-1.6889,-1,89.6988
166033,437451828,G,129.478,-13.0039,-33.4649,-124.401,35.9026,-1.956,-1.9414,-1,G,98.4524,4.0715,35.2255,-91.8447,35.46,-1.6802,1.4557,1,71.4653
166033,438205515,G,55.6404,13.0984,-28.655,45.8603,31.5067,1.1699,-1.1421,1,G,49.4309,-5.0691,40.585,27.7591,40.9003,0.6351,1.695,-1,73.5756
166033,438763009,G,82.9875,26.0196,29.4331,73.0998,39.2852,1.3796,0.8469,-1,G,39.3586,-26.6176,-27.2576,9.8799,38.0982,0.2565,-2.3443,1,89.8768
166033,439408545,G,66.5288,-17.7841,41.3462,-48.9927,45.0087,-0.9426,1.977,-1,G,29.5329,20.7531,-18.7173,-9.5473,27.9469,-0.3353,-0.7339,1,72.6638
166033,438951307,G,154.391,-68.8666,-45.9435,-130.319,82.7854,-1.2352,-2.5533,1,G,32.8296,15.1558,20.3026,-20.8777,25.3356,-0.7513,0.9295,-1,92.9983
166033,438610860,G,112.931,-8.1721,-42.454,-104.328,43.2334,-1.6145,-1.761,1,G,40.0154,-10.3869,32.4498,-20.9845,34.0716,-0.5824,1.8806,-1,85.1172
166033,439628084,G,63.5526,-31.358,-40.8846,-37.2028,51.5255,-0.6706,-2.2251,1,G,57.4332,29.4531,32.2241,-37.3187,43.6563,-0.7749,0.8303,-1,94.8971
166033,438454244,G,82.8753,-10.2339,-30.5995,76.3363,32.2655,1.5962,-1.8936,-1,G,34.1274,9.5422,32.7091,-1.9303,34.0726,-0.0566,1.2869,1,90.2686
166033,439823156,G,61.6604,-46.9137,6.2774,-39.5182,47.3319,-0.7597,3.0086,-1,G,56.024,43.1251,-5.2501,-35.3743,43.4435,-0.7438,-0.1211,1,90.6935
166033,438871097,G,94.1054,32.7501,-24.7005,84.6943,41.0205,1.4722,-0.6462,1,G,60.656,-46.9393,13.0144,36.145,48.7101,0.6868,2.8711,-1,94.9265
166033,439713803,G,112.806,-49.4858,-2.7024,-101.336,49.5596,-1.4635,-3.087,1,G,82.0286,48.425,2.6842,-66.1551,48.4993,-1.1169,0.0554,-1,99.5291
166033,440975999,G,52.0893,-30.8742,-34.6332,-23.6773,46.3969,-0.4904,-2.2989,1,G,41.8817,26.2735,32.605,-0.8284,41.8734,-0.0198,0.8925,-1,90.5801
166033,440412317,G,27.8159,12.8716,16.6129,-18.2222,21.0158,-0.7842,0.9116,-1,G,106.902,-103.09,28.2087,-2.1807,106.88,-0.0204,2.8745,1,87.0881
166033,440662997,G,101.654,-20.3992,15.2443,-98.4129,25.466,-2.0613,2.4998,-1,G,31.1132,25.0228,-12.1571,-13.9313,27.8197,-0.4819,-0.4523,1,70.5344
166033,440352736,G,39.4661,-32.4931,7.1352,21.2332,33.2673,0.6014,2.9254,1,G,54.5966,53.6965,2.7561,-9.4796,53.7672,-0.1754,0.0513,-1,90.345
166033,441063699,G,137.722,18.6043,-32.9653,132.418,37.8527,1.9652,-1.057,-1,G,30.5216,-19.803,-22.831,-4.2592,30.2227,-0.1405,-2.2853,1,93.6302
166033,441185436,G,53.8358,31.8083,8.5931,42.5755,32.9486,1.0737,0.2639,-1,G,227.018,-46.3886,-6.83,222.123,46.8888,2.2596,-2.9954,1,92.7248
166033,440645794,G,53.9619,-15.7018,30.9437,41.3258,34.6995,1.0102,2.0404,-1,G,40.9406,22.4717,-32.8825,-9.481,39.8276,-0.2359,-0.9713,1,89.1225
166033,441207410,G,84.6884,-9.4548,32.8741,77.4726,34.2067,1.5562,1.8508,1,G,45.1592,24.8851,-35.1099,13.6884,43.0345,0.3129,-0.9542,-1,91.1425
166033,440266843,G,122.721,-36.353,-13.2816,116.459,38.7032,1.8213,-2.7913,1,G,70.5531,41.1814,15.4542,55.1633,43.9857,1.0502,0.359,-1,88.7296
166033,442065912,G,57.8031,-36.1891,15.5073,-42.3209,39.3716,-0.9334,2.7368,-1,G,48.0677,44.0072,-14.0878,-13.2437,46.2071,-0.2828,-0.3098,1,89.7667
166033,441630602,G,76.0618,26.4825,13.0045,70.1067,29.5032,1.6003,0.4565,-1,G,66.8797,-44.3613,15.7489,47.5071,47.0739,0.8879,2.8005,1,73.8434
166033,442493586,G,70.8116,-27.2882,-19.1514,-62.4728,33.338,-1.3858,-2.5297,1,G,34.8653,26.2096,20.6085,10.1943,33.3415,0.3012,0.6663,-1,91.822
166033,441306937,G,82.8491,0.5605,-41.4629,-71.725,41.4667,-1.3158,-1.5573,1,G,31.1834,16.8062,24.973,8.142,30.1015,0.2673,0.9784,-1,91.581
166033,441399664,G,73.8459,20.2351,-35.2354,-61.6621,40.6324,-1.2045,-1.0495,-1,G,40.2328,-20.2576,34.1953,-6.2428,39.7453,-0.1564,2.1056,1,91.6612
166033,442652816,G,40.4775,-28.8791,-27.8673,5.2754,40.1321,0.1311,-2.374,-1,G,56.1223,26.2181,39.2252,-30.3925,47.1805,-0.6063,0.9816,1,92.545
166033,441392907,G,84.4072,-2.0308,46.5877,-70.3564,46.632,-1.1996,1.6144,-1,G,66.0466,-7.7872,-41.9986,-50.3747,42.7145,-1.0027,-1.7541,1,89.1228
166033,442061701,G,55.2376,-52.5161,-5.6513,16.1647,52.8193,0.3015,-3.0344,-1,G,49.8191,35.4742,8.9906,33.8036,36.5957,0.8264,0.2482,1,90.7661
166033,441379247,G,67.5705,-20.424,-40.8616,-49.789,45.6817,-0.9435,-2.0343,-1,G,52.7354,21.6246,35.1913,-32.7865,41.3044,-0.7278,1.0198,1,87.2995
166033,441456875,G,140.452,-12.1864,32.7616,136.032,34.9547,2.0681,1.9269,1,G,60.2749,7.7405,-41.52,43.0026,42.2353,0.8942,-1.3865,-1,90.2281
166033,441793115,G,103.964,5.4543,22.9733,-101.247,23.6119,-2.1623,1.3377,-1,G,33.6847,-21.6336,-24.8796,6.902,32.9698,0.2078,-2.2865,1,98.8977
166033,442827632,G,100.198,-18.221,31.571,93.3323,36.4518,1.6694,2.0942,1,G,47.4139,20.5165,-34.6673,25.0064,40.2834,0.5865,-1.0364,-1,88.15
166033,443265208,G,70.5445,15.6823,-31.4994,-61.1422,35.1873,-1.3197,-1.1089,-1,G,66.9459,-27.2852,49.1523,-36.3497,56.2177,-0.6084,2.0776,1,94.6186
166033,443726477,G,62.5075,-6.6494,28.8669,55.0424,29.6229,1.3783,1.7972,1,G,32.9134,7.2349,-28.9008,-13.9887,29.7926,-0.4538,-1.3255,-1,86.136
166033,443078792,G,139.692,30.2029,32.7619,132.395,44.5596,1.8093,0.826,-1,G,47.2972,-19.9637,-27.1911,33.1529,33.7328,0.8692,-2.2041,1,86.158
166033,444011920,G,119.941,-54.4235,1.479,106.873,54.4436,1.427,3.1144,-1,G,62.9432,38.2469,-3.0227,49.8987,38.3661,1.0788,-0.0789,1,92.7652
166033,443446794,G,55.5858,21.8972,-38.674,33.3858,44.4428,0.6941,-1.0556,1,G,39.8342,-8.4814,37.9173,-8.7807,38.8542,-0.2241,1.7909,-1,91.2086
166033,443760786,G,48.7719,-44.8102,-4.2332,-18.7833,45.0097,-0.4061,-3.0474,-1,G,50.9632,46.2878,-0.656,-21.3132,46.2924,-0.4455,-0.0142,1,91.1772
166033,443524445,G,63.1449,-26.1295,-25.5926,51.4737,36.575,1.1422,-2.3666,-1,G,41.5108,21.7917,35.3253,0.6162,41.5061,0.0148,1.018,1,90.1439
166033,442923055,G,50.6317,41.5513,-25.5524,-13.5693,48.7794,-0.2747,-0.5513,1,G,45.3855,-37.2001,15.0493,21.2015,40.1289,0.5064,2.7572,-1,95.0358
166033,443585855,G,122.322,-32.826,-38.7863,-111.269,50.8127,-1.5254,-2.2732,-1,G,78.9085,28.1312,36.2614,-64.1895,45.8939,-1.1372,0.911,1,98.3855
166033,444112271,G,164.152,11.271,40.1027,158.779,41.6565,2.048,1.2968,-1,G,56.855,-9.3681,-37.619,41.5876,38.7679,0.9319,-1.8149,1,93.208
166033,443284593,G,96.3149,48.1662,-18.4055,81.3499,51.5631,1.2371,-0.365,-1,G,51.8713,-39.9532,-9.8601,31.5776,41.1519,0.707,-2.8996,1,91.3244
166033,444678663,G,119.191,12.1987,-32.251,-114.094,34.481,-1.9119,-1.2092,-1,G,37.5523,-17.5038,33.1946,-1.3798,37.5268,-0.0368,2.056,1,105.854
166033,445096837,G,151.656,-37.1671,-22.7887,-145.254,43.5972,-1.9184,-2.5916,-1,G,143.57,6.6552,50.6313,-134.181,51.0668,-1.6936,1.4401,1,85.838
166033,444905610,G,136.869,-33.3157,-15.9532,-131.79,36.9383,-1.9842,-2.695,1,G,41.4976,20.9588,27.8618,-22.5053,34.8648,-0.6075,0.9259,-1,87.8237
166033,445502860,G,83.6857,33.7003,-5.7239,-76.386,34.1829,-1.5439,-0.1682,-1,G,29.9665,-20.3362,19.0913,10.9516,27.8934,0.3832,2.3878,1,90.9828
166033,445540604,G,110.796,-34.4635,1.8321,-105.284,34.5121,-1.8343,3.0885,-1,G,35.8702,34.6542,-6.0656,-6.997,35.181,-0.1976,-0.1733,1,94.266
166033,444487719,G,122.991,-35.3396,-1.4404,-117.796,35.3689,-1.9181,-3.1009,1,G,44.3921,36.8422,-2.3374,-24.6542,36.9163,-0.6261,-0.0634,-1,87.7987
166033,445122270,G,52.5313,-46.9466,-1.7388,23.5058,46.9788,0.4815,-3.1046,1,G,51.798,46.2202,-3.1469,23.1692,46.3272,0.4813,-0.068,-1,93.1754
166033,445348142,G,61.7025,-5.7529,19.7513,-58.172,20.572,-1.7625,1.8542,-1,G,50.4767,-5.256,-49.254,-9.7109,49.5336,-0.1948,-1.6771,1,83.5732
166033,446305686,G,47.1083,0.5576,24.8557,-40.0133,24.8619,-1.254,1.5484,1,G,73.7174,-31.0389,46.5097,48.0383,55.9156,0.7782,2.1593,-1,92.2622
166033,446292282,G,63.9006,37.6858,37.27,-35.6932,53.0026,-0.6308,0.7799,-1,G,63.9807,-37.0622,-26.0498,-45.1809,45.3012,-0.8795,-2.5289,1,98.4211
166033,446008228,G,62.255,61.9116,-6.2281,1.9589,62.2241,0.0315,-0.1003,-1,G,33.7583,-19.1695,18.9494,-20.3238,26.9546,-0.6963,2.362,1,83.0214
166033,446158001,G,78.3309,4.0601,-38.7761,67.9385,38.9881,1.3222,-1.4665,1,G,53.6388,-9.8109,42.9907,30.5395,44.0959,0.6466,1.7952,-1,87.5628
166033,447684357,G,77.7616,15.9363,-36.648,66.7069,39.963,1.2851,-1.1606,1,G,41.1252,-23.7862,30.2038,14.6018,38.4455,0.3712,2.2379,-1,86.1383
166033,447717005,G,59.4609,8.3239,-43.7191,-39.4327,44.5045,-0.7985,-1.3826,1,G,50.2582,-12.1841,44.8238,-19.1901,46.4502,-0.4022,1.8362,-1,92.6582
166033,448454670,G,70.0871,11.209,-33.6474,60.4517,35.4653,1.3031,-1.2492,-1,G,39.63,-18.0045,35.2505,-1.9407,39.5823,-0.049,2.043,1,92.5504
166033,447431632,G,131.533,34.1407,-18.9738,125.6,39.0589,1.8845,-0.5072,1,G,69.3958,-29.3867,31.1357,54.6146,42.8137,1.0635,2.3273,-1,87.8899
166033,447648216,G,118.665,12.9325,-39.7179,111.07,41.7703,1.7047,-1.256,1,G,52.9511,-10.1667,38.3607,35.0556,39.6851,0.7964,1.8299,-1,89.9433
166033,447684673,G,71.9305,-38.4153,24.3837,-55.7108,45.5005,-1.0315,2.576,-1,G,56.8304,39.9432,-19.0807,-35.6392,44.2666,-0.7366,-0.4456,1,90.5765
166033,447468314,G,34.7496,26.1163,15.071,17.2722,30.1529,0.5454,0.5234,-1,G,55.9959,-47.8611,11.2638,-26.7949,49.1687,-0.5211,2.9104,1,83.5327
166033,447672813,G,70.3772,-3.5688,20.7275,67.1609,21.0325,1.8778,1.7413,-1,G,23.9773,1.0953,-23.4679,-4.7915,23.4934,-0.2026,-1.5242,1,70.7051
166033,447497791,G,66.3339,2.6001,42.1404,-51.1625,42.2205,-1.0235,1.5092,1,G,49.4958,-2.0428,-38.8735,-30.5697,38.9271,-0.7212,-1.6233,-1,82.0085
166033,447622679,G,54.1306,4.9536,43.4466,-31.9055,43.7281,-0.6768,1.4573,-1,G,68.3905,-12.5512,-47.6082,-47.4677,49.2348,-0.8558,-1.8286,1,92.9315
166033,449542600,G,29.4013,10.2958,-24.7033,-12.1724,26.763,-0.4404,-1.1759,1,G,85.8499,-32.982,63.7701,-47.0719,71.7944,-0.616,2.0481,-1,87.9322
166033,448911359,G,74.479,65.1205,-32.0725,16.6666,72.5902,0.2276,-0.4576,-1,G,42.7701,7.1571,41.8251,-5.3579,42.433,-0.1259,1.4013,1,91.1059
166033,448595898,G,82.8569,38.0346,-1.2405,-73.6008,38.0548,-1.4138,-0.0326,-1,G,40.4234,-26.048,30.8904,-1.1499,40.4069,-0.0285,2.2713,1,92.6691
166033,450947300,G,105.346,40.044,-15.4095,-96.2128,42.9065,-1.5471,-0.3673,-1,G,44.2883,-29.897,23.6694,-22.5248,38.1323,-0.5608,2.4719,1,90.1152
166033,450826984,G,81.7759,33.1287,-4.5071,-74.6288,33.4339,-1.5429,-0.1352,-1,G,46.8069,-43.1884,9.8128,-15.1444,44.2891,-0.3356,2.9182,1,91.3508
166033,450217082,G,40.7844,-6.3284,-31.249,-25.4324,31.8833,-0.7308,-1.7706,1,G,55.6368,28.4558,45.5192,14.6189,53.6817,0.2691,1.0121,-1,92.1241
166033,450742674,G,53.7815,22.8734,11.8401,47.2129,25.7561,1.3664,0.4777,-1,G,38.3038,-25.2492,-11.0018,-26.6197,27.542,-0.8575,-2.7307,1,89.7177
166033,452358318,G,198.255,33.0087,17.365,-194.715,37.2977,-2.3548,0.4843,-1,G,90.0078,-22.8642,-20.1506,-84.691,30.4766,-1.7461,-2.4192,1,70.1217
166033,451644931,G,54.4215,5.35,32.6522,43.2077,33.0876,1.082,1.4084,1,G,41.2316,-4.7395,-39.1321,-12.0932,39.4181,-0.3022,-1.6913,-1,90.2167
166033,451964390,G,47.6021,-45.171,-9.3918,-11.7187,46.137,-0.2513,-2.9366,1,G,53.5353,45.7348,4.4562,-27.468,45.9514,-0.5669,0.0971,-1,93.1048
166033,452427358,G,78.1257,22.5374,-36.2471,65.4356,42.6824,1.213,-1.0145,1,G,172.212,-21.875,32.2519,167.745,38.9705,2.166,2.1668,-1,90.9919
166033,452500791,G,63.4244,-1.1472,-36.8836,51.5842,36.9015,1.1367,-1.6019,1,G,37.0471,-1.5485,36.8463,-3.5258,36.8788,-0.0955,1.6128,-1,88.191
166033,452529007,G,49.9084,-31.1155,28.1345,27.0391,41.9491,0.6067,2.4065,1,G,71.3952,49.6088,-8.3294,50.6641,50.3032,0.8864,-0.1663,-1,89.1209
166033,452587778,G,84.667,-33.078,-4.0038,-77.8351,33.3195,-1.5845,-3.0211,-1,G,37.2959,36.4042,7.2583,-3.6091,37.1208,-0.0971,0.1968,1,90.665
166033,452331804,G,87.0861,-43.7144,37.8373,-65.1258,57.8153,-0.968,2.4281,-1,G,33.1428,30.8031,-11.0344,-5.2769,32.7198,-0.1606,-0.344,1,92.808
166033,453767829,G,120.865,13.3349,37.1299,114.245,39.4519,1.785,1.226,-1,G,67.621,-20.3007,-42.6263,48.4094,47.2136,0.8992,-2.0153,1,94.8253
166033,453220712,G,122.212,42.1727,26.0135,-111.716,49.5504,-1.552,0.5527,1,G,67.4723,24.8386,-48.591,-39.6794,54.5714,-0.6747,-1.0982,-1,89.7731
166033,453241790,G,74.3979,-9.1432,35.6327,64.6665,36.787,1.3298,1.822,-1,G,48.2656,8.8992,-42.6835,20.6998,43.6014,0.4585,-1.3653,1,87.8019
166033,453885314,G,134.336,30.542,22.741,128.826,38.0785,1.9331,0.64,-1,G,68.4887,-45.803,0.0437,50.9193,45.803,0.9582,3.1406,1,89.8743
166033,453199330,G,90.3942,25.8102,-25.1296,82.9062,36.0231,1.5709,-0.772,-1,G,33.5128,-17.6624,28.4084,2.024,33.4514,0.0605,2.127,1,89.7923
166033,453636295,G,41.3684,-27.8943,23.829,-19.1159,36.6867,-0.5,2.4346,-1,G,36.0312,13.2352,-27.9501,18.4894,30.9253,0.567,-1.1285,1,75.8843
166033,454042189,G,126.967,-2.1827,46.1036,-118.28,46.1552,-1.6703,1.6181,1,G,51.2096,26.9209,-32.0772,-29.4742,41.877,-0.6558,-0.8726,-1,95.4289
166033,452849017,G,86.8967,-19.7344,39.1095,75.0468,43.8064,1.3075,2.0381,-1,G,46.6012,17.4949,-38.5089,19.5614,42.2967,0.4474,-1.1444,1,94.1572
166033,453963289,G,57.5311,27.1783,28.7966,-41.7362,39.5968,-0.9191,0.8143,1,G,44.4831,-28.8174,-33.5841,4.5163,44.2531,0.1019,-2.2799,-1,94.8471
166033,455356384,G,43.8642,25.9993,-20.2633,-28.9394,32.9631,-0.7924,-0.662,-1,G,49.4028,-29.944,16.8492,35.4978,34.3589,0.9046,2.6291,1,92.8898
166033,455429993,G,42.3448,40.1839,4.974,-12.3928,40.4906,-0.3015,0.1232,1,G,43.3473,-42.3133,-4.381,8.3286,42.5395,0.1946,-3.0384,-1,85.5671
166033,455280310,G,134.243,-7.6727,-36.9482,-128.83,37.7365,-1.9418,-1.7755,1,G,44.6578,5.177,35.9766,-25.9459,36.3471,-0.664,1.4279,-1,89.6815
166033,455239087,G,63.9398,30.4252,6.5439,55.855,31.121,1.3479,0.2119,1,G,57.3335,-51.0478,-8.3236,24.7377,51.722,0.4617,-2.98,-1,88.2246
166033,455507623,G,114.04,-35.9378,-6.9196,108.008,36.5979,1.8029,-2.9514,1,G,30.2602,29.0047,6.5469,5.6155,29.7344,0.1878,0.222,-1,88.6795
166033,454750914,G,37.8988,-15.7274,-30.3689,-16.3304,34.1997,-0.461,-2.0486,1,G,99.6356,-32.1101,64.7493,-68.5836,72.274,-0.8448,2.0312,-1,90.7462
166033,454478129,G,77.4538,-46.6072,-61.0876,9.7546,76.837,0.1266,-2.2225,1,G,56.7584,40.3062,-22.5336,33.0022,46.1774,0.6647,-0.5098,-1,95.6689
166033,454719348,G,96.8076,29.7002,-25.3444,88.5848,39.0441,1.5578,-0.7064,1,G,37.2163,-33.1837,13.8038,9.6612,35.9402,0.2657,2.7474,-1,90.3594
166033,456241707,G,94.7151,35.2608,11.0482,87.2098,36.9511,1.594,0.3036,1,G,28.4318,-26.5831,-8.9854,4.5778,28.0606,0.1624,-2.8156,-1,81.6126
166033,456873242,G,85.3167,17.1701,-33.4722,76.575,37.6192,1.4594,-1.0968,1,G,67.1243,2.2427,49.22,45.5853,49.2711,0.8275,1.5253,-1,87.6942
166033,457002626,G,28.898,0.481,-27.6479,8.3931,27.6521,0.299,-1.5534,1,G,91.0818,21.4636,75.3818,46.3981,78.378,0.5619,1.2934,-1,92.9139
166033,457017442,G,95.757,-18.9139,-38.7375,-85.5047,43.1083,-1.4362,-2.025,-1,G,73.1926,-46.9427,30.7251,-47.0052,56.1039,-0.7619,2.562,1,81.1404
166033,455899240,G,65.2019,0.5372,-44.9762,47.2031,44.9794,0.9159,-1.5589,-1,G,43.7924,9.4683,42.6597,2.875,43.6978,0.0657,1.3524,1,96.2625
166033,456858200,G,86.1109,-28.0848,-17.1042,-79.585,32.8833,-1.6172,-2.5946,1,G,28.9729,23.1989,17.2382,2.0178,28.9023,0.0698,0.639,-1,84.8747
166033,456588849,G,42.0525,30.0517,-25.0402,-15.4365,39.1167,-0.385,-0.6947,1,G,48.8017,-42.1992,21.2757,12.1724,47.2592,0.2548,2.6746,-1,89.9005
166033,457753003,G,59.3094,38.8823,11.7435,43.2186,40.617,0.9259,0.2933,1,G,42.4718,-40.1411,-11.4795,7.7945,41.7503,0.1856,-2.863,-1,88.0649
166033,457726807,G,48.4736,-46.9633,7.808,9.1197,47.6079,0.1904,2.9768,1,G,63.6577,41.1328,-12.4662,46.9572,42.9804,0.9453,-0.2943,-1,96.8149
166033,458431063,G,37.7594,20.1048,7.5672,31.0531,21.4817,1.1642,0.36,1,G,82.513,-4.2752,-81.3219,-13.2986,81.4342,-0.1626,-1.6233,-1,91.9776
166033,457166137,G,81.7318,43.0468,-4.5251,69.3295,43.2839,1.2499,-0.1047,-1,G,65.2967,-46.3657,6.1951,45.5576,46.7777,0.8628,3.0088,1,91.6763
166033,457610074,G,33.2184,-17.3936,-28.297,-0.4397,33.2153,-0.0132,-2.1219,1,G,72.6475,36.8232,44.176,44.3867,57.5106,0.7105,0.8759,-1,92.987
166033,457760446,G,182.116,-34.4433,17.691,-177.952,38.721,-2.2299,2.6671,1,G,123.958,19.4923,-49.38,-112.014,53.0879,-1.4918,-1.1948,-1,91.5041
166033,457444298,G,70.9794,-30.4951,-0.4969,-64.0926,30.4992,-1.4881,-3.1253,1,G,36.1045,35.9795,1.2087,2.7451,35.9998,0.0762,0.0336,-1,87.5948
166033,457616663,G,54.6702,23.2599,-23.3861,-43.5992,32.9838,-1.0917,-0.7881,1,G,37.4148,-26.0299,24.0933,-11.9085,35.4689,-0.3297,2.3948,-1,73.4191
166033,458019863,G,233.301,25.1086,-97.473,-210.471,100.655,-1.4836,-1.3187,-1,G,25.005,15.6161,14.6778,-12.8817,21.4313,-0.5697,0.7544,1,91.2257
166033,458073183,G,72.8044,27.4,27.1678,-61.7383,38.5856,-1.249,0.7811,-1,G,24.2621,-10.3243,-21.9339,-0.9742,24.2423,-0.0402,-2.0107,1,71.9032
166033,457569693,G,106.649,-47.7586,17.2338,93.7875,50.7729,1.3731,2.7953,1,G,29.9283,26.5783,-4.9461,12.8383,27.0346,0.4586,-0.184,-1,81.7598
166033,459426076,G,142.366,36.244,-22.5922,135.808,42.7087,1.8738,-0.5574,-1,G,76.7359,-45.1338,-9.3356,61.3528,46.0892,1.0973,-2.9376,1,89.6354
166033,458890303,G,94.3212,15.5194,38.2501,84.8089,41.2785,1.4678,1.1854,1,G,86.991,-43.8887,-27.9368,69.719,52.0258,1.1027,-2.5747,-1,89.9113
166033,459251547,G,74.4659,-11.6805,-34.6047,64.894,36.5229,1.3391,-1.8963,-1,G,57.2448,9.2272,33.2134,45.7021,34.4713,1.0941,1.2998,1,71.4719
166033,459377815,G,81.911,-23.4905,-5.3493,78.2878,24.0919,1.8945,-2.9177,1,G,22.7423,17.5967,13.7668,-4.2462,22.3421,-0.1889,0.6639,-1,73.2432
166033,459693807,G,69.9804,36.5854,9.9721,58.816,37.9201,1.2228,0.2661,1,G,33.995,-33.1832,-2.1761,-7.0565,33.2544,-0.2106,-3.0761,-1,89.7747
166033,460872037,G,91.3614,-26.7856,34.6148,80.195,43.7682,1.366,2.2294,-1,G,49.4201,29.6678,-30.292,25.3879,42.4003,0.5678,-0.7958,1,92.9767
166033,460523836,G,103.385,-0.4274,-42.5657,-94.215,42.5678,-1.5352,-1.5808,-1,G,53.1378,-1.5503,42.5614,-31.7763,42.5897,-0.69,1.6072,1,92.8532
166033,460281875,G,102.443,20.9093,22.5874,97.7096,30.7797,1.8722,0.824,-1,G,30.927,-21.9712,-21.715,1.4809,30.8914,0.0479,-2.3621,1,89.1455
166033,460201679,G,171.561,-35.0318,-21.0196,166.626,40.854,2.1136,-2.6012,-1,G,84.67,35.8288,25.0518,72.5099,43.7184,1.2796,0.6102,1,91.9324
166033,460574455,G,54.4813,-20.2684,24.7833,44.0816,32.0159,1.1245,2.2563,-1,G,45.1622,28.4839,-35.0463,-0.1916,45.1616,-0.0042,-0.8883,1,88.4854
166033,461150527,G,47.2704,-39.1198,-26.3897,2.7759,47.1887,0.0588,-2.5481,1,G,49.495,40.2688,14.1859,-25.0384,42.6945,-0.5572,0.3387,-1,93.3684
166033,461316640,G,73.599,36.97,1.5601,63.6207,37.0029,1.3106,0.0422,1,G,23.7584,-19.4363,13.2435,-3.3601,23.5194,-0.1424,2.5435,-1,72.9422
166033,460840889,G,41.1105,-24.2654,-33.056,2.9253,41.0062,0.0713,-2.204,-1,G,57.3182,26.2441,32.7443,-39.0439,41.9635,-0.8313,0.8952,1,91.5404
166033,460685582,G,127.178,10.9021,-30.9797,122.864,32.842,2.0299,-1.2324,-1,G,36.7585,-11.7679,31.888,13.9946,33.9901,0.4009,1.9243,1,90.2398
166033,460714190,G,45.1854,0.2673,43.8077,-11.0688,43.8086,-0.25,1.5647,1,G,50.9222,15.3533,-48.1957,-5.8742,50.5821,-0.1159,-1.2624,-1,93.2005
166033,461323238,G,240.852,-85.151,66.0913,-215.386,107.79,-1.4428,2.4815,1,G,129.263,-94.9793,55.2537,-68.0797,109.882,-0.5855,2.6147,-1,97.2677
166033,461284322,G,59.734,44.0367,-39.9374,5.8237,59.4493,0.0978,-0.7366,1,G,35.5242,-24.01,18.9394,-18.0769,30.5808,-0.5612,2.4737,-1,89.9
166033,461842710,G,66.2004,65.0463,7.2148,9.9707,65.4452,0.1518,0.1105,-1,G,62.7524,-9.5481,42.9062,44.7856,43.9557,0.8947,1.7898,1,89.6573
166033,461598237,G,91.587,-33.6629,0.627,-85.1739,33.6687,-1.6582,3.123,-1,G,71.6423,32.5296,-34.9983,-53.3812,47.7814,-0.9619,-0.8219,1,79.1432
166033,461783899,G,127.232,37.7322,-9.6354,121.126,38.9431,1.8528,-0.25,-1,G,61.6171,-39.241,-6.287,47.088,39.7415,1.0062,-2.9827,1,84.3351
166033,462048846,G,91.3947,-6.0155,-46.4549,-78.4776,46.8428,-1.2882,-1.6996,1,G,50.4718,0.9595,41.1313,-29.235,41.1425,-0.6613,1.5475,-1,92.0336
166033,461612210,G,139.501,9.0527,43.4174,-132.263,44.3512,-1.8128,1.3652,-1,G,96.5715,-11.0512,-42.8152,-85.8532,44.2185,-1.4172,-1.8234,1,90.284
166033,462666874,G,29.9636,20.752,21.1756,4.3307,29.6488,0.1456,0.7955,1,G,64.4717,-23.6646,-39.2174,-45.3714,45.8041,-0.8747,-2.1137,-1,83.0644
166033,462162687,G,54.1899,33.8322,-42.1363,4.055,54.0378,0.075,-0.8943,1,G,41.7457,-38.3384,14.5794,7.765,41.017,0.1882,2.7782,-1,91.0177
166033,462516471,G,52.5986,-47.6222,-5.1366,21.7335,47.8984,0.4395,-3.0341,1,G,60.5885,44.8015,2.1924,40.7305,44.8551,0.8148,0.0489,-1,94.3023
166033,462970820,G,121.676,27.11,-49.328,107.874,56.2867,1.4057,-1.0683,-1,G,29.1475,13.3253,25.8046,2.4749,29.042,0.0851,1.0941,1,91.5556
166033,463664383,G,58.2022,36.4663,4.7562,45.1117,36.7752,1.033,0.1297,-1,G,36.2396,-26.5635,3.5991,-24.387,26.8062,-0.8161,3.0069,1,91.2242
166033,462950523,G,105.061,-21.6662,-48.2172,90.7934,52.8613,1.3097,-1.9931,-1,G,76.3038,39.6203,32.0662,56.7825,50.9706,0.9597,0.6804,1,102.622
166033,463833712,G,182.696,-16.2248,37.0053,178.172,40.4059,2.1895,1.984,-1,G,30.6473,8.3616,-26.1314,13.6557,27.4366,0.4792,-1.2611,1,92.3986
166033,463663280,G,103.604,-30.6583,-32.8463,-93.3535,44.9311,-1.4779,-2.3218,1,G,332.05,-69.6281,55.6846,-319.857,89.1563,-1.9895,2.467,-1,92.0454
166033,463762088,G,104.883,-13.0988,41.847,-95.2773,43.8491,-1.5184,1.8741,-1,G,104.512,10.828,-44.6615,-93.8663,45.9553,-1.4625,-1.3329,1,89.7669
166033,464094955,G,54.8817,-52.4511,-15.6773,-3.8858,54.7439,-0.0709,-2.8512,-1,G,37.5579,35.6448,9.7958,-6.6389,36.9663,-0.1786,0.2682,1,90.0959
166033,463649015,G,43.708,14.8506,34.5205,-22.3198,37.5793,-0.5636,1.1645,1,G,62.4807,-35.463,-41.2741,-30.7027,54.4167,-0.5379,-2.2806,-1,89.4102
166033,464026674,G,53.0585,-47.4558,-11.3914,-20.8176,48.8039,-0.4146,-2.906,-1,G,51.8445,44.7847,-8.0722,-24.8397,45.5064,-0.5218,-0.1783,1,92.3801
166033,471927306,G,58.8878,-24.6096,-13.0231,51.8896,27.843,1.3809,-2.6549,1,G,42.9042,39.8666,14.9716,-5.2214,42.5852,-0.1223,0.3592,-1,89.1467
166033,472212135,G,138.089,-34.0687,-28.0034,130.858,44.1007,1.808,-2.4536,-1,G,88.9583,35.2916,24.4715,77.9052,42.9459,1.3572,0.6063,1,89.1887
166033,471582212,G,118.469,-35.029,10.3191,-112.7,36.5173,-1.8454,2.8551,-1,G,28.9551,25.7772,-7.256,11.0124,26.779,0.4004,-0.2744,1,106.294
166033,472339229,G,84.2281,-34.0739,9.0989,-76.4888,35.2678,-1.5167,2.8807,-1,G,41.1548,36.4375,-13.5265,-13.5297,38.8672,-0.3414,-0.3555,1,87.1341
166033,474255210,G,71.027,25.1267,35.6529,-56.0566,43.6174,-1.0694,0.9569,-1,G,34.7578,-21.5479,-27.264,0.6768,34.7511,0.0195,-2.2396,1,89.6679
166033,473003433,G,51.1034,-39.9913,-16.4115,27.2563,43.2278,0.5948,-2.7522,1,G,47.2215,41.9984,18.7169,10.7551,45.9803,0.2318,0.4192,-1,90.6288
166033,473116441,G,93.625,-54.4687,-3.0209,76.0898,54.5524,1.135,-3.0862,-1,G,70.6713,38.46,-7.7961,58.7747,39.2422,1.1935,-0.2,1,91.8234
166033,473555660,G,78.7149,-27.1757,-42.6805,60.2983,50.5978,1.0107,-2.1378,-1,G,85.2939,4.3318,62.78,57.5756,62.9293,0.8199,1.5019,1,109.904
166033,473937965,G,38.9419,32.9306,16.3155,-12.8779,36.7508,-0.3436,0.46,1,G,59.5294,-50.2565,9.1811,30.557,51.0882,0.5672,2.9609,-1,91.8356
166033,473090218,G,151.441,-27.06,-34.296,145.003,43.6859,1.9148,-2.2388,-1,G,84.0433,27.5706,33.802,71.837,43.6201,1.2736,0.8866,1,91.8298
166033,473696146,G,91.3038,-30.4208,-32.6745,-79.645,44.6436,-1.3426,-2.3205,-1,G,91.1093,22.4538,36.165,-80.5532,42.5686,-1.3944,1.0152,1,86.8069
166033,474145882,G,63.7058,48.9705,-11.7749,39.0085,50.3662,0.7126,-0.236,1,G,48.0428,-34.8427,28.9423,16.0134,45.2954,0.3466,2.4484,-1,94.6891
166033,474268130,G,67.4581,-34.2269,-40.4163,-41.7807,52.9619,-0.724,-2.2735,1,G,65.766,62.8048,-17.436,-8.7573,65.1802,-0.134,-0.2708,-1,105.028
166033,473584830,G,39.4119,-37.8912,-10.8225,-0.6426,39.4065,-0.0163,-2.8634,-1,G,52.8482,49.7884,17.5776,2.2489,52.8002,0.0426,0.3394,1,91.2259
166033,473626262,G,198.411,-2.699,-42.4274,193.803,42.5131,2.222,-1.6343,-1,G,148.632,-3.8866,47.0078,140.949,47.1682,1.8147,1.6533,1,91.1903
166033,473635619,G,37.3864,-14.8672,17.0515,-29.7648,22.6227,-1.088,2.2879,-1,G,55.0736,19.1014,-28.1119,43.3354,33.9873,1.0631,-0.974,1,90.6886
166033,473024437,G,83.9733,23.0117,-40.5873,-69.8186,46.6569,-1.1928,-1.055,-1,G,52.657,-19.181,39.6881,-28.8044,44.0801,-0.6141,2.021,1,94.4767
166033,473830429,G,69.7013,16.7228,-32.0138,-59.6132,36.1183,-1.2754,-1.0894,1,G,63.7105,-15.4737,51.373,-34.357,53.6527,-0.6031,1.8634,-1,92.693
166033,474773415,G,109.072,-33.6092,25.4436,-100.597,42.1539,-1.6042,2.4936,1,G,64.5199,24.3886,-26.4914,-53.537,36.0083,-1.1874,-0.8267,-1,79.3144
166033,474871545,G,52.3976,-31.2769,-23.4485,-34.8916,39.0906,-0.8033,-2.4983,-1,G,40.6863,33.0021,23.5065,3.6969,40.5179,0.0911,0.6189,1,87.6842
166033,475277419,G,41.8953,-20.9116,19.9057,30.3591,28.8709,0.9174,2.3808,1,G,40.008,21.7076,-25.1391,-22.3032,33.2144,-0.6292,-0.8585,-1,81.334
166033,474577717,G,97.805,-26.0719,1.6314,94.2518,26.1229,1.995,3.0791,1,G,39.7608,36.0469,-12.9613,10.6554,38.3063,0.2747,-0.3452,-1,87.6981
166033,474608710,G,84.0457,17.1393,30.5319,76.405,35.0136,1.5223,1.0593,1,G,36.153,-23.4175,-27.5279,0.9329,36.1408,0.0258,-2.2757,-1,91.7505
166033,474739961,G,78.0202,0.9731,35.6344,-69.4001,35.6477,-1.4196,1.5435,-1,G,43.9966,-9.3013,-41.6593,-10.6619,42.685,-0.2473,-1.7905,1,91.5014
166033,475189273,G,43.8993,24.846,-13.118,-33.7303,28.0963,-1.0163,-0.4858,1,G,42.9374,-18.2283,18.9069,33.9687,26.2629,1.0744,2.3379,-1,86.3902
166033,474703199,G,116.29,25.7801,30.6535,109.175,40.053,1.728,0.8715,-1,G,49.9053,-25.1898,-31.5806,29.303,40.3963,0.6733,-2.2441,1,91.8891
166033,474968646,G,70.5529,30.0426,26.4393,58.1042,40.0199,1.1678,0.7217,1,G,77.6832,-1.8678,-60.2333,49.0217,60.2623,0.7432,-1.6018,-1,92.5317
166033,475596025,G,55.7313,-29.5033,-12.6817,45.5488,32.1134,1.1486,-2.7356,1,G,81.2771,-71.6507,25.0649,-29.0494,75.9084,-0.3739,2.8051,-1,90.0754
166033,476193742,G,54.2306,49.1512,-12.4751,-19.2219,50.7096,-0.3705,-0.2486,1,G,60.5959,-22.7141,44.9817,-33.6536,50.3913,-0.6261,2.0384,-1,92.9177
166033,475988826,G,78.575,-40.6583,7.0502,-66.8671,41.265,-1.2598,2.9699,-1,G,39.9007,38.0636,6.9943,-9.7104,38.7009,-0.2483,0.1817,1,89.2658
166033,476048899,G,83.448,-41.3379,-6.5915,-72.1892,41.8602,-1.3132,-2.9835,1,G,57.0259,44.3041,-11.1973,-34.1133,45.6971,-0.6904,-0.2476,-1,90.0414
166033,477224235,G,63.769,48.1765,-14.6348,39.132,50.3503,0.7148,-0.2949,-1,G,47.7143,-39.2993,24.5126,11.4602,46.3174,0.245,2.5839,1,98.4508
166033,477899544,G,47.3866,-41.3967,-22.735,3.8623,47.2288,0.0817,-2.6394,1,G,50.567,24.5415,44.1677,-1.9846,50.5279,-0.0393,1.0636,-1,94.0634
166033,478057693,G,69.9132,-27.8319,-2.7304,-64.0763,27.9655,-1.5668,-3.0438,-1,G,43.2701,30.6313,20.1851,-22.9472,36.684,-0.5906,0.5827,1,70.1774
166033,477451650,G,64.0417,23.9755,-23.5943,54.496,33.638,1.2596,-0.7774,1,G,40.2824,-33.4634,22.4244,-0.055,40.2822,-0.0014,2.5512,-1,88.4777
166033,477585269,G,74.4118,35.9999,-10.7874,-64.2242,37.5814,-1.3053,-0.2911,1,G,47.8459,-33.7781,29.7261,-16.267,44.9956,-0.3541,2.4199,-1,90.025
166033,477446516,G,84.6144,-10.5021,-38.7359,-74.4905,40.1343,-1.3773,-1.8356,1,G,25.3982,9.4199,18.9255,14.0765,21.1403,0.6245,1.109,-1,89.7736
166033,478328473,G,68.4641,-23.0998,-20.6494,-61.0518,30.9838,-1.4303,-2.4122,1,G,35.0815,25.339,21.6496,10.9511,33.3282,0.3229,0.707,-1,90.5847
166033,478423323,G,78.2262,28.3944,-29.8949,66.4784,41.2304,1.2555,-0.8111,1,G,47.2416,-38.3555,25.7824,9.7919,46.2156,0.2103,2.5498,-1,99.0398
166033,478497446,G,46.0316,37.3339,-23.7323,12.7224,44.2385,0.2838,-0.5662,-1,G,52.2848,-40.6174,19.6272,26.4327,45.111,0.5567,2.6915,1,90.0298
166033,479590809,G,60.2811,0.936,39.7383,45.3187,39.7494,0.9771,1.5473,-1,G,32.8413,-4.5035,-25.1893,-20.5853,25.5888,-0.7362,-1.7477,1,88.5191
166033,480016745,G,50.8701,-1.0563,-46.8607,-19.7664,46.8726,-0.4101,-1.5933,1,G,44.7756,4.9016,43.1471,-10.9152,43.4246,-0.2488,1.4577,-1,90.4331
166033,480056765,G,47.1956,-40.0519,-0.6766,-24.956,40.0576,-0.5884,-3.1247,1,G,45.2801,43.5585,-5.2732,11.1859,43.8765,0.2523,-0.1205,-1,91.1835
166033,479520574,G,152.336,6.2804,-38.7165,-147.2,39.2225,-2.033,-1.41,1,G,79.9942,-2.763,45.8331,-65.5038,45.9164,-1.1533,1.631,-1,93.1204
166033,479656176,G,215.914,-2.744,-52.5732,209.398,52.6447,2.0893,-1.6229,-1,G,79.2021,5.9437,43.443,65.9571,43.8477,1.1971,1.4348,1,105.734
166033,478936291,G,79.6794,-37.0012,20.6787,67.4692,42.3875,1.2446,2.632,1,G,61.801,37.1987,-22.5481,43.8998,43.499,0.8879,-0.5449,-1,87.2359
166033,479247399,G,178.062,27.8664,-32.2439,172.886,42.617,2.1084,-0.8581,1,G,178.126,-17.2966,41.8114,172.283,45.2479,2.0469,1.963,-1,86.7427
166033,479955743,G,234.125,-28.3495,-42.9804,228.393,51.488,2.1953,-2.1539,1,G,135.032,25.4374,29.5333,129.284,38.9779,1.9142,0.8598,-1,90.3025
166033,478892326,G,97.9216,23.8222,-15.5347,93.7007,28.4398,1.9077,-0.5779,1,G,24.3329,-14.8654,15.3468,-11.6436,21.366,-0.5211,2.3403,-1,90.1806
166033,479628820,G,86.6639,-0.315,44.3152,-74.4761,44.3163,-1.2909,1.5779,-1,G,50.8887,12.7824,-39.576,-29.3258,41.5891,-0.6569,-1.2584,1,89.2637
166033,479787684,G,119.102,-15.3739,31.631,113.791,35.1692,1.8904,2.0232,1,G,31.2378,9.9592,-29.0557,5.6893,30.7151,0.1842,-1.2406,-1,91.0525
166033,479057274,G,251.835,38.5385,25.5856,-247.55,46.2584,-2.3791,0.5861,-1,G,127.769,-38.539,-21.4144,-119.921,44.0889,-1.726,-2.6344,1,95.1145
166033,479792406,G,111.526,37.0519,-66.8938,81.1811,76.4698,0.9243,-1.065,-1,G,23.816,-5.5067,23.0256,2.5862,23.6749,0.109,1.8055,1,91.5474
166033,479212813,G,53.4792,40.2811,-26.8324,-22.748,48.3998,-0.4542,-0.5876,1,G,40.1896,-25.5649,25.5856,-17.5215,36.1689,-0.4672,2.3558,-1,83.2712
166033,480930029,G,50.618,-7.9696,-44.6191,-22.5341,45.3253,-0.4787,-1.7475,1,G,57.9621,6.5406,44.459,-36.6088,44.9376,-0.7441,1.4247,-1,91.0476
166033,480228405,G,56.2861,-25.5008,-34.1025,36.8082,42.5825,0.7822,-2.2129,1,G,40.8268,34.2323,20.8779,-7.686,40.0966,-0.1905,0.5477,-1,91.2781
166033,480691562,G,117.574,-21.6733,6.4408,-115.38,22.6101,-2.3325,2.8527,-1,G,23.1103,22.595,-0.2765,4.8442,22.5967,0.2128,-0.0122,1,86.8056
166033,480203006,G,87.3326,-53.2165,-52.5347,45.112,74.7789,0.5716,-2.3626,-1,G,63.9112,-52.7427,36.0364,2.0542,63.8781,0.0322,2.5422,1,95.6582
166033,480903287,G,55.1727,39.3278,35.8395,14.5901,53.2085,0.2709,0.739,-1,G,49.8571,-24.8878,-26.1308,34.402,36.0863,0.848,-2.3318,1,91.2593
166033,480210984,G,95.3538,29.7704,18.8407,88.6064,35.2314,1.6528,0.5642,1,G,33.3738,-29.15,-16.1554,1.7549,33.3274,0.0526,-2.6355,-1,91.6408
166033,480623925,G,48.2471,11.662,-23.7697,-40.3333,26.4765,-1.2076,-1.1147,1,G,44.6057,-13.6114,26.8963,32.8782,30.1444,0.9441,2.0393,-1,92.4797
166033,481527973,G,53.2228,-28.4442,32.1596,31.4538,42.9339,0.6792,2.295,1,G,30.5889,15.4777,-21.197,-15.7098,26.2464,-0.5676,-0.9401,-1,80.5495
166033,481063450,G,60.072,-33.0986,-8.879,49.3385,34.2688,1.1609,-2.8795,1,G,44.2636,39.4621,19.7729,-3.3212,44.1387,-0.0752,0.4645,-1,92.7856
166033,482017656,G,213.673,27.1503,-32.0082,209.51,41.9722,2.3108,-0.8673,1,G,60.2147,-36.9694,11.2212,46.186,38.6349,1.0131,2.8469,-1,95.4226
166033,481801030,G,83.0802,1.5225,-36.7586,-74.4902,36.7902,-1.4546,-1.5294,-1,G,54.8674,-3.8684,46.3088,-29.171,46.4701,-0.5925,1.6541,1,90.483
166033,482895522,G,107.348,-45.3363,5.9722,-97.1215,45.7279,-1.4977,3.0106,1,G,66.5605,44.9297,-6.7652,-48.6399,45.4362,-0.9304,-0.1495,-1,94.8528
166033,481957411,G,71.5237,17.7373,-27.8558,-63.4435,33.0236,-1.4078,-1.0038,1,G,150.722,-43.4238,41.8771,-138.122,60.3268,-1.5661,2.3743,-1,88.9268
166033,482287327,G,58.3931,22.4201,16.1139,-51.4531,27.6101,-1.3809,0.6232,1,G,38.8284,-8.6787,-37.4982,5.1183,38.4895,0.1326,-1.7982,-1,81.6026
166033,482249594,G,88.7888,37.1908,8.8797,-80.1338,38.2362,-1.4857,0.2344,1,G,48.4161,-41.0731,-9.7955,-23.6887,42.225,-0.5351,-2.9075,-1,89.6111
166033,481683208,G,98.4691,15.5312,-26.1093,93.6656,30.3795,1.8444,-1.0342,1,G,28.2744,-11.3191,25.22,-5.9383,27.6436,-0.2132,1.9927,-1,91.3746
166033,482273624,G,77.1496,-23.0098,25.2059,69.19,34.1289,1.4558,2.3107,-1,G,31.0,24.0074,-13.641,-14.091,27.6122,-0.4904,-0.5167,1,92.3347
166033,482539208,G,74.2378,-27.2355,29.5057,-62.4411,40.1542,-1.2249,2.3162,-1,G,35.9781,13.3738,17.6229,28.3723,22.1229,1.0677,0.9216,1,92.5938
166033,482500220,G,53.8098,21.4046,-35.5387,-34.2684,41.4868,-0.7528,-1.0287,1,G,41.0523,-21.3562,34.2905,7.3046,40.3971,0.1798,2.1278,-1,90.9407
166033,482929668,G,118.592,-40.6274,-13.2434,110.626,42.7314,1.6797,-2.8265,1,G,32.4242,31.0561,0.0499,9.3187,31.0561,0.2957,0.0016,-1,90.2969
166033,482151371,G,87.0182,36.1006,-2.4624,-79.1381,36.1845,-1.5243,-0.0681,-1,G,35.0518,-26.7056,2.5152,-22.5633,26.8238,-0.7645,3.0477,1,66.8554
166033,483472496,G,73.2589,-40.2815,6.2501,-60.8703,40.7635,-1.191,2.9877,1,G,39.2908,37.5838,-5.6175,-9.9825,38.0013,-0.2598,-0.1484,-1,87.405
166033,483150839,G,59.207,-51.82,-11.6056,-26.1811,53.1037,-0.475,-2.9213,1,G,43.0815,29.8586,25.1733,-18.1871,39.0542,-0.4503,0.7005,-1,88.476
166033,483971975,G,89.859,-3.1815,27.8652,85.37,28.0463,1.8322,1.6845,1,G,27.6877,2.0253,-23.7102,-14.1535,23.7965,-0.5643,-1.4856,-1,93.4175
166033,484013626,G,201.389,-43.3251,29.2461,194.487,52.2723,2.0246,2.5478,-1,G,107.456,41.5999,-17.1104,97.5878,44.9813,1.517,-0.3902,1,99.6351
166033,484201679,G,68.569,-35.4419,-22.2509,-54.3182,41.8477,-1.0772,-2.581,1,G,90.8637,18.976,53.304,-71.0971,56.581,-1.0517,1.2288,-1,91.9477
166033,484460285,G,54.0403,36.8585,-4.0701,-39.3093,37.0826,-0.9232,-0.11,-1,G,43.0596,-40.0906,-11.788,10.3875,41.7877,0.2461,-2.8556,1,91.2687
166033,485025075,G,37.8407,8.5413,33.7203,14.8961,34.7852,0.4161,1.3227,-1,G,56.0089,4.012,-43.5153,-35.0331,43.6998,-0.734,-1.4789,1,90.2703
166033,484624037,G,46.7834,32.3889,-2.1681,-33.6887,32.4614,-0.9079,-0.0668,-1,G,45.8166,-30.7923,1.9149,33.872,30.8517,0.9489,3.0795,1,92.5856
166033,484515004,G,50.9374,30.6438,11.8426,38.9271,32.8526,1.0063,0.3688,1,G,26.2929,-25.1933,-6.8651,3.0783,26.1119,0.1176,-2.8756,-1,64.3863
166033,484905532,G,49.8877,13.0293,29.4618,38.0921,32.2143,1.0047,1.1544,-1,G,51.3141,-34.7598,-35.9066,11.6449,49.9753,0.231,-2.34,1,85.1721
166033,485681455,G,102.492,19.5616,-38.4118,92.9866,43.1059,1.5118,-1.0998,-1,G,50.6123,41.375,26.3927,12.3744,49.0761,0.2495,0.5678,1,92.0993
166033,485758385,G,42.3814,20.0841,-29.0981,-23.3689,35.3563,-0.6204,-0.9667,-1,G,47.4954,-23.6845,31.3215,26.7172,39.2682,0.6365,2.2182,1,89.7146
166033,486853685,G,148.242,48.8769,13.4773,139.302,50.7009,1.7354,0.2691,-1,G,35.0262,-28.4116,-9.1055,18.3493,29.8351,0.5817,-2.8314,1,91.0787
166033,486371692,G,87.5825,-27.5018,-31.331,77.024,41.6891,1.3733,-2.2912,-1,G,90.4589,39.8053,30.6458,75.2275,50.2358,1.1934,0.6561,1,91.4679
166033,487095540,G,38.2329,21.5872,-28.6887,-13.1413,35.9033,-0.3583,-0.9257,-1,G,42.7833,-20.6819,37.1125,-5.032,42.4862,-0.1182,2.0792,1,78.4957
166033,486579882,G,48.7657,44.8592,-13.1611,13.875,46.75,0.2926,-0.2854,1,G,48.8212,-42.1582,13.2369,20.7598,44.1874,0.454,2.8374,-1,91.1938
166033,487028634,G,148.641,-4.7209,-28.1302,145.879,28.5236,2.3346,-1.7371,1,G,76.4268,1.6535,49.672,58.0603,49.6995,0.9955,1.5375,-1,92.6878
166033,486495617,G,61.9017,27.3123,18.042,52.5389,32.7333,1.2517,0.5838,-1,G,40.0448,-31.0299,-14.8575,20.4932,34.4035,0.5651,-2.695,1,70.9608
166033,486945601,G,103.296,-8.8589,-18.6183,101.217,20.6185,2.2944,-2.0149,-1,G,25.3193,11.1358,22.0665,-5.4882,24.7172,-0.2203,1.1034,1,85.795
166033,486007870,G,190.484,-20.883,61.1352,-179.194,64.6035,-1.7444,1.9,-1,G,61.6978,6.4216,-29.9423,-53.5614,30.6232,-1.3254,-1.3595,1,90.7656
166033,485990509,G,67.5347,29.3345,52.081,31.4322,59.7741,0.5042,1.0578,-1,G,31.171,-5.91,-26.8279,-14.7293,27.4711,-0.5133,-1.7876,1,90.9802
166033,486574461,G,91.5943,-44.1254,20.3074,77.6535,48.574,1.2483,2.7103,-1,G,68.6743,39.1958,-19.4126,52.9433,43.7397,1.0226,-0.4599,1,92.7653
166033,486199311,G,82.6944,-14.4398,-35.9188,-73.0731,38.7126,-1.3922,-1.953,-1,G,43.4834,20.2098,22.5019,-31.2414,30.2452,-0.9045,0.839,1,69.4695
166033,486156267,G,273.936,-249.704,100.263,51.3424,204.698,0.1903,2.7601,1,G,192.322,-131.253,120.116,73.0238,177.92,0.3997,2.4005,-1,90.7423
166033,487931070,G,56.2555,-19.4595,-38.768,35.8195,43.3778,0.7527,-2.036,-1,G,44.0732,17.0461,40.0289,7.0394,43.5073,0.1611,1.1682,1,90.6728
166033,488626798,G,87.7632,20.5143,71.8893,-45.9723,74.759,-0.5816,1.2928,1,G,48.7133,40.3669,25.6106,9.3588,47.8057,0.1945,0.5654,-1,63.8163
166033,487399471,G,41.4024,-41.1469,4.1349,-1.9953,41.3542,-0.0482,3.0414,-1,G,49.5246,45.5623,-5.9276,-18.483,45.9462,-0.3921,-0.1294,1,88.4627
166033,487639362,G,87.3989,-15.7729,-35.2778,-78.3916,38.6433,-1.4564,-1.9912,1,G,96.695,4.993,54.2967,-79.8552,54.5257,-1.1749,1.4791,-1,91.4908
166033,488088224,G,57.6932,-40.9617,-17.5778,-36.6285,44.574,-0.7496,-2.7362,1,G,50.4724,42.8326,20.6344,-16.9424,47.5438,-0.3492,0.4489,-1,93.8995
166033,489732003,G,85.219,-7.6196,-19.948,-82.5002,21.3537,-2.0611,-1.9357,-1,G,33.679,-22.3746,23.7713,8.2804,32.6451,0.251,2.3259,1,87.8287
166033,489951554,G,85.0636,-24.0795,4.3776,81.4666,24.4742,1.9176,2.9618,1,G,32.953,32.2895,4.2383,-5.0311,32.5665,-0.1539,0.1305,-1,89.1284
166033,488873509,G,95.5614,-5.0235,37.7673,87.6377,38.1,1.5704,1.703,-1,G,74.0813,-4.1818,-44.1594,59.3338,44.3569,1.1012,-1.6652,1,83.9789
166033,490127983,G,65.975,-5.0176,-38.6209,53.2535,38.9454,1.1189,-1.7,1,G,48.7307,9.2545,43.7788,19.2987,44.7463,0.4189,1.3625,-1,88.5946
166033,489525204,G,70.4252,-27.5415,-11.2813,-63.827,29.7624,-1.5065,-2.7528,-1,G,44.7896,28.1684,15.6752,-31.0955,32.2362,-0.8561,0.5078,1,65.1495
166033,489807636,G,121.318,23.4952,39.3672,-112.323,45.8454,-1.6285,1.0327,-1,G,58.257,-22.0942,-41.8288,-34.0011,47.3054,-0.668,-2.0568,1,104.061
166033,490841567,G,216.154,-4.3252,48.4252,210.616,48.6179,2.1723,1.6599,1,G,36.1972,10.4228,-25.4879,23.4938,27.5367,0.7737,-1.1826,-1,91.1633
166033,490478472,G,76.0257,41.4186,-22.7673,59.5487,47.2636,1.0538,-0.5026,1,G,55.3386,-35.2115,24.703,34.8176,43.0126,0.74,2.5298,-1,91.1554
166033,490369969,G,42.2286,21.8316,33.9527,12.4032,40.3659,0.3026,0.9994,1,G,67.3133,-20.2496,-38.4851,51.3801,43.4873,1.0041,-2.0552,-1,88.9273
166033,492253547,G,63.7266,22.4245,13.8553,58.0193,26.3596,1.5301,0.5535,-1,G,130.744,-39.241,-71.4785,102.2,81.5416,1.0497,-2.0729,1,92.4403
166033,491988813,G,39.8302,35.1127,-7.0552,-17.4285,35.8145,-0.4692,-0.1983,-1,G,53.8742,-44.4248,23.4692,-19.4434,50.2431,-0.3779,2.6556,1,84.0526
166033,492262432,G,85.8488,27.0137,-38.1863,-71.9867,46.7753,-1.2162,-0.9551,-1,G,177.234,-15.834,29.4601,-174.049,33.4456,-2.3517,2.064,1,92.0738
166033,492975302,G,182.083,-38.5259,-6.7599,-177.832,39.1145,-2.2194,-2.9679,-1,G,127.492,36.1444,5.8031,-122.124,36.6073,-1.9197,0.1592,1,76.5299
166033,492183938,G,76.3597,46.0153,-8.9489,-60.2769,46.8774,-1.0698,-0.1921,1,G,43.1019,-39.5737,15.5184,-7.1322,42.5076,-0.167,2.7679,-1,98.196
166033,493047668,G,54.0859,-28.91,10.4438,44.5018,30.7386,1.1654,2.7949,1,G,38.7491,32.361,-10.1944,-18.717,33.9287,-0.5269,-0.3052,-1,89.1152
166033,493181266,G,61.3258,22.8426,-49.076,28.8202,54.1316,0.51,-1.1352,1,G,35.3049,-16.065,30.8956,-5.8142,34.8227,-0.1662,2.0503,-1,91.8246
166033,494176139,G,103.138,22.0571,7.4756,-100.474,23.2895,-2.1682,0.3268,-1,G,34.5457,-33.058,-6.8442,-7.3294,33.7591,-0.2154,-2.9374,1,84.9342
166033,494131669,G,94.4952,-21.9943,46.7998,79.0908,51.7105,1.211,2.0101,-1,G,56.9333,17.0279,-40.0215,36.7385,43.4934,0.7672,-1.1685,1,97.1779
166033,493075559,G,47.8871,10.4509,-39.7785,-24.5279,41.1285,-0.5657,-1.3139,1,G,43.7725,-11.0435,42.0222,5.3096,43.4491,0.1219,1.8278,-1,89.5922
166033,493837510,G,138.291,-7.1823,-37.1543,133.012,37.8422,1.9698,-1.7617,-1,G,28.7205,16.9761,21.2778,9.1608,27.2201,0.3305,0.8974,1,85.6245
166033,494162374,G,37.7765,6.6754,20.8337,-30.7969,21.877,-1.1425,1.2607,-1,G,55.5313,-2.2865,-36.3165,41.9476,36.3884,0.9854,-1.6337,1,91.2307
166033,493311101,G,135.003,49.8738,1.0553,125.449,49.885,1.6527,0.0212,1,G,74.0794,-38.1581,-1.5367,63.4771,38.1891,1.2815,-3.1013,-1,88.7983
166033,493560725,G,46.4119,39.407,-24.3147,-3.1521,46.3046,-0.068,-0.5528,-1,G,46.5069,-40.8486,15.5778,15.8621,43.7181,0.3553,2.7773,1,91.6185
166033,493865280,G,74.0554,40.7121,-6.2885,61.5399,41.1949,1.1914,-0.1533,-1,G,41.5483,-39.0866,1.4871,14.0098,39.1149,0.3509,3.1036,1,87.3541
166033,494328896,G,31.5714,28.7295,9.4319,9.0772,30.2382,0.2959,0.3172,1,G,94.5217,-63.5455,67.9146,16.8499,93.0076,0.1802,2.323,-1,89.6249
166033,493568351,G,76.1284,-27.5145,-16.736,-68.981,32.2047,-1.5054,-2.5951,-1,G,33.5646,22.3834,15.3857,-19.7189,27.1612,-0.6738,0.6022,1,64.3173
166033,493787319,G,77.7707,-10.2387,-51.5754,-57.3011,52.5818,-0.9434,-1.7668,-1,G,30.2887,10.9425,28.2081,1.3995,30.2562,0.0462,1.2007,1,89.4725
166033,494864193,G,72.4733,22.7591,-31.2282,-61.3122,38.6417,-1.2419,-0.941,1,G,43.2067,5.0993,42.6649,-4.5286,42.9686,-0.1052,1.4518,-1,90.2217
166033,495553596,G,120.855,51.7769,-2.5387,-109.172,51.8391,-1.4901,-0.049,-1,G,71.1329,-40.1604,-5.7852,-58.4256,40.575,-1.161,-2.9985,1,92.5528
166033,494602692,G,71.1293,-47.9762,-2.7948,52.4389,48.0575,0.9444,-3.0834,-1,G,55.5215,42.1871,6.2281,35.554,42.6444,0.7588,0.1466,1,90.8426
166033,495078923,G,97.2528,2.6267,26.0594,-93.6595,26.1915,-1.9864,1.4703,-1,G,27.4652,-2.9307,-25.9252,8.5804,26.0903,0.3232,-1.6834,1,91.1922
166033,495653094,G,157.37,-24.4555,19.5867,154.219,31.3323,2.297,2.4663,-1,G,40.9362,25.6917,-22.6979,22.3719,34.282,0.6134,-0.7236,1,90.1646
166033,494526139,G,107.384,-39.2881,-3.0364,99.893,39.4052,1.6602,-3.0645,-1,G,61.0361,45.3876,4.5946,40.5493,45.6196,0.8006,0.1009,1,92.7457
166033,494620286,G,277.145,-14.3198,-91.1099,-261.349,92.2284,-1.7645,-1.7267,-1,G,80.2468,-17.22,21.7651,-75.2947,27.7534,-1.7235,2.2401,1,92.7174
166033,494592015,G,65.1289,-28.2264,-19.5042,55.359,34.3095,1.2561,-2.5369,1,G,37.8382,32.6307,17.6523,-7.4395,37.0995,-0.1992,0.4959,-1,91.0116
166033,495416193,G,103.231,-36.3636,14.9588,-95.4489,39.3202,-1.62,2.7513,1,G,44.7276,36.3251,-15.2604,-21.1698,39.4004,-0.5143,-0.3977,-1,91.0586
166033,495968154,G,93.9161,86.7999,-33.0268,-13.9722,92.8709,-0.1499,-0.3636,-1,G,22.2025,-18.5507,9.7646,7.3119,20.9636,0.3421,2.6571,1,90.7748
166033,496723504,G,98.2932,-15.4507,-13.7337,-96.0948,20.6722,-2.2411,-2.415,-1,G,25.0866,17.1913,15.7521,9.2551,23.3167,0.3872,0.7417,1,87.6034
166033,496666898,G,55.9071,-30.8061,-18.4397,42.8551,35.9032,1.0119,-2.6022,-1,G,34.7047,29.0389,15.7353,-10.656,33.0281,-0.3173,0.4966,1,84.6362
166033,496987332,G,90.8752,2.6858,35.3168,83.6887,35.4188,1.5951,1.4949,1,G,109.48,22.7993,-59.0402,89.333,63.2894,1.1446,-1.2023,-1,94.8343
166033,496786721,G,70.2307,44.1245,-19.8458,50.9069,48.3821,0.9178,-0.4227,-1,G,69.0808,-10.5857,54.4343,41.1945,55.454,0.6874,1.7629,1,92.7566
166033,497108720,G,94.6997,13.5705,-30.3114,88.6853,33.2106,1.7087,-1.1499,1,G,31.4089,-24.6814,18.5165,-5.8716,30.855,-0.1892,2.4979,-1,93.716
166033,496641310,G,40.6729,3.5203,19.9782,-35.2528,20.2859,-1.3198,1.3964,-1,G,118.596,-30.7931,-48.183,-103.9,57.1824,-1.3587,-2.1395,1,66.8118
166033,496863612,G,43.4972,3.3871,-27.0974,33.8564,27.3083,1.0412,-1.4464,-1,G,46.6744,4.6811,34.9731,-30.5526,35.285,-0.7833,1.4377,1,89.4029
166033,498127959,G,63.9764,12.6841,32.6599,53.5295,35.0365,1.2101,1.2004,-1,G,47.8612,-46.7316,-10.3337,-0.2284,47.8605,-0.0048,-2.924,1,89.4926
166033,497509824,G,154.014,-32.0055,-31.0528,147.416,44.594,1.9109,-2.3713,1,G,58.9809,13.1528,41.817,39.4598,43.8367,0.809,1.2661,-1,99.8635
166033,497955872,G,125.629,-19.5732,-32.0198,-119.893,37.5284,-1.8783,-2.1195,1,G,89.3793,24.8589,39.0246,-76.4707,46.2696,-1.2766,1.0036,-1,87.1378
166033,497608643,G,147.473,-0.6102,49.4155,-138.946,49.4192,-1.7571,1.5831,-1,G,164.503,12.1853,-35.322,-160.203,37.3648,-2.1622,-1.2386,1,86.6376
166033,497784267,G,165.405,18.2546,-45.41,157.998,48.9418,1.8883,-1.1886,-1,G,90.9771,31.0766,40.6889,75.203,51.199,1.1773,0.9185,1,94.3029
166033,497803621,G,52.4599,-21.7858,-41.4118,23.7164,46.7927,0.4873,-2.0551,1,G,52.2497,21.2285,40.1571,25.8222,45.4229,0.5416,1.0845,-1,92.2396
166033,498814096,G,58.0511,16.4918,25.87,49.2817,30.6795,1.2523,1.0033,1,G,37.4591,-11.9953,-27.7613,-22.1041,30.242,-0.6778,-1.9787,-1,91.4318
166033,499497896,G,30.3714,-28.0319,-4.2469,-10.8898,28.3518,-0.3752,-2.9912,1,G,50.5319,44.9676,23.0055,-1.458,50.5108,-0.0289,0.4729,-1,75.8563
166033,498742450,G,36.1739,24.7956,16.3726,20.6314,29.7134,0.648,0.5836,-1,G,52.3318,-42.4164,-29.4602,8.4589,51.6435,0.1631,-2.5345,1,80.655
166033,499333802,G,126.558,25.1624,-7.885,123.78,26.3689,2.2506,-0.3037,-1,G,30.4255,-28.2757,9.6098,5.8168,29.8641,0.1936,2.814,1,88.5195
166033,499166313,G,180.05,32.8337,25.4437,-175.193,41.5383,-2.1462,0.6593,-1,G,317.349,-44.7062,-36.3198,-312.078,57.6001,-2.3913,-2.4593,1,98.558
166033,499564689,G,53.8888,-28.1186,-37.2031,27.005,46.6339,0.5508,-2.218,1,G,46.1711,27.6806,34.2115,13.9684,44.0073,0.3123,0.8905,-1,91.2361
166033,499543877,G,124.321,32.6976,-25.5489,117.191,41.4956,1.7613,-0.6633,1,G,38.4461,-24.17,13.5488,26.6521,27.7084,0.8542,2.6307,-1,74.7359
166033,500028901,G,226.987,-34.7531,-55.5036,-217.335,65.486,-1.9147,-2.1302,-1,G,42.2491,19.1167,17.566,-33.3311,25.9617,-1.0686,0.7431,1,89.2784
166033,500006950,G,52.9814,27.5509,1.6515,45.2243,27.6003,1.2692,0.0599,-1,G,40.8161,-31.8538,-6.6082,-24.6498,32.532,-0.6993,-2.937,1,91.2775
166033,498911796,G,39.3747,18.9061,-7.9031,33.6223,20.4914,1.2704,-0.3959,1,G,55.9387,-47.5112,29.4523,-2.0927,55.8995,-0.0374,2.5867,-1,82.5101
166033,499045212,G,49.3427,40.2257,-21.3306,-19.0157,45.5313,-0.4064,-0.4876,-1,G,52.044,-43.3663,17.3294,-22.9701,46.7005,-0.4739,2.7614,1,92.1444
166033,499119559,G,151.692,2.0966,-46.2816,144.444,46.329,1.8551,-1.5255,-1,G,166.707,-4.0705,42.7696,161.076,42.9629,2.032,1.6657,1,89.5508
166033,511482085,G,150.186,-14.1772,43.385,143.082,45.6427,1.8602,1.8866,1,G,120.217,13.3984,-42.8841,111.506,44.9284,1.6405,-1.268,-1,91.114
166033,511010214,G,48.8068,-2.7706,-35.601,33.2714,35.7087,0.8323,-1.6485,1,G,24.4473,2.1051,23.865,-4.8669,23.9577,-0.2018,1.4828,-1,66.4919
166033,511026918,G,45.6518,38.1534,-23.2827,9.2901,44.6964,0.2064,-0.5479,-1,G,48.5048,-40.9817,22.9751,12.056,46.9825,0.2539,2.6306,1,91.6608
166033,510783832,G,142.266,6.5175,-33.8734,138.02,34.4947,2.095,-1.3807,-1,G,46.2682,-4.6872,37.9442,26.0577,38.2326,0.6375,1.6937,1,92.7549
166033,511283793,G,93.3679,-38.2676,-5.3664,-84.9962,38.6421,-1.5295,-3.0023,-1,G,65.2443,38.7907,3.1105,-52.3681,38.9152,-1.106,0.08,1,79.2688
166033,510211975,G,71.2228,-47.7974,-30.0608,-43.4101,56.4645,-0.7081,-2.5802,-1,G,37.5617,17.0921,33.3958,-1.8573,37.5156,-0.0495,1.0978,1,93.9734
166033,510562209,G,78.3204,29.6138,43.0347,-58.3533,52.2395,-0.9618,0.9681,-1,G,47.7308,-11.0406,-35.8983,-29.4557,37.5578,-0.7203,-1.8692,1,88.2191
166033,511479464,G,84.1765,-39.2119,-19.2718,-71.9493,43.6918,-1.2735,-2.6848,1,G,51.0596,36.5039,20.0827,-29.5166,41.6635,-0.6596,0.503,-1,89.3616
166033,512303378,G,50.4558,-21.9389,-34.1252,29.9989,40.569,0.6847,-2.1422,-1,G,36.032,20.7234,29.2121,-3.935,35.8163,-0.1096,0.9538,1,82.3116
166033,512082681,G,128.894,-3.1677,36.3474,123.623,36.4852,1.9346,1.6577,1,G,47.5565,0.6253,-38.3329,28.1391,38.338,0.6803,-1.5545,-1,89.9602
166033,511823071,G,78.6376,-0.3206,39.7304,67.862,39.7317,1.3049,1.5789,-1,G,41.8319,-0.2282,-40.4348,10.7178,40.4354,0.2621,-1.5764,1,91.3088
166033,512080788,G,72.8393,38.7283,-15.0243,-59.8326,41.5405,-1.1612,-0.3701,-1,G,39.589,-33.6592,18.4991,-9.598,38.4078,-0.2474,2.6391,1,88.2142
166033,513211666,G,147.016,-35.1348,-5.8343,-142.637,35.6159,-2.0959,-2.977,-1,G,41.526,33.2569,8.2957,-23.4426,34.2759,-0.6395,0.2445,1,89.1975
166033,513073099,G,55.0406,-45.044,10.2282,29.9311,46.1907,0.6095,2.9183,-1,G,60.7073,43.0897,3.7145,42.6011,43.2495,0.8707,0.086,1,89.098
166033,513365183,G,177.712,-30.661,28.5324,172.706,41.8831,2.1242,2.3921,1,G,139.095,3.7103,-52.402,128.793,52.5332,1.6291,-1.5001,-1,90.3818
166033,513585031,G,76.803,2.3935,-39.061,66.0848,39.1343,1.2951,-1.5096,-1,G,82.0867,-36.2517,41.0571,61.142,54.7711,0.9613,2.2941,1,88.9321
166033,512902488,G,107.404,30.5588,-16.8761,101.573,34.9091,1.7895,-0.5046,1,G,85.8397,-42.0496,20.4347,71.9909,46.752,1.2167,2.6892,-1,84.1081
166033,514019472,G,99.4668,-45.9724,-8.0445,-87.8377,46.671,-1.3896,-2.9684,1,G,89.1345,44.4636,0.1091,-77.2523,44.4638,-1.3196,0.0025,-1,90.8323
166033,513792001,G,119.098,1.9217,-50.8278,107.69,50.8641,1.4949,-1.533,-1,G,97.3344,-14.3784,36.0349,89.2676,38.7976,1.5706,1.9505,1,87.6162
166033,513363732,G,47.6999,-33.1307,-12.1959,-32.0763,35.3041,-0.8152,-2.7889,-1,G,55.3723,36.5697,20.4226,-36.2168,41.8858,-0.7824,0.5093,1,76.6839
166033,513086808,G,45.07,-38.5114,-23.4104,0.3393,45.0686,0.0075,-2.5954,-1,G,53.8093,43.9274,18.9524,-24.6297,47.8415,-0.4944,0.4073,1,95.5923
166033,513318992,G,92.2878,6.6158,-71.0464,58.5293,71.3537,0.7484,-1.478,1,G,27.0852,16.8962,14.4246,-15.4934,22.216,-0.6505,0.7066,-1,92.9461
166033,514219000,G,42.2514,-17.3958,-38.5009,-0.4885,42.2484,-0.0116,-1.9952,1,G,70.1341,24.4559,60.105,-26.61,64.8899,-0.3994,1.1844,-1,106.675
166033,514392349,G,78.5742,17.4074,25.1438,-72.3787,30.5815,-1.5966,0.9652,-1,G,33.0766,-20.7563,-25.0537,5.9615,32.5348,0.1822,-2.2627,1,89.6853
166033,514806756,G,51.2527,-30.4202,-34.8612,-22.0485,46.2676,-0.4601,-2.2883,1,G,45.7195,41.1158,19.9881,0.4757,45.7169,0.0104,0.4525,-1,92.7502
166033,514762603,G,92.5309,-30.6762,-35.877,79.585,47.2036,1.2937,-2.2782,-1,G,39.4623,28.0405,21.7356,17.2788,35.4782,0.4696,0.6594,1,88.5025
166033,515405449,G,86.5325,-3.9238,45.2192,-73.6729,45.3891,-1.2612,1.6574,1,G,77.4621,6.2859,-46.6987,-61.4824,47.1199,-1.0814,-1.437,-1,92.8414
166033,515359070,G,47.2806,19.9215,-37.9496,-19.9601,42.8607,-0.4503,-1.0874,-1,G,46.4119,-31.1864,28.5766,19.1008,42.2991,0.4375,2.3998,1,92.5354
166033,514820276,G,40.6648,-22.541,-10.2578,-32.2536,24.7653,-1.0799,-2.7145,-1,G,53.7501,20.6312,13.5062,47.7597,24.659,1.415,0.5796,1,93.0566
166033,514473466,G,87.6773,-13.6884,37.2502,-78.1815,39.6857,-1.4302,1.9229,-1,G,44.7069,6.0958,-40.4302,-18.0814,40.8872,-0.4289,-1.4211,1,90.5057
166033,515305954,G,56.9246,38.4924,-2.1858,-41.8803,38.5544,-0.9411,-0.0567,-1,G,69.8969,-58.4949,-21.3826,-31.7286,62.2805,-0.4896,-2.7911,1,98.5386
166033,516508491,G,60.5574,12.9584,27.6681,52.2853,30.5523,1.3066,1.1328,-1,G,51.4498,-7.1502,-50.2609,8.3538,50.767,0.1638,-1.7121,1,91.2379
166033,516968046,G,65.2185,-22.1129,13.6979,59.8066,26.0117,1.57,2.587,-1,G,33.7888,22.0629,-16.4274,-19.6225,27.5069,-0.6636,-0.64,1,90.4446
166033,517741973,G,68.0475,-35.8389,16.0557,55.5719,39.271,1.1467,2.7204,-1,G,49.9301,34.4341,-23.431,27.537,41.65,0.6206,-0.5975,1,83.3982
166033,517614253,G,59.87,25.9496,-31.1137,44.079,40.5148,0.9422,-0.8757,-1,G,38.233,-26.654,27.0258,4.5736,37.9583,0.1202,2.3493,1,85.0876
166033,517779511,G,80.1932,-32.6784,-5.8902,72.9957,33.205,1.529,-2.9633,1,G,117.54,52.2993,34.129,99.5768,62.45,1.2461,0.5782,-1,90.192
166033,518322695,G,56.2529,13.7911,26.7536,-47.523,30.099,-1.2377,1.0948,-1,G,38.4961,-15.1317,-23.9659,26.05,28.3432,0.823,-2.134,1,92.2319
166033,517840186,G,58.1482,-26.026,-16.6785,49.2511,30.9116,1.2454,-2.5717,-1,G,36.1083,25.9391,18.0473,-17.4716,31.5997,-0.528,0.6079,1,88.7269
166033,519937863,G,110.118,20.3759,-9.9132,107.761,22.6594,2.2634,-0.4528,-1,G,27.3488,-14.802,22.008,-6.6702,26.5227,-0.2489,2.1629,1,92.1972
166033,518708884,G,45.4654,17.6938,-41.8799,-0.3118,45.4642,-0.0069,-1.171,1,G,43.9861,-20.1629,38.6175,-6.0753,43.5643,-0.139,2.052,-1,89.1293
166033,518803736,G,67.7889,38.3177,33.7638,-44.5768,51.0709,-0.7885,0.7223,1,G,56.5133,-16.0137,-36.4179,-40.1378,39.7832,-0.8877,-1.9851,-1,88.1475
166033,519081181,G,76.2244,-26.7226,-3.7358,-71.2888,26.9824,-1.6987,-3.0027,1,G,29.009,26.3482,-1.9548,11.9776,26.4206,0.4391,-0.0741,-1,86.7394
166033,519926666,G,209.199,28.9361,24.5881,-205.724,37.972,-2.3912,0.7043,-1,G,80.8,-29.3937,-26.6081,-70.4034,39.6483,-1.3386,-2.4059,1,88.5935
166033,519098988,G,144.867,7.2027,41.3656,-138.649,41.988,-1.9099,1.3984,-1,G,118.667,-19.8509,-45.7875,-107.663,49.9054,-1.5119,-1.9799,1,92.7431
166033,519504004,G,134.127,37.3983,18.1771,-127.518,41.5818,-1.8393,0.4524,-1,G,35.6178,-31.1251,-9.8927,-14.212,32.6594,-0.4225,-2.8338,1,92.8317
166033,519472332,G,144.314,28.1582,11.4442,-141.077,30.395,-2.2396,0.386,-1,G,27.5377,-19.7327,-11.8203,-15.1398,23.0021,-0.6181,-2.6019,1,71.1213
166033,518624252,G,58.0037,26.9859,-35.7055,36.8958,44.7562,0.7516,-0.9236,-1,G,53.3162,-20.1867,40.9825,27.4871,45.6844,0.5703,2.0285,1,90.404
166033,518777126,G,87.1056,39.704,-13.3318,-76.3756,41.8825,-1.3618,-0.324,-1,G,35.1987,-28.5634,20.1851,-3.9542,34.9758,-0.1128,2.5264,1,91.2929
166033,519453315,G,68.0399,-21.2709,-16.1301,62.5843,26.6952,1.5878,-2.4928,1,G,36.4335,30.6647,1.1863,19.6381,30.6876,0.6028,0.0387,-1,61.9888
166033,520063495,G,38.2076,31.7993,13.4379,16.3718,34.5221,0.4581,0.3998,-1,G,53.5137,-33.7226,-16.3996,-38.1778,37.4988,-0.8941,-2.689,1,89.0215
166033,520393111,G,91.8061,27.3067,-19.8324,-85.3778,33.7488,-1.6582,-0.6281,1,G,29.3726,-24.5513,15.5279,4.3426,29.0496,0.1489,2.5776,-1,89.9525
166033,521136788,G,74.9466,29.9937,-16.4593,66.6817,34.213,1.4206,-0.5019,-1,G,30.5505,-23.8331,14.2599,-12.7263,27.7734,-0.4435,2.6024,1,90.4193
166033,520155557,G,97.6488,25.0535,32.3895,88.6483,40.9482,1.515,0.9124,-1,G,71.707,-24.1426,-36.3855,56.8781,43.6666,1.08,-2.1566,1,86.5256
166033,520602253,G,202.956,39.0894,0.807,-199.155,39.0978,-2.3307,0.0206,1,G,237.753,-48.0199,-7.5338,-232.731,48.6073,-2.27,-2.986,-1,87.03
166033,521790280,G,216.506,20.4188,-34.843,-212.706,40.3852,-2.3635,-1.0407,1,G,71.3687,-23.4088,29.8576,-60.4487,37.94,-1.2454,2.2357,-1,90.6894
166033,521617493,G,62.8423,27.8412,25.8094,50.0788,37.9639,1.09,0.7475,1,G,49.1218,-46.1671,-13.6305,9.785,48.1373,0.2019,-2.8545,-1,92.0224
166033,522210413,G,133.889,-27.2215,21.1404,-129.377,34.4663,-2.0332,2.4813,1,G,83.6087,36.8664,-33.1995,-67.2983,49.6119,-1.1124,-0.7331,-1,91.5738
166033,521656379,G,140.685,-10.9442,26.7708,-137.681,28.9215,-2.2643,1.9589,1,G,45.2655,7.6741,-34.6051,-28.1522,35.4458,-0.7282,-1.3526,-1,83.697
166033,522107371,G,59.3073,-33.3933,16.1195,46.286,37.0803,1.0465,2.6919,1,G,39.008,32.7157,-17.648,-11.8256,37.1721,-0.313,-0.4947,-1,92.0629
166033,521940248,G,99.6192,48.7531,-10.314,-86.2597,49.8322,-1.3164,-0.2085,1,G,72.526,-47.3354,8.9819,-54.2097,48.1801,-0.9672,2.9541,-1,99.4915
166033,521414214,G,49.2098,26.0194,-22.8592,-34.9576,34.6346,-0.888,-0.7208,-1,G,38.2548,-23.8758,23.6827,18.2343,33.6292,0.5186,2.3603,1,85.8202
166033,523225540,G,60.3954,-18.5977,-21.0751,-53.4561,28.1075,-1.3989,-2.2938,1,G,34.9658,16.3278,22.4978,21.2096,27.7984,0.7035,0.943,-1,89.7037
166033,523109075,G,35.6528,0.8595,-33.7838,11.3589,33.7947,0.3301,-1.5454,-1,G,70.7039,50.5989,27.1915,-41.2239,57.4423,-0.6671,0.4931,1,87.9113
166033,523591395,G,69.7763,25.8871,-12.5349,63.5725,28.7622,1.5339,-0.4509,-1,G,32.7908,-22.3508,13.1676,-20.0568,25.9412,-0.7116,2.6092,1,92.8089
166033,522895866,G,76.2543,50.9394,4.7998,-56.5407,51.165,-0.9537,0.0939,-1,G,40.9585,-34.9089,-12.4273,-17.4505,37.0549,-0.4551,-2.7996,1,89.1571
166033,523156098,G,39.7983,17.1042,31.0229,-18.1362,35.4256,-0.4919,1.0669,1,G,53.2939,-17.5296,-31.1142,39.5582,35.7125,0.9555,-2.0839,-1,90.5929
166033,523174890,G,44.5601,-10.0113,-40.6864,-15.1653,41.8999,-0.3545,-1.8121,1,G,50.9916,9.8274,45.5778,-20.6451,46.6253,-0.4295,1.3584,-1,88.4522
166033,523573090,G,56.1152,-29.5378,34.037,33.4351,45.0666,0.6867,2.2855,-1,G,63.9612,38.2611,-23.7462,45.4228,45.031,0.8875,-0.5555,1,89.542
166033,523849406,G,65.0043,34.3657,13.4026,-53.5249,36.8867,-1.1673,0.3719,1,G,40.9006,-34.53,-21.878,-1.3708,40.8775,-0.0335,-2.5768,-1,90.169
166033,523995012,G,95.7569,5.0374,-29.8185,90.8562,30.241,1.8198,-1.4034,-1,G,73.2838,33.7428,47.7905,44.1361,58.5022,0.6967,0.956,1,92.3305
166033,523041159,G,85.2654,31.9973,-26.5434,-74.4432,41.5738,-1.3459,-0.6925,-1,G,56.8266,-41.9342,21.1227,-32.0094,46.9537,-0.6376,2.675,1,93.4336
166033,524281234,G,38.5981,-32.2274,-20.5975,5.1903,38.2474,0.1353,-2.5729,-1,G,62.3335,39.9297,14.1537,-45.7247,42.364,-0.9364,0.3406,1,91.8875
166033,524297142,G,40.8689,35.8099,-16.9187,10.0829,39.6054,0.2519,-0.4414,-1,G,53.4368,-39.1711,26.5139,24.862,47.3008,0.504,2.5466,1,87.0003
166033,525045598,G,212.512,-21.6567,-33.4841,208.737,39.8773,2.3574,-2.1449,1,G,225.216,24.9706,35.5549,220.986,43.4474,2.3292,0.9585,-1,83.2416
166033,525040823,G,92.3787,-56.8113,-38.261,-61.9871,68.494,-0.8126,-2.5489,1,G,29.517,-8.2245,19.8553,20.2327,21.4913,0.8394,1.9635,-1,92.4484
166033,524362829,G,207.929,-1.4764,41.361,203.769,41.3873,2.2973,1.6065,-1,G,120.225,-16.687,-41.1859,111.711,44.438,1.6524,-1.9557,1,88.476
166033,524598030,G,76.5556,-31.5691,20.3795,66.6995,37.5757,1.3383,2.5684,-1,G,34.651,15.8879,-23.7994,19.5409,28.6153,0.6386,-0.9822,1,68.3514
166033,524366641,G,53.4611,21.1131,19.0822,45.2569,28.4586,1.2438,0.7349,-1,G,36.4944,-27.0185,-22.4625,-9.8626,35.1363,-0.2771,-2.448,1,82.4193
166033,524993467,G,174.434,-40.9906,-25.421,-167.633,48.2333,-1.959,-2.5865,-1,G,35.5045,27.0366,9.3004,-21.0495,28.5915,-0.6821,0.3313,1,89.5464
166033,526169156,G,38.9687,-30.05,-17.1343,17.9433,34.5917,0.4979,-2.6234,-1,G,55.4553,41.9109,13.3127,-33.7866,43.9744,-0.7077,0.3076,1,92.2474
166033,526724900,G,89.5938,29.0172,-23.5091,-81.4393,37.3454,-1.5216,-0.6809,1,G,30.8539,-25.6246,16.7778,3.7202,30.6286,0.1212,2.5619,-1,91.7092
166033,526508305,G,44.4184,-27.8253,32.8657,10.8897,43.0628,0.2503,2.2733,1,G,61.6384,21.7809,-36.5659,44.5848,42.5614,0.9146,-1.0336,-1,90.1133
166033,525671474,G,40.8977,-8.0811,-39.8513,-4.3798,40.6624,-0.1075,-1.7709,1,G,53.8456,4.285,44.6271,29.8228,44.8324,0.6239,1.4751,-1,91.059
160957,459797,G,94.722,-38.8958,-22.1058,83.4906,44.7387,1.3821,-2.6248,1,G,25.4713,24.5092,1.1207,-6.8425,24.5348,-0.2754,0.0457,-1,89.0176
160957,1690352,G,110.109,47.778,-13.1061,98.3333,49.543,1.4368,-0.2677,1,G,76.8423,-32.0282,27.7287,64.1096,42.3638,1.2021,2.428,-1,90.0065
160957,2590218,G,151.086,22.7323,26.6722,146.965,35.0451,2.1406,0.865,1,G,39.9519,-23.9574,-23.4937,21.6848,33.5546,0.6081,-2.366,-1,89.6717
160957,2895556,G,53.1931,-16.2087,-40.5186,-30.4141,43.6403,-0.6501,-1.9513,1,G,51.5879,15.9303,45.7449,-17.7463,48.4394,-0.3586,1.2357,-1,92.9099
160957,3352401,G,123.334,27.5303,-27.6048,-117.01,38.9865,-1.8189,-0.7867,1,G,33.7474,-27.7446,17.2738,-8.4101,32.6825,-0.2546,2.5847,-1,94.0085
160957,3325759,G,185.818,32.0158,25.8638,-181.202,41.1576,-2.188,0.6795,-1,G,82.4172,-33.1045,-21.4524,-72.3635,39.4476,-1.367,-2.5666,1,87.3712
160957,4065007,G,83.5337,29.4047,-17.8131,76.131,34.3794,1.5356,-0.5447,1,G,29.0316,-23.8737,13.9309,-8.877,27.6409,-0.3159,2.6134,-1,90.0121
160957,4010173,G,50.4602,-18.627,-43.5492,-17.3989,47.3655,-0.3595,-1.975,1,G,48.3794,9.6877,44.7288,-15.6854,45.7659,-0.3364,1.3575,-1,92.7005
160957,3947036,G,86.7017,15.3324,-43.7475,-73.2683,46.3565,-1.2386,-1.2337,-1,G,53.5618,0.3066,35.4395,-40.1596,35.4409,-0.9725,1.5621,1,80.5874
160957,4841642,G,60.0615,11.2692,-50.18,-31.0217,51.4298,-0.5716,-1.3499,1,G,49.9137,-7.097,37.89,-31.7073,38.5489,-0.7502,1.756,-1,89.3933
160957,7070419,G,50.1198,-5.6575,22.4788,44.4374,23.1798,1.4059,1.8174,1,G,42.484,8.7329,-36.366,-20.1526,37.3999,-0.5157,-1.3351,-1,88.2235
160957,7914847,G,43.4761,-2.2046,-43.311,3.0756,43.3671,0.0709,-1.6217,1,G,51.538,1.3581,40.325,-32.0656,40.3478,-0.7285,1.5371,-1,90.4302
160957,8287653,G,58.9733,-15.2987,-19.4957,-53.5136,24.7817,-1.5127,-2.2361,1,G,34.2741,15.9566,13.2886,27.2673,20.7654,1.0864,0.6944,-1,89.2594
160957,8804916,G,64.6494,30.1237,-7.5425,56.7028,31.0536,1.363,-0.2453,-1,G,38.7787,-28.9705,24.0794,9.2017,37.6711,0.2419,2.4481,1,77.9691
160957,9167006,G,159.288,-52.671,-7.5008,-150.14,53.2024,-1.7606,-3.0001,-1,G,65.3345,31.3794,16.7257,-54.8104,35.5586,-1.2175,0.4897,1,88.9494
160957,9173019,G,58.9899,-6.3696,48.9865,32.2421,49.3989,0.6135,1.7001,1,G,37.9072,7.5072,-26.2788,26.2681,27.3301,0.8536,-1.2925,-1,73.8151
160957,9482017,G,90.6573,-39.7534,12.4706,-80.5164,41.6635,-1.413,2.8376,-1,G,89.7608,26.7516,-18.2069,-83.7249,32.3595,-1.6792,-0.5976,1,73.3046
160957,9670569,G,55.8205,-21.8826,19.9167,-47.3329,29.5892,-1.2488,2.4032,-1,G,35.4218,21.1519,-18.0557,21.9381,27.8103,0.7239,-0.7066,1,87.6144
160957,9890285,G,129.018,-39.935,-8.1171,122.413,40.7516,1.8197,-2.9411,-1,G,77.2294,44.4851,14.4775,61.4479,46.7817,1.0867,0.3146,1,93.1236
160957,10514734,G,175.088,-41.2603,9.3953,-169.897,42.3165,-2.0983,2.9177,1,G,87.6127,41.8367,-11.7637,-76.0741,43.4591,-1.3261,-0.2741,-1,92.2156
160957,10220906,G,145.456,-2.282,-27.4444,-142.825,27.5391,-2.3483,-1.6538,-1,G,27.4126,5.3755,26.4083,-5.0144,26.9499,-0.185,1.37,1,89.5343
160957,11165845,G,132.815,-0.7973,24.8099,-130.475,24.8227,-2.3615,1.6029,1,G,25.7391,-0.2927,-25.7245,-0.8072,25.7262,-0.0314,-1.5822,-1,88.8956
160957,11011637,G,223.319,37.6069,20.9653,219.129,43.056,2.3298,0.5086,-1,G,123.826,-40.6427,-19.6447,115.305,45.1414,1.6672,-2.6913,1,93.0209
160957,11993357,G,50.7352,-26.7515,-40.2428,15.4573,48.3231,0.3147,-2.1575,-1,G,50.9012,29.819,37.0093,-18.2225,47.5275,-0.3746,0.8926,1,101.501
160957,12357629,G,44.3295,-31.3489,-30.693,6.3465,43.8727,0.1442,-2.3668,1,G,51.2589,36.5486,22.4869,-28.0356,42.9123,-0.614,0.5516,-1,92.5869
160957,12933929,G,62.5673,39.7464,-27.3258,39.8519,48.2336,0.753,-0.6023,1,G,30.6703,-13.0219,24.8659,-12.3602,28.0693,-0.4272,2.0532,-1,84.9542
160957,13934197,G,47.9573,-34.2599,-30.2278,-14.575,45.6887,-0.3138,-2.4186,1,G,43.3089,31.2354,29.2798,6.5345,42.813,0.152,0.7531,-1,90.8561
160957,13409147,G,57.8582,26.0525,-16.4229,-48.9807,30.7968,-1.2439,-0.5625,1,G,30.0111,-22.8618,19.4,-1.2774,29.9837,-0.0426,2.4379,-1,71.945
160957,14755666,G,127.992,-30.6453,25.8536,121.55,40.0942,1.8284,2.4408,1,G,123.755,35.1682,-40.1617,111.65,53.3832,1.4838,-0.8516,-1,93.6459
160957,15436340,G,57.7875,-49.1966,-23.2315,-19.4775,54.406,-0.3508,-2.7004,-1,G,75.3492,-42.7439,56.0426,26.6396,70.4828,0.3695,2.2224,1,90.2466
160957,15572013,G,61.6563,32.3309,-18.1376,49.267,37.071,1.096,-0.5112,1,G,67.1721,-42.5918,32.8172,40.2622,53.7683,0.6922,2.4851,-1,90.8874
160957,15735108,G,52.3088,-43.0028,-10.1817,-27.9873,44.1917,-0.5972,-2.9091,-1,G,52.7771,44.3655,20.2854,-20.1398,48.7832,-0.4019,0.4289,1,92.8594
160957,15855479,G,34.307,-15.3224,-29.9533,-6.7072,33.6448,-0.1981,-2.0436,-1,G,64.7006,16.1256,37.7347,50.0221,41.0359,1.0281,1.1669,1,88.6856
160957,15680270,G,79.0219,67.8535,-8.1936,39.6639,68.3464,0.5519,-0.1202,1,G,29.6897,-27.3872,11.4439,-0.6655,29.682,-0.0224,2.7458,-1,93.0014
160957,16327934,G,63.325,-18.2366,-39.782,-45.7698,43.7627,-0.9134,-2.0006,1,G,47.3099,14.5514,42.2339,-15.5811,44.6704,-0.3421,1.239,-1,91.9596
160957,16388511,G,48.1879,-2.4676,36.2786,-31.6203,36.3624,-0.7861,1.6387,1,G,42.7932,-7.8803,-37.9718,18.0912,38.7809,0.451,-1.7754,-1,89.3565
160957,16642553,G,37.7652,-27.8992,-25.2871,2.8982,37.6537,0.0769,-2.4053,1,G,48.8353,36.3441,31.5525,-8.2713,49.5478,-0.1712,0.7151,-1,85.7916
160957,17630279,G,59.8028,-20.4076,32.2869,46.0158,38.1957,1.019,2.1345,-1,G,62.5891,8.2069,-50.1941,36.4772,50.8606,0.6667,-1.4087,1,87.7791
160957,17281805,G,42.8609,-30.453,-1.8086,30.1063,30.5067,0.8721,-3.0823,1,G,49.4628,32.273,-5.9032,-37.0158,32.8084,-0.9692,-0.1809,-1,91.7232
160957,18210742,G,44.6433,32.5362,-10.2254,28.8071,34.1052,0.7672,-0.3045,1,G,55.1595,-51.8804,16.539,8.8004,54.4528,0.1609,2.833,-1,90.1788
160957,17969633,G,67.1191,-32.246,7.7188,-58.3573,33.157,-1.3309,2.9066,1,G,35.4544,32.5734,-9.2542,10.5039,33.8625,0.3054,-0.2768,-1,90.7133
160957,17998353,G,215.312,-12.9034,46.6547,-209.8,48.4062,-2.1727,1.8406,1,G,23.084,22.1922,4.9397,-3.9957,22.7353,-0.1749,0.219,-1,91.5193
160957,20023630,G,25.0165,-2.1857,-23.0679,-9.4291,23.1712,-0.3965,-1.6653,-1,G,131.162,102.489,52.4384,-62.8465,115.125,-0.5219,0.4729,1,90.7996
160957,20647101,G,70.6891,14.6376,-36.0479,-59.0188,38.9064,-1.2041,-1.1851,1,G,76.8358,-38.6323,39.4616,-53.4234,55.2238,-0.8581,2.3456,-1,92.3739
160957,20579390,G,80.2921,-44.8975,4.1655,66.4355,45.0904,1.1799,3.0491,1,G,37.599,36.4958,-5.5494,7.137,36.9153,0.1921,-0.1509,-1,91.7219
160957,21507923,G,153.328,-4.6753,-33.8948,-149.461,34.2158,-2.1803,-1.7079,1,G,50.826,14.258,36.1478,-32.7614,38.8582,-0.766,1.1951,-1,91.5245
160957,21362872,G,76.0007,-33.3603,20.4959,65.139,39.1535,1.2823,2.5907,-1,G,31.0457,25.3556,-6.6656,-16.6279,26.2171,-0.598,-0.2571,1,94.0757
160957,22559668,G,145.339,-5.3419,-44.1091,-138.381,44.4314,-1.854,-1.6913,-1,G,155.102,10.1505,44.2426,-148.311,45.3921,-1.8998,1.3453,1,89.7183
160957,22348909,G,114.018,45.1554,18.9637,-102.964,48.9758,-1.4885,0.3976,-1,G,47.1689,-35.55,-12.5253,-28.3586,37.692,-0.695,-2.8028,1,92.7472
160957,23086737,G,60.012,-18.7151,-39.3274,41.2859,43.5534,0.8441,-2.015,1,G,43.092,24.4449,34.5951,7.9079,42.3601,0.1856,0.9557,-1,90.306
160957,23743891,G,92.1056,-9.7547,32.0889,85.7822,33.5388,1.6684,1.8659,1,G,53.9929,48.3786,-13.7435,19.6429,50.2929,0.3813,-0.2768,-1,91.6622
160957,24170364,G,40.1678,-18.7045,-35.0143,-6.1306,39.6971,-0.1538,-2.0614,-1,G,58.2313,14.9097,41.6641,-37.8508,44.2515,-0.7753,1.2271,1,87.6893
160957,25044496,G,136.251,43.7059,26.2241,126.358,50.9697,1.6394,0.5404,1,G,61.3705,-32.868,-18.3036,48.4872,37.6208,1.0716,-2.6335,-1,91.1216
160957,24843319,G,157.756,35.7919,-17.0927,152.688,39.6639,2.0576,-0.4455,-1,G,71.1004,-37.784,18.7217,57.2461,42.1679,1.1131,2.6816,1,91.0832
160957,26167317,G,74.0705,33.3183,50.5992,42.6151,60.5837,0.6555,0.9885,-1,G,31.4718,-26.7357,-15.8125,-5.0628,31.0618,-0.1623,-2.6075,1,92.0629
160957,26068239,G,46.6838,-46.2417,0.1715,6.406,46.2421,0.1381,3.1379,1,G,54.6512,41.4134,0.4188,35.6582,41.4155,0.7796,0.0101,-1,92.0637
160957,26490398,G,86.9214,51.4233,-6.9691,-69.7309,51.8934,-1.1048,-0.1347,-1,G,42.2616,-22.6147,5.0253,-35.3462,23.1663,-1.209,2.9229,1,69.3782
160957,27913983,G,67.2454,-35.2246,-21.7364,52.9971,41.3913,1.0664,-2.5887,-1,G,44.3101,38.9469,21.0803,1.4593,44.2859,0.0329,0.4961,1,97.2874
160957,28998327,G,191.788,-13.3662,-32.7211,188.502,35.3458,2.3758,-1.9586,-1,G,58.6636,15.3166,32.2051,46.5794,35.6618,1.0822,1.1269,1,86.3614
160957,29229032,G,79.0702,-15.794,-47.2846,-61.3743,49.8526,-1.0357,-1.8932,-1,G,38.8429,10.9917,36.403,-7.9221,38.0263,-0.2069,1.2776,1,94.6574
160957,29996699,G,59.5544,-19.5008,16.9303,-53.6637,25.8247,-1.478,2.4266,1,G,31.5859,18.7274,-21.3023,13.898,28.3638,0.4722,-0.8496,-1,81.8873
160957,29913513,G,47.4252,23.3313,-41.2797,0.8808,47.4169,0.0186,-1.0564,-1,G,45.3624,-18.8509,39.467,12.0308,43.7378,0.2717,2.0164,1,91.7577
160957,30132654,G,81.8549,15.2771,-29.3986,74.8502,33.1311,1.5539,-1.0916,1,G,44.5276,-21.7554,37.9633,8.2571,43.7551,0.1876,2.0912,-1,94.6065
160957,30284290,G,203.1,-54.339,26.899,-193.838,60.6323,-1.8789,2.6819,-1,G,92.2568,-29.7315,-46.8397,-73.7115,55.479,-1.0958,-2.1364,1,90.4832
160957,31216402,G,129.391,31.7112,34.9018,-120.491,47.1565,-1.6675,0.8333,1,G,111.887,-31.7889,-29.9218,-103.019,43.656,-1.5939,-2.3864,-1,90.7377
160957,31127817,G,42.5934,-11.4256,-40.9976,-1.6861,42.5599,-0.0396,-1.8426,-1,G,46.7285,9.6205,44.8183,9.0724,45.8392,0.1966,1.3594,1,88.9156
160957,31119229,G,107.89,32.4904,29.2075,98.6481,43.6887,1.5534,0.7322,1,G,33.085,-23.3402,-14.9028,18.1039,27.6922,0.6144,-2.5733,-1,77.1652
160957,32158542,G,42.7952,12.6953,-28.9911,28.8056,31.6489,0.8164,-1.1581,-1,G,46.5378,-14.2354,30.1515,-32.4652,33.3431,-0.8626,2.0119,1,89.2372
160957,37522691,G,76.4169,-37.5834,-12.349,65.3799,39.5602,1.2766,-2.8241,1,G,65.5811,48.1299,13.4879,42.4553,49.9841,0.7708,0.2732,-1,91.774
160957,39221738,G,142.669,-33.0261,8.6369,-138.525,34.1368,-2.1087,2.8858,-1,G,128.836,55.056,34.5719,-111.232,65.0106,-1.3064,0.5607,1,94.7877
160957,39031088,G,106.488,-70.4622,-1.6186,79.8257,70.4807,0.9721,-3.1186,1,G,40.0008,-30.8657,13.3285,-21.6728,33.6206,-0.6067,2.734,-1,87.5941
160957,39315566,G,88.5665,45.7386,6.3284,-75.5774,46.1744,-1.2683,0.1375,-1,G,33.1796,-30.2811,5.9775,-12.1738,30.8654,-0.3848,2.9467,1,82.0455
160957,40697712,G,59.3318,21.5939,-32.9622,44.3559,39.4057,0.9675,-0.9908,-1,G,38.2459,-22.443,29.4847,-9.4711,37.0545,-0.2529,2.2214,1,91.0584
160957,40762248,G,40.3762,-12.9237,-37.8562,-5.4876,40.0014,-0.1368,-1.8998,-1,G,52.0866,12.2994,50.5871,1.6348,52.0608,0.0314,1.3323,1,91.4989
160957,41942736,G,112.005,9.95,31.5389,107.012,33.0712,1.8905,1.2652,-1,G,28.7899,-0.3043,-26.3157,-11.6723,26.3174,-0.4301,-1.5824,1,103.021
160957,42056755,G,95.8357,2.0895,45.4656,-84.3385,45.5136,-1.3759,1.5249,-1,G,21.0032,-0.3365,-20.8732,2.3069,20.8759,0.1103,-1.5869,1,79.4625
160957,42064311,G,51.7279,30.6612,-28.2805,-30.592,41.7121,-0.6798,-0.745,-1,G,59.155,-37.3042,33.2373,-31.6699,49.9632,-0.5976,2.4138,1,91.3771
160957,42675828,G,43.0455,-38.0038,-12.214,16.1069,39.9183,0.3933,-2.8306,1,G,61.7598,51.4744,5.2571,33.7196,51.7421,0.6126,0.1018,-1,90.9484
160957,44017586,G,35.8821,-27.9002,-20.2763,9.8977,34.4899,0.2832,-2.5131,-1,G,65.8018,27.049,55.6218,22.4595,61.8501,0.3556,1.1182,1,89.6805
160957,44344000,G,44.5099,-42.9931,-3.8457,-10.8591,43.1648,-0.249,-3.0524,1,G,46.262,43.6586,-4.9569,14.4749,43.9391,0.3237,-0.1131,-1,90.2692
160957,44639906,G,94.5628,11.9932,43.3111,83.2012,44.9409,1.3751,1.3007,1,G,49.7194,17.102,-40.6658,22.9309,44.1155,0.4988,-1.1727,-1,93.2728
160957,44620918,G,102.442,-1.8704,44.2515,-92.3722,44.291,-1.4813,1.613,1,G,46.2318,1.5313,-36.519,-28.3088,36.5511,-0.7126,-1.5289,-1,86.4874
160957,45861203,G,38.3544,-17.1862,-15.498,-30.5859,23.1421,-1.0916,-2.4078,-1,G,38.8343,31.5762,22.4922,-2.2671,38.768,-0.0584,0.6189,1,67.9912
160957,45713314,G,36.6839,-15.6224,-31.6154,10.1047,35.2646,0.2828,-2.0297,1,G,73.7001,-35.3633,48.5803,-42.6742,60.0883,-0.661,2.2,-1,90.7552
160957,45722011,G,44.6516,29.7662,-32.9819,-4.4633,44.4278,-0.1003,-0.8366,-1,G,50.6591,-16.7078,38.0164,29.0162,41.5258,0.6516,1.9849,1,91.0242
160957,46628897,G,148.063,-37.0444,28.3343,-140.526,46.6382,-1.8226,2.4886,-1,G,61.7583,30.7865,-31.5477,-43.2552,44.0802,-0.8681,-0.7976,1,100.995
160957,46453579,G,113.508,-14.4021,-17.337,111.247,22.5387,2.2998,-2.264,1,G,32.4264,20.4799,23.1525,9.7976,30.9106,0.3119,0.8466,-1,81.0808
160957,47874903,G,81.6057,-20.7169,23.3623,75.3956,31.2248,1.615,2.2963,-1,G,43.6316,41.5371,13.3493,-0.4099,43.6295,-0.0094,0.311,1,90.9961
160957,47934833,G,101.853,47.7844,7.4046,89.643,48.3547,1.3763,0.1537,-1,G,60.6,-39.5959,14.7391,43.4427,42.2502,0.9012,2.7852,1,90.1211
160957,48448034,G,114.23,28.567,-5.8897,110.443,29.1678,2.0416,-0.2033,1,G,28.8198,-27.0363,9.9647,0.5581,28.8142,0.0194,2.7885,-1,90.1275
160957,48916833,G,116.742,-59.0972,-1.4015,-100.669,59.1138,-1.3023,-3.1179,-1,G,46.0273,34.4982,2.612,-30.3571,34.5969,-0.792,0.0756,1,93.3779
160957,49353741,G,61.4597,13.8149,-46.829,-37.3293,48.8242,-0.7048,-1.2839,1,G,57.2011,-25.0718,37.1248,-35.5684,44.7978,-0.728,2.1648,-1,92.4414
160957,49878041,G,48.9578,7.3144,-20.0449,-44.0631,21.3377,-1.4724,-1.2209,1,G,40.5537,-15.2486,15.6596,34.1592,21.8573,1.2291,2.3429,-1,88.4988
160957,50289296,G,40.7804,32.0401,22.8504,-10.692,39.3537,-0.2685,0.6195,1,G,62.7253,-45.923,-6.6152,-42.2111,46.397,-0.8161,-2.9985,-1,86.3619
160957,50467373,G,64.9442,30.9394,22.1153,-52.6442,38.0307,-1.1288,0.6206,1,G,54.5781,-38.7132,-28.7212,-25.5957,48.2039,-0.5088,-2.5033,-1,89.7777
160957,52555121,G,133.016,-39.4477,-1.1038,127.027,39.4631,1.8855,-3.1136,1,G,79.9643,45.0936,-5.3495,65.8196,45.4098,1.1664,-0.1181,-1,89.9844
160957,52607137,G,106.611,-55.6639,3.7832,90.8466,55.7923,1.2639,3.0737,-1,G,55.1826,37.2828,1.5926,40.6518,37.3168,0.9432,0.0427,1,92.2962
160957,52844050,G,108.508,12.9201,16.3283,106.491,20.8217,2.3346,0.9014,-1,G,36.0516,-18.1678,-30.9866,3.0769,35.9199,0.0856,-2.1011,1,93.0045
160957,53364681,G,61.589,15.2579,38.9585,45.1955,41.8398,0.937,1.1975,-1,G,41.8592,-3.3547,-40.922,8.1436,41.0593,0.1971,-1.6526,1,87.812
160957,53710483,G,74.7897,2.4956,20.0957,-71.996,20.25,-1.9808,1.4472,1,G,29.0822,-0.53,-23.896,16.5669,23.9019,0.647,-1.593,-1,87.7422
160957,54546401,G,67.251,6.3056,24.3119,62.3847,25.1163,1.6412,1.317,-1,G,122.803,23.118,-76.5683,93.1851,79.9822,0.9934,-1.2776,1,91.2257
160957,54221245,G,50.742,-36.3913,-26.3865,-23.5407,44.9508,-0.5023,-2.5142,-1,G,49.8875,32.2949,28.2791,-25.4181,42.9263,-0.5621,0.7192,1,87.8006
160957,54660380,G,75.006,-4.4859,47.0816,-58.2159,47.2948,-1.0356,1.6658,1,G,104.827,5.24,-41.0579,-96.3097,41.3909,-1.5809,-1.4439,-1,91.7879
160957,55667660,G,52.516,41.1653,-27.9475,16.8009,49.7558,0.3316,-0.5964,-1,G,44.2191,-33.4133,21.3452,19.5769,39.6493,0.4756,2.5731,1,89.0542
160957,55875991,G,85.3792,-28.9771,-29.5796,-74.6657,41.408,-1.352,-2.3459,-1,G,105.482,34.9441,36.5479,-92.5722,50.5652,-1.3653,0.8078,1,91.5168
160957,58841313,G,51.04,-42.8303,-23.1041,-15.3895,48.6645,-0.3112,-2.6469,1,G,42.0809,27.2912,25.2183,19.7488,37.1588,0.5092,0.7459,-1,91.6873
160957,59279994,G,74.0244,46.8521,20.7392,53.4263,51.2371,0.9113,0.4167,1,G,29.087,-18.287,-10.1669,-20.2055,20.9232,-0.8569,-2.6342,-1,92.7395
160957,59082041,G,74.4296,-7.6369,-49.6802,-54.8937,50.2637,-0.945,-1.7233,1,G,68.9138,10.5057,39.3347,-55.6014,40.7135,-1.1179,1.3098,-1,90.6803
160957,60032286,G,63.1802,38.396,20.4242,-45.8294,43.4902,-0.9189,0.4889,-1,G,63.982,-38.2158,-25.4348,-44.568,45.9062,-0.8606,-2.5544,1,89.2939
160957,59637494,G,80.4467,-44.1499,29.8631,-60.2548,53.3012,-0.9707,2.5469,1,G,46.6148,24.8912,-28.3969,-27.3308,37.7618,-0.672,-0.8511,-1,90.0018
160957,60384047,G,78.6985,31.8639,11.3965,71.0511,33.8407,1.4873,0.3435,1,G,53.6866,-35.2842,-17.582,36.4437,39.4221,0.8269,-2.6793,-1,76.9464
160957,57443674,G,61.9094,-32.2221,8.6487,52.1507,33.3626,1.2293,2.8794,1,G,43.8141,40.1926,-17.3842,1.4173,43.791,0.0324,-0.4082,-1,90.3774
160957,57504451,G,86.8112,-10.344,36.8145,77.935,38.2401,1.4605,1.8447,-1,G,64.0531,16.6178,-42.6827,44.7753,45.8035,0.8654,-1.1995,1,87.3409
160957,58056637,G,106.024,17.0498,37.4879,-97.699,41.183,-1.5987,1.144,-1,G,58.9168,-23.1679,-38.2786,-38.3299,44.7437,-0.7763,-2.1151,1,93.0787
160957,61256326,G,104.056,-85.5277,-2.7613,-59.2036,85.5723,-0.646,-3.1093,1,G,28.4834,22.9936,-11.5468,-12.2172,25.7301,-0.4586,-0.4654,-1,91.3816
160957,61251603,G,55.8258,1.3101,-23.7279,50.5152,23.764,1.4985,-1.5156,-1,G,40.7293,13.6019,38.2565,3.2085,20.266,0.0807,1.2342,1,77.4804
160957,61460489,G,164.569,16.5106,-25.6885,161.711,30.5368,2.3688,-0.9996,1,G,64.5984,-13.0928,33.3782,53.7347,35.8542,1.194,1.9446,-1,77.6533
160957,62649224,G,118.321,28.2124,25.4471,112.055,37.9933,1.8023,0.7339,1,G,56.2114,-32.2663,-28.281,36.315,42.9061,0.7685,-2.4219,-1,91.779
160957,62977793,G,43.3007,0.0534,-43.2949,-0.7021,43.2949,-0.0162,-1.5696,-1,G,57.769,-1.0428,45.6931,35.3313,45.705,0.7115,1.5936,1,94.9167
160957,63562280,G,37.765,-9.4359,-34.5583,11.953,35.8233,0.3278,-1.8373,-1,G,47.1909,10.3885,33.257,-31.828,34.8418,-0.8189,1.268,1,82.5827
160957,63884082,G,226.157,-36.5722,-20.4951,222.237,41.9235,2.3698,-2.6308,-1,G,107.903,38.4306,21.5714,98.4925,44.0709,1.544,0.5115,1,93.4012
160957,64679648,G,36.5103,14.5931,-21.1812,25.9112,25.7216,0.8866,-0.9675,-1,G,25.7001,-13.9242,17.6069,-12.514,22.4474,-0.532,2.2399,1,60.6418
160957,64368255,G,99.9006,-41.3427,12.0842,90.138,43.0726,1.4843,2.8572,-1,G,111.331,41.9867,-11.415,102.477,43.5108,1.5921,-0.2655,1,86.7043
160957,64957741,G,93.2755,7.9406,45.9953,80.7569,46.6757,1.316,1.3998,-1,G,66.0145,-6.195,-40.9402,51.4142,41.4063,1.0424,-1.721,1,88.7438
160957,65376137,G,101.26,-12.6993,43.2324,-90.6823,45.059,-1.4492,1.8565,-1,G,78.7103,-76.1305,-16.2729,-11.6035,77.8502,-0.1485,-2.931,1,115.366
160957,66762191,G,43.4041,6.3476,-27.7442,-32.77,28.4611,-0.9845,-1.3459,1,G,113.236,-35.051,65.5181,-85.4474,74.3047,-0.9835,2.062,-1,91.1599
160957,69193435,G,40.9464,20.719,-11.1234,-33.52,23.516,-1.1527,-0.4927,1,G,63.7638,-51.6487,17.6703,-32.9543,54.5878,-0.572,2.8119,-1,74.4707
160957,67232826,G,42.42,-38.7806,-11.7665,-12.5325,40.5263,-0.3045,-2.847,1,G,52.4116,45.8631,8.4536,23.9181,46.6357,0.4927,0.1823,-1,93.8204
160957,67963441,G,55.598,48.0618,-27.2953,6.0125,55.2718,0.1086,-0.5165,1,G,40.8275,-25.5021,31.6208,4.0799,40.623,0.1003,2.2495,-1,93.1041
160957,68503156,G,206.234,19.3677,-32.5752,-202.722,37.8979,-2.3787,-1.0344,1,G,73.0242,-21.062,34.0662,-61.0606,40.0514,-1.2083,2.1245,-1,91.6448
160957,68253446,G,93.3278,-32.8357,-41.594,76.8233,52.9929,1.1665,-2.2391,1,G,48.2539,15.3502,34.3869,30.1718,37.6575,0.7336,1.1509,-1,90.773
160957,68056143,G,46.05,-17.5159,-35.6263,-23.3356,39.6994,-0.5583,-2.0278,1,G,58.7115,10.6203,50.749,-27.546,51.8484,-0.509,1.3645,-1,90.0544
160957,199550145,G,69.9614,20.2013,-24.672,62.2718,31.8873,1.4224,-0.8847,-1,G,27.1589,21.0414,7.6293,-15.3833,22.3819,-0.6422,0.3478,1,72.4043
160957,199983885,G,70.7021,20.3515,-22.5695,63.8373,30.3902,1.4877,-0.837,-1,G,102.927,-12.7592,64.3087,79.3444,65.5622,1.0225,1.7667,1,88.5788
160957,199914375,G,169.832,12.4733,39.2733,-164.757,41.2065,-2.0943,1.2633,-1,G,93.4613,2.8828,-37.0707,-85.7465,37.1826,-1.5727,-1.4932,1,79.5653
160957,200446558,G,66.1967,1.2834,29.7064,59.1428,29.7341,1.4387,1.5276,-1,G,39.3503,30.8356,-9.3301,-22.5953,32.2163,-0.6538,-0.2938,1,91.42
160957,200155783,G,47.1868,43.9869,16.9156,2.3658,47.1274,0.0502,0.3671,1,G,47.933,-41.9338,-3.1831,-22.9996,42.0545,-0.5228,-3.0658,-1,91.8109
160957,327367236,G,255.629,59.3519,2.5404,248.63,59.4062,2.1387,0.0428,-1,G,42.2169,0.7035,32.9353,26.4013,32.9428,0.7338,1.5494,1,90.5791
160957,330308894,G,50.9727,10.2781,27.1792,41.879,29.0577,1.1617,1.2093,1,G,92.4153,44.819,-66.5418,45.8697,80.2281,0.5444,-0.978,-1,90.968
160957,330777790,G,136.907,2.0859,-54.851,-125.422,54.8906,-1.5643,-1.5328,-1,G,53.6813,-36.2272,20.513,-33.8893,41.6316,-0.7436,2.6264,1,92.7324
160957,70226603,G,85.1987,-36.1138,-28.016,-71.9007,45.7067,-1.2346,-2.4818,-1,G,91.6404,45.8581,28.4054,-74.0819,53.9429,-1.1224,0.5546,1,99.3281
160957,70365563,G,50.7115,-13.9179,-40.6375,26.9543,42.9548,0.5923,-1.9008,-1,G,63.5422,-13.2898,47.0808,40.5509,48.9205,0.7551,1.8459,1,87.8361
160957,71756761,G,179.274,26.2121,-39.3217,-172.933,47.2575,-2.0086,-0.9828,-1,G,100.655,-28.7696,33.7476,-90.359,44.3462,-1.4603,2.2767,1,94.8664
160957,71868636,G,83.1663,40.6553,-15.1822,-70.9455,43.3976,-1.2673,-0.3574,-1,G,59.4026,-40.2926,20.747,-38.4022,45.3203,-0.7692,2.6661,1,91.3119
160957,72389439,G,51.7435,27.5058,27.5319,-34.0999,38.9175,-0.7911,0.7859,-1,G,38.2612,-27.6696,-18.682,18.6892,33.386,0.534,-2.5477,1,88.2327
160957,72766500,G,85.0716,0.5805,53.4256,-66.2007,53.4288,-1.0407,1.5599,1,G,39.988,7.8333,-35.433,-16.7978,36.2886,-0.4478,-1.3532,-1,91.4146
160957,72909647,G,89.4504,29.8421,22.2328,81.3419,37.2136,1.5238,0.6403,1,G,58.4124,-43.0041,-19.635,34.309,47.2746,0.6736,-2.7133,-1,91.1498
160957,74125635,G,107.263,45.8669,-9.0819,-96.5357,46.7574,-1.4722,-0.1955,1,G,65.5406,-40.4765,14.7015,-49.4072,43.0636,-0.9818,2.7932,-1,92.2018
160957,74101114,G,53.9509,-48.6019,-18.8039,13.9626,52.1127,0.2648,-2.7724,-1,G,40.4783,39.5954,0.7449,-8.3748,39.6024,-0.2099,0.0188,1,92.0783
160957,74403246,G,32.4825,-19.2509,-15.3406,21.1936,24.6157,0.7796,-2.4688,1,G,31.3798,24.824,15.1638,-11.769,29.089,-0.3943,0.5484,-1,62.9165
160957,76357399,G,110.031,-28.3985,-16.7661,104.972,32.9784,1.8748,-2.6083,1,G,38.7082,19.0066,32.1853,10.0584,37.3784,0.266,1.0374,-1,92.5487
160957,76077259,G,79.082,-48.1551,4.0523,62.5988,48.3253,1.0756,3.0576,-1,G,112.586,41.9781,11.8146,103.798,43.609,1.6018,0.2743,1,93.59
160957,77116491,G,45.8276,-41.0453,-10.4307,-17.5112,42.3499,-0.4025,-2.8927,-1,G,46.3756,36.5228,10.4907,26.5842,37.9996,0.6523,0.2797,1,91.6442
160957,77261894,G,78.0475,13.7751,-51.4592,-57.0404,53.271,-0.9305,-1.3092,1,G,63.0879,-0.7935,39.1782,-49.442,39.1863,-1.0549,1.5911,-1,90.8921
160957,78269686,G,48.0553,38.8289,-23.9972,15.0249,45.6459,0.3235,-0.5536,1,G,62.3948,7.3813,61.8471,3.6822,62.286,0.0591,1.452,-1,91.0015
160957,78766438,G,111.762,28.1021,2.9108,-108.132,28.2525,-2.052,0.1032,1,G,36.0239,-33.468,-13.2736,1.1887,36.0041,0.033,-2.764,-1,101.329
160957,79024577,G,45.8982,-41.1033,-17.1724,-11.0571,44.5463,-0.2457,-2.7458,-1,G,50.776,41.3808,17.2285,-23.8535,44.824,-0.5098,0.3945,1,90.1502
160957,79281454,G,50.2113,23.6496,15.7295,41.4059,28.4028,1.1711,0.5869,1,G,30.9091,-16.9722,22.0197,-13.5069,27.8015,-0.4685,2.2275,-1,65.8224
160957,79333444,G,59.6031,-4.4128,24.7965,-54.0202,25.1861,-1.5066,1.7469,-1,G,36.789,-7.2191,-19.7839,30.1646,21.0599,1.1566,-1.9207,1,92.5306
160957,79575666,G,48.5343,-1.0105,-46.6503,13.3525,46.6613,0.2824,-1.5924,-1,G,34.8681,1.1998,34.7966,-1.8787,34.8173,-0.0539,1.5363,1,81.7543
160957,79751279,G,134.361,23.4914,22.9378,130.288,32.8327,2.087,0.7735,1,G,46.4548,-34.4194,-17.4788,25.8425,38.6031,0.6274,-2.6717,-1,90.3799
160957,80179233,G,56.3097,-43.9745,-10.5426,-33.5539,45.2206,-0.6867,-2.9063,-1,G,54.7041,45.6313,19.7452,-22.8133,49.7201,-0.4441,0.4084,1,95.1807
160957,80594674,G,210.357,-32.5178,19.8359,206.88,38.0903,2.3937,2.5939,1,G,40.9602,29.6607,-15.5575,23.5783,33.4931,0.6559,-0.4831,-1,100.115
160957,80695834,G,251.694,-28.7967,-35.6864,247.482,45.856,2.3874,-2.2498,-1,G,131.457,36.5493,38.7329,120.186,53.2549,1.5529,0.8144,1,107.496
160957,81829794,G,85.5072,-9.4076,32.8167,-78.3967,34.1385,-1.5689,1.85,1,G,40.6267,17.5699,-35.5816,-8.7043,39.6831,-0.2176,-1.1121,-1,90.8236
160957,81638876,G,119.872,-36.3276,26.0309,-111.229,44.6912,-1.6431,2.5198,1,G,200.134,33.6781,-24.2111,-195.789,41.4777,-2.2561,-0.6233,-1,90.1853
160957,83451721,G,60.45,-14.3399,-26.292,-52.5098,29.9484,-1.3276,-2.0701,1,G,33.3992,23.9652,11.6951,20.1094,26.6666,0.6964,0.454,-1,86.3259
160957,84075561,G,50.2871,38.5953,-25.0658,-20.2704,46.0206,-0.4273,-0.576,-1,G,41.0396,-31.4724,23.5962,11.7022,39.3356,0.2933,2.4983,1,90.6325
160957,84551519,G,90.8296,32.2161,11.2774,84.1722,27.92,1.6345,0.3355,-1,G,24.0812,-20.935,10.5927,5.4236,23.4623,0.2292,2.6732,1,67.6131
160957,86057625,G,276.768,47.7623,31.8089,-270.753,57.3851,-2.2556,0.5875,-1,G,23.2668,13.2059,-18.6366,-4.4286,22.8412,-0.1927,-0.9543,1,102.005
160957,86322703,G,243.402,-2.848,45.6598,-239.064,45.7485,-2.3558,1.6331,1,G,136.551,-15.6364,-40.7569,-129.385,43.6534,-1.807,-1.9371,-1,90.7949
160957,85933073,G,67.7286,-20.5189,16.2393,-62.4692,26.1676,-1.6045,2.4721,1,G,42.1582,20.3057,-36.9457,0.0113,42.1581,0.0003,-1.0682,-1,88.0074
160957,86411799,G,91.4455,-17.7338,-24.8693,86.1934,30.5446,1.7606,-2.1902,1,G,29.7736,14.5759,25.1166,-6.569,29.0397,-0.2243,1.045,-1,91.3455
160957,86700958,G,58.0698,-28.8635,-24.0238,-44.2927,37.5533,-1.0028,-2.4474,-1,G,46.4582,27.2924,37.5379,-2.0933,46.4109,-0.0451,0.9421,1,92.6787
163233,89220,G,71.3201,-11.5468,22.0354,-66.8405,24.8774,-1.7145,2.0535,-1,G,31.0747,5.4505,-26.4766,15.3267,27.0318,0.5403,-1.3678,1,88.171
163233,650766,G,104.094,-31.3312,-31.7849,-94.0411,44.631,-1.4905,-2.349,-1,G,63.3523,24.3426,33.3661,-48.0379,41.302,-0.9921,0.9405,1,88.3212
163233,937094,G,154.136,43.7507,-10.6713,-147.411,45.0334,-1.9015,-0.2392,1,G,115.812,-44.5646,10.7104,-106.356,45.8335,-1.5784,2.9057,-1,92.0518
163233,1064279,G,138.583,4.6692,35.1094,-133.98,35.4186,-2.0406,1.4386,1,G,56.755,-29.6123,-30.5822,-37.5362,42.5694,-0.7953,-2.3401,-1,89.9796
163233,1876579,G,57.0563,31.6429,-24.0506,-40.9354,39.7455,-0.9024,-0.6499,-1,G,36.8863,-23.7546,20.7018,19.1767,31.5094,0.5762,2.4248,1,90.9853
163233,2717581,G,57.4987,-5.4524,23.2638,-52.2987,23.8942,-1.525,1.801,1,G,42.3528,33.5153,-23.1439,11.6115,40.7298,0.2814,-0.6044,-1,86.7602
163233,2396129,G,66.4285,17.4706,27.1462,58.0569,32.2822,1.3497,0.999,-1,G,32.7763,-13.2129,-21.4838,-20.9317,25.2217,-0.7559,-2.1222,1,91.7231
163233,2609370,G,138.474,28.1744,34.2908,-131.169,44.3808,-1.8043,0.883,1,G,100.203,-37.0793,-23.001,-90.2035,43.6339,-1.4733,-2.5864,-1,88.0565
163233,2689050,G,182.119,-27.8786,-38.9002,-175.718,47.8586,-2.0118,-2.1926,-1,G,58.6323,22.1303,28.0559,-46.4849,35.7335,-1.079,0.9029,1,91.8495
163233,3206776,G,125.003,38.0806,51.5671,-107.314,64.1038,-1.2876,0.9347,1,G,106.121,-22.8183,-17.9361,-102.074,29.0237,-1.9704,-2.4754,-1,90.6109
163233,3214212,G,74.5071,19.3032,29.2504,-65.7503,35.0457,-1.3868,0.9875,1,G,59.1154,-7.7964,-36.5923,-45.7695,37.4136,-1.0308,-1.7807,-1,72.3327
163233,4009837,G,43.6876,32.6283,-28.9376,2.5703,43.6118,0.0589,-0.7255,-1,G,55.0041,-18.0501,35.2672,-38.1558,39.6179,-0.855,2.0438,1,90.6705
163233,3725721,G,77.782,21.2797,27.8138,-69.4521,35.0205,-1.4361,0.9177,1,G,38.0172,-25.261,-28.3461,-1.9185,37.9686,-0.0505,-2.2987,-1,91.1019
163233,3831241,G,35.7145,-5.9358,-23.9291,-25.8394,24.6544,-0.915,-1.8139,1,G,49.7958,2.972,22.2798,44.4341,22.4772,1.4332,1.4382,-1,83.3951
163233,3963812,G,60.9796,27.7939,25.4973,-47.9154,37.7175,-1.0603,0.7423,1,G,41.3467,10.7971,18.0982,35.5727,21.0742,1.2947,1.0329,-1,83.2375
163233,3639992,G,129.678,-24.1927,10.9759,126.927,26.5661,2.2679,2.7157,1,G,28.7278,25.0969,-13.906,1.4303,28.692,0.0498,-0.506,-1,92.7753
163233,4741424,G,38.6258,-20.5111,-32.7147,-0.9914,38.6129,-0.0257,-2.1308,1,G,58.106,25.6334,32.9683,40.4019,41.761,0.8582,0.9099,-1,88.1904
163233,5085748,G,51.1789,-34.5763,-21.926,-30.7084,40.9422,-0.6932,-2.5764,1,G,48.1227,40.5892,25.089,-6.2321,47.7173,-0.1302,0.5536,-1,91.9241
163233,5336795,G,133.345,-38.6578,-0.2441,127.618,38.6586,1.9096,-3.1353,1,G,54.8017,41.2973,0.6542,36.0183,41.3025,0.788,0.0158,-1,92.8178
163233,5702777,G,81.8985,25.2723,26.7381,-73.1693,36.7915,-1.4386,0.8136,-1,G,67.7913,-29.9742,-36.7253,-48.4608,47.4046,-0.897,-2.2553,1,86.5524
163233,5585416,G,183.453,42.6493,-29.1732,176.026,51.6724,1.9397,-0.5999,1,G,119.233,-32.7271,20.4372,112.817,38.5842,1.7941,2.5834,-1,89.5203
163233,5321478,G,208.886,-0.5442,-40.6225,-204.897,40.6262,-2.3209,-1.5842,-1,G,217.082,-14.7462,51.0515,-210.477,53.1385,-2.0852,1.852,1,92.5734
163233,5947959,G,145.518,-3.1807,26.5548,-143.039,26.7446,-2.3786,1.69,-1,G,41.3404,3.9907,-35.1101,-21.4562,35.3362,-0.575,-1.4576,1,88.2239
163233,6187596,G,66.7584,-18.3619,20.5532,60.8037,27.5607,1.5322,2.2999,1,G,31.9858,28.4704,-13.5228,-5.4452,31.5187,-0.1719,-0.4434,-1,80.8348
163233,6306980,G,245.842,22.921,-43.4001,240.893,49.0809,2.2942,-1.0849,-1,G,185.748,-18.8601,38.9918,180.627,43.3136,2.1352,2.0213,1,92.492
163233,6421609,G,180.744,-25.2403,-38.1001,-174.87,45.7022,-2.0517,-2.1559,1,G,65.2742,26.8077,28.8464,-52.0571,39.3798,-1.0917,0.822,-1,94.5554
163233,6424184,G,95.0557,-22.805,-42.0267,82.1539,47.8154,1.31,-2.068,1,G,87.0691,21.4283,36.3612,76.1558,42.2056,1.3526,1.0383,-1,89.8526
163233,6925747,G,44.7736,-11.5217,26.9724,-33.8291,29.3302,-0.9858,1.9745,1,G,113.049,27.8508,-66.7261,-86.9024,72.3051,-1.0172,-1.1754,-1,92.1135
163233,7234649,G,176.99,44.5149,16.2383,-170.529,47.3841,-1.9925,0.3498,1,G,86.9444,-48.9876,-7.4925,-71.4381,49.5572,-1.1619,-2.9898,-1,104.961
163233,7422762,G,159.228,44.501,19.7862,151.597,48.7015,1.8535,0.4184,-1,G,203.288,-37.7657,-15.4893,199.148,40.8187,2.2884,-2.7524,1,91.2798
163233,8412646,G,72.0926,-54.499,-4.47,-46.9809,54.682,-0.7782,-3.0598,-1,G,37.4434,32.9037,10.2633,-14.6292,34.4672,-0.4126,0.3024,1,87.7634
163233,8635828,G,62.4747,-22.2954,-26.8283,51.829,34.8833,1.1868,-2.2642,1,G,41.3089,-19.8054,28.8071,-22.0071,34.9586,-0.594,2.1731,-1,90.0296
163233,9065382,G,55.8396,-25.3918,26.1906,42.2771,36.4786,0.9894,2.3407,-1,G,71.016,45.4219,-19.438,51.0125,49.4064,0.9042,-0.4044,1,83.3221
163233,9052266,G,94.1177,36.3952,23.5222,-83.5478,43.3348,-1.4109,0.5738,1,G,70.3194,-37.2826,-24.7492,-54.2429,44.7494,-1.0237,-2.5556,-1,89.7273
163233,8754513,G,59.3717,-8.1376,-48.553,33.187,49.2302,0.6313,-1.7369,1,G,56.2695,-45.3377,32.3264,8.1077,55.6822,0.1451,2.5222,-1,92.4376
163233,9436026,G,109.032,43.3751,-35.4066,-93.5574,55.9914,-1.286,-0.6846,-1,G,111.633,-41.4063,33.2511,-98.1926,53.1048,-1.374,2.465,1,109.163
163233,9596137,G,158.943,28.3257,-22.1305,-154.825,35.9459,-2.1666,-0.6632,-1,G,40.9753,-26.6735,22.4889,-21.488,34.8888,-0.5824,2.4411,1,94.2242
163233,10380564,G,74.1014,-48.4824,4.7185,55.8408,48.7115,0.9812,3.0446,-1,G,48.736,41.6917,-4.583,24.8191,41.9428,0.5617,-0.1095,1,92.3952
163233,10696244,G,48.156,28.8917,14.1252,-35.8433,32.1598,-0.9601,0.4547,-1,G,42.9837,-24.6252,-18.7846,29.8048,30.972,0.8545,-2.4899,1,90.7198
163233,10691575,G,192.293,-59.2532,13.9268,182.405,60.8679,1.8174,2.9107,1,G,31.0746,25.1365,-2.1067,18.1476,25.2246,0.6685,-0.0836,-1,91.4764
163233,10502970,G,156.563,-47.3508,-15.6227,148.411,49.8615,1.811,-2.8229,-1,G,99.0741,38.8171,8.2231,90.7815,39.6786,1.5655,0.2088,1,89.4973
163233,10749841,G,288.268,-10.8072,-52.6781,-283.208,53.7753,-2.3634,-1.7731,-1,G,150.896,4.0451,44.2704,-144.199,44.4549,-1.8928,1.4797,1,100.36
163233,10416061,G,76.2548,-32.4692,-13.8889,-67.5843,35.315,-1.4044,-2.7374,-1,G,37.7993,30.0311,22.7118,3.3295,37.6523,0.0883,0.6475,1,93.7864
163233,10751027,G,43.2001,5.2435,-36.2108,-22.9678,36.5885,-0.5925,-1.427,-1,G,47.138,-1.8671,46.5847,6.9542,46.6221,0.1486,1.6108,1,88.2357
163233,10688637,G,134.687,-37.3195,-39.9348,123.097,54.6583,1.551,-2.3224,1,G,26.0326,-17.0191,19.3212,-3.8377,25.748,-0.1485,2.2929,-1,90.7206
163233,10930864,G,132.994,-16.5803,28.2127,128.905,32.724,2.0798,2.1021,-1,G,74.2562,21.2345,-37.8966,60.2239,43.4403,1.13,-1.0601,1,84.068
163233,11071624,G,49.776,-10.7658,23.1147,42.7486,25.4989,1.2888,2.0067,-1,G,44.2482,-5.0384,-33.8929,-27.9961,34.2653,-0.7459,-1.7184,1,90.8678
163233,11054404,G,40.0272,-22.4668,5.3239,-32.6965,23.089,-1.1473,2.9089,1,G,42.7055,40.2755,-12.9398,-5.848,42.3031,-0.1378,-0.3109,-1,70.5966
163233,12349988,G,154.321,-11.6028,26.603,-151.568,29.0231,-2.3551,1.9821,-1,G,29.9899,10.4522,-27.1593,-7.2462,29.1011,-0.2465,-1.2034,1,93.5264
163233,12711155,G,206.586,45.0834,-2.5502,201.591,45.1555,2.2016,-0.0565,-1,G,30.4329,-24.6995,8.4697,15.6316,26.1113,0.5677,2.8112,1,92.4226
163233,12632695,G,67.6277,8.1892,35.2512,57.1295,36.1899,1.2376,1.3425,1,G,34.4089,-17.0018,-28.8775,-7.8099,33.5107,-0.231,-2.1029,-1,88.6609
163233,12719599,G,82.8998,-45.44,-0.6471,69.3337,45.4446,1.2089,-3.1273,1,G,124.51,44.6509,2.5937,116.199,44.7261,1.683,0.058,-1,92.6924
163233,12591406,G,257.675,6.2942,-48.9191,252.91,49.3224,2.3372,-1.4428,1,G,52.0185,-12.5908,27.905,42.0559,30.614,1.1226,1.9947,-1,91.7806
163233,12568041,G,27.5665,-10.326,18.8895,17.218,21.5276,0.7325,2.0711,-1,G,79.6664,31.0761,-55.4029,-48.0782,63.6033,-0.6986,-1.0596,1,93.7163
172411,449777863,G,98.2231,35.5811,27.5191,-87.3181,44.9813,-1.417,0.6583,-1,G,47.5653,-26.7762,-29.1909,-26.332,39.6115,-0.6236,-2.3131,1,90.8713
172411,449738326,G,39.0799,-31.072,-16.4548,17.0586,35.1601,0.4679,-2.6546,-1,G,41.6578,28.9703,17.198,24.5012,33.6905,0.6748,0.5357,1,69.1837
172411,449392853,G,92.7587,-40.2789,-21.7542,80.6755,45.7781,1.332,-2.6464,-1,G,40.1762,28.9314,22.3444,16.6679,36.5554,0.4415,0.6576,1,89.8157
172411,449344293,G,240.645,-7.2072,-48.4177,-235.614,48.9512,-2.2751,-1.7186,-1,G,76.3024,0.9469,35.5047,-67.532,35.5173,-1.3986,1.5441,1,91.3917
172411,449403673,G,68.6678,28.4362,24.7066,-57.4128,37.6701,-1.2081,0.7153,1,G,76.9667,14.0004,-63.4342,-41.2789,64.9608,-0.599,-1.3536,-1,90.3807
172411,450014817,G,232.451,38.3035,34.4493,-226.67,51.5161,-2.1874,0.7325,-1,G,91.9314,-29.2308,-26.7368,-82.9583,39.6144,-1.485,-2.4007,1,95.9798
172411,449616340,G,121.992,39.799,-12.748,114.61,41.7908,1.7337,-0.31,-1,G,38.299,-35.3727,3.8197,14.1771,35.5783,0.3886,3.034,1,94.9087
172411,450983279,G,109.112,49.5388,7.8739,-96.899,50.1606,-1.4127,0.1576,1,G,126.966,-12.8353,-59.2931,-111.535,60.6665,-1.369,-1.784,-1,91.0902
172411,451108841,G,175.598,11.4985,34.4282,-171.806,36.2976,-2.2587,1.2485,1,G,85.2188,-13.859,-39.3263,-74.321,41.6969,-1.3419,-1.9096,-1,86.1256
172411,451207921,G,84.1745,-29.0815,36.9124,69.8361,46.9921,1.187,2.2381,1,G,111.622,22.5512,-35.8154,103.287,42.3237,1.6249,-1.0089,-1,91.219
172411,451179730,G,89.6678,-8.0465,39.5982,-80.0471,40.4075,-1.4351,1.7713,1,G,36.2501,5.6434,-35.6106,-3.7546,36.055,-0.1039,-1.4136,-1,93.8665
172411,451277850,G,52.8986,18.4334,-11.8107,-48.1556,21.8925,-1.5295,-0.5698,-1,G,66.7253,-26.2072,18.8725,58.3889,32.2954,1.3543,2.5175,1,118.722
172411,451443922,G,59.8455,27.0427,35.2118,40.1285,44.3979,0.8117,0.9159,-1,G,49.5119,-26.9119,-40.3973,9.7583,48.5406,0.1997,-2.1585,1,97.1773
172411,451528281,G,70.5796,-30.5594,-23.4693,59.1336,38.5316,1.2139,-2.4867,-1,G,41.2776,25.9913,31.457,6.2246,40.8055,0.152,0.8803,1,90.3088
172411,450571652,G,75.485,23.318,-20.3011,68.8629,30.9171,1.5409,-0.7163,1,G,33.1474,-22.1703,23.4161,-7.675,32.2465,-0.2358,2.3289,-1,89.6996
172411,450562156,G,102.976,8.289,-40.8788,94.1505,41.7107,1.5531,-1.3707,-1,G,42.757,-13.4143,33.7232,22.6042,36.2932,0.5883,1.9494,1,86.7702
172411,450424379,G,71.3676,11.4948,34.7754,61.2525,36.6259,1.2867,1.2516,1,G,45.9311,-19.8441,-40.5623,8.4001,45.1563,0.185,-2.0258,-1,93.8312
172411,451814356,G,118.397,41.6994,1.5917,110.8,41.7298,1.7034,0.0382,-1,G,114.999,-50.3273,0.5842,103.4,50.3307,1.4677,3.13,1,92.2669
172411,452055012,G,92.6719,39.8889,-83.305,7.5646,92.3626,0.0818,-1.1242,1,G,24.7798,3.6952,23.9501,-5.1734,24.2335,-0.2119,1.4177,-1,91.4692
172411,451587447,G,41.1892,9.4013,-17.7043,-35.982,20.0457,-1.348,-1.0826,-1,G,47.547,-12.1821,20.8996,40.933,24.1909,1.2968,2.0985,1,88.4967
172411,452910144,G,80.0962,34.0906,9.879,71.8027,35.4932,1.4539,0.2821,1,G,39.0829,-33.7248,0.1955,19.7499,33.7254,0.5564,3.1358,-1,75.6317
172411,452091651,G,120.29,-34.454,-6.5607,-115.063,35.0731,-1.9037,-2.9534,1,G,47.0645,39.3256,0.6164,-25.849,39.3305,-0.6173,0.0157,-1,89.9566
172411,452511523,G,108.592,-1.4502,-35.236,-102.706,35.2659,-1.7904,-1.6119,1,G,38.87,2.384,36.6341,-12.7719,36.7116,-0.3412,1.5058,-1,91.6901
172411,452719963,G,134.304,2.4136,44.4114,-126.725,44.4769,-1.7697,1.5165,-1,G,107.1,-9.2789,-46.2982,-96.1291,47.2188,-1.4595,-1.7686,1,92.526
172411,452468859,G,51.0076,8.0398,41.173,29.0157,41.9506,0.6458,1.378,1,G,55.3427,-19.6078,-42.668,29.288,46.9577,0.589,-2.0016,-1,88.1761
172411,453386894,G,160.491,37.1673,21.6093,-154.625,42.9926,-1.9919,0.5266,-1,G,58.2448,-44.8842,-4.8464,-36.8017,45.1451,-0.7445,-3.034,1,104.214
172411,453976739,G,94.445,12.0677,37.3021,85.9231,39.2056,1.5262,1.2579,-1,G,172.689,-0.4773,-47.7928,165.943,47.7952,1.958,-1.5808,1,87.6336
172411,453864263,G,42.0208,26.8857,-22.0317,23.6114,34.7597,0.6356,-0.6865,-1,G,53.5151,-5.6904,47.2211,-24.5284,47.5628,-0.4952,1.6907,1,89.6801
172411,453370666,G,77.847,-28.4378,26.5388,-67.4324,38.8975,-1.3177,2.3907,1,G,97.1773,43.0701,-18.1679,-85.1957,46.7451,-1.3613,-0.3992,-1,83.988
172411,453438168,G,104.395,29.7192,-41.5097,-91.0604,51.0518,-1.3425,-0.9494,-1,G,88.9012,-25.9938,37.3655,-76.3646,45.5176,-1.2895,2.1786,1,96.4426
172411,454122364,G,75.1669,22.4221,45.4672,55.4981,50.6954,0.9468,1.1126,1,G,30.6629,-16.3205,-24.2993,-9.1315,29.2714,-0.3071,-2.1622,-1,92.5461
172411,454479884,G,62.7809,15.7623,23.0811,-56.2161,27.9497,-1.4487,0.9716,1,G,232.306,-112.445,95.5141,-179.441,147.536,-1.0263,2.4374,-1,90.1633
172411,453561764,G,45.9462,-45.8296,2.8734,1.5596,45.9196,0.034,3.079,1,G,45.9216,42.7651,-9.6445,13.6717,43.8391,0.307,-0.2218,-1,90.291
172411,453836365,G,67.7228,45.7513,-7.0497,-49.4317,46.2913,-0.9285,-0.1529,1,G,62.1494,-43.5761,1.3627,-44.2923,43.5974,-0.8926,3.1103,-1,89.697
172411,454609026,G,71.4087,32.2697,26.1253,-58.0975,41.5195,-1.1376,0.6806,1,G,136.544,-40.2473,-25.6866,-127.924,47.7456,-1.7118,-2.5735,-1,92.6088
172411,455492738,G,53.0585,20.7692,22.3851,-43.3905,30.5361,-1.1501,0.8228,-1,G,40.5879,-10.5638,-21.1682,32.98,23.6577,1.1345,-2.0337,1,92.4967
172411,454607889,G,85.4304,-34.4093,-18.2833,76.0267,38.9651,1.4216,-2.6532,1,G,93.7504,30.4013,21.065,86.1461,36.9861,1.5818,0.6059,-1,76.039
172411,455788685,G,38.7097,-27.3132,-19.3554,19.4367,33.476,0.5521,-2.5251,-1,G,57.706,25.826,32.7263,39.8995,41.6893,0.8507,0.9027,1,74.7944
172411,455585059,G,72.8429,-13.17,-27.7819,66.0363,30.7454,1.5079,-2.0135,1,G,49.3708,44.7033,-14.7427,-14.8909,47.0715,-0.3113,-0.3186,-1,97.5585
172411,454750203,G,96.1948,6.3825,-32.2689,90.3959,32.894,1.7356,-1.3755,-1,G,58.0771,1.5433,46.8422,34.2982,46.8676,0.6785,1.5379,1,89.3085
172411,455441291,G,84.3505,32.8232,-38.5703,-67.4535,50.6461,-1.0977,-0.8657,-1,G,31.5106,-27.0276,16.1778,-0.833,31.4994,-0.0264,2.6022,1,90.6959
172411,455808771,G,140.367,9.296,-42.3193,-133.512,43.3283,-1.8439,-1.3546,1,G,255.316,-22.856,44.7397,-250.324,50.2398,-2.309,2.0431,-1,95.1042
172411,455467365,G,106.716,39.1758,-4.3341,99.1699,39.4149,1.6532,-0.1102,-1,G,107.417,-45.0276,-27.0147,93.7082,52.5098,1.3429,-2.6012,1,87.3728
173430,179989682,G,75.4467,23.1759,32.1414,-64.2028,39.6257,-1.2597,0.9461,1,G,30.9097,-21.3208,-14.8356,16.755,25.9744,0.6071,-2.5337,-1,93.5813
173430,179304577,G,40.8159,-19.5792,12.9185,-33.4019,23.4571,-1.1518,2.5583,1,G,50.101,32.1184,-15.4491,35.2113,35.6408,0.8728,-0.4483,-1,89.9943
173430,179764746,G,62.6618,27.3942,50.894,24.2043,57.7982,0.4074,1.077,-1,G,39.5391,-1.7492,-33.1884,21.4197,33.2345,0.6066,-1.6235,1,85.9786
173430,180552920,G,44.6419,-1.4251,41.656,15.9886,41.6804,0.3748,1.605,1,G,48.3211,-3.7174,-41.9685,23.6588,42.1328,0.5356,-1.6591,-1,83.9265
173430,179570140,G,42.9453,-12.1531,-34.2668,22.8554,36.3582,0.5932,-1.9116,-1,G,47.0208,14.9358,38.6999,-22.1402,41.482,-0.5112,1.2025,1,89.8109
173430,180006315,G,96.8905,31.9975,-8.1067,91.0945,33.0085,1.7396,-0.2481,1,G,69.2769,-43.0673,29.4625,45.568,52.1808,0.7889,2.5416,-1,91.4132
173430,180016959,G,30.8665,-30.494,-4.4485,-1.7473,30.8168,-0.0567,-2.9967,1,G,47.6373,45.8477,0.0135,12.9341,45.8477,0.2785,0.0003,-1,76.0414
173430,179499416,G,82.2051,13.799,38.8174,-71.1369,41.1971,-1.3143,1.2292,-1,G,44.9532,-18.1536,-35.8482,-20.1528,40.1827,-0.4826,-2.0396,1,88.3609
173430,180656777,G,43.7739,33.2013,-28.4779,1.6836,43.7414,0.0385,-0.709,1,G,50.336,-30.9376,37.4373,-13.2294,48.5663,-0.2691,2.2614,-1,92.9407
173430,179925901,G,51.2395,17.3376,-44.9752,17.3814,48.2012,0.3532,-1.2029,-1,G,42.7017,-22.0459,33.1107,15.527,39.7786,0.381,2.1582,1,87.0577
173430,180239708,G,120.621,-46.5823,-14.188,110.355,48.6951,1.5567,-2.8459,-1,G,151.564,25.3811,36.8495,144.809,44.7447,1.8906,0.9676,1,89.5165
173430,180399963,G,37.3697,4.8757,36.8083,4.2264,37.1298,0.1136,1.4391,-1,G,57.0765,-17.2276,-53.5418,9.7058,56.2452,0.1717,-1.8821,1,91.0681
173430,180666936,G,81.5318,32.4329,-72.6702,17.736,79.5792,0.2211,-1.151,1,G,35.903,-27.3322,9.3386,21.3249,28.8835,0.6838,2.8124,-1,90.7097
173430,180759326,G,59.9205,15.528,37.4297,-44.1402,40.5229,-0.9431,1.1776,1,G,37.7898,-29.7558,-19.6387,12.529,35.6523,0.3446,-2.5582,-1,89.6052
173430,179032045,G,107.358,37.1592,13.9675,99.749,39.6976,1.652,0.3595,1,G,42.74,-35.1652,-16.7872,17.5583,38.9667,0.4366,-2.6962,-1,93.5763
173430,181440260,G,43.892,-14.7301,-41.1253,4.2692,43.6837,0.0976,-1.9147,1,G,45.5471,21.619,37.0353,-15.3471,42.8835,-0.3506,1.0424,-1,88.388
173430,180853343,G,233.277,39.2515,30.2248,-227.956,49.5401,-2.2311,0.6562,-1,G,239.858,-42.8092,-27.7861,-234.366,51.0362,-2.2292,-2.5659,1,100.484
173430,181244034,G,100.954,-23.3706,23.5283,-95.3521,33.1627,-1.7783,2.3528,1,G,35.5936,30.9382,-16.9459,-4.7491,35.2752,-0.1342,-0.5011,-1,92.3283
173430,180908220,G,107.434,-0.0687,-31.5544,-102.695,31.5544,-1.896,-1.573,1,G,31.5772,1.7633,31.4763,-1.8002,31.5257,-0.0571,1.5148,-1,91.6617
173430,181288166,G,201.84,27.906,24.0283,-198.453,36.8253,-2.386,0.7109,1,G,157.084,-39.3862,-28.4988,-149.371,48.6153,-1.8411,-2.5152,-1,87.7108
173430,182128234,G,100.009,-2.6956,-28.6545,95.7785,28.7811,1.9173,-1.6646,-1,G,150.274,4.3113,30.3301,147.118,30.635,2.2729,1.4296,1,60.3122
173430,182286821,G,83.9916,31.9802,27.687,72.5622,42.3002,1.3086,0.7136,-1,G,39.4594,0.7839,-38.0602,10.3842,38.0683,0.2695,-1.5502,1,84.7286
173430,182129403,G,43.2778,0.8033,-40.8591,-14.2423,40.867,-0.3418,-1.5511,1,G,52.7979,3.304,44.6847,27.928,44.8066,0.5887,1.497,-1,94.9302
173430,181280776,G,68.9531,29.2925,1.5112,-62.4034,29.3314,-1.4992,0.0515,-1,G,47.7752,-36.7807,-8.4778,-29.2876,37.7451,-0.7138,-2.915,1,71.5097
173430,181430135,G,44.6438,26.7574,-31.5189,-16.8423,41.3449,-0.3969,-0.8669,1,G,44.2321,-23.763,34.4759,-14.2549,41.872,-0.3342,2.1743,-1,83.1516
173430,181461651,G,44.2699,41.4799,-9.0633,12.5333,42.4585,0.2911,-0.2151,-1,G,45.4131,-38.4658,10.5838,-21.6957,39.8953,-0.5201,2.8731,1,89.1499
173430,181977434,G,73.81,-7.539,49.72,-54.0277,50.2883,-0.933,1.7213,-1,G,74.9287,13.3116,-38.7709,-62.721,40.9924,-1.2113,-1.2401,1,91.3222
173430,181148243,G,67.1853,6.1509,-66.5824,6.5424,66.8659,0.0977,-1.4787,-1,G,54.7793,5.9843,48.1057,-25.5106,48.4765,-0.5046,1.447,1,118.435
173430,181524443,G,59.7464,8.9177,30.0625,-50.856,31.3573,-1.2605,1.2824,-1,G,34.7698,-6.4517,-30.1398,16.0901,30.8226,0.5008,-1.7817,1,87.8553
173430,182227566,G,134.617,-29.2879,-9.3607,-131.059,30.7474,-2.1565,-2.8322,-1,G,36.0312,27.642,19.5674,-12.2993,33.8668,-0.3556,0.616,1,91.9918
173430,183285748,G,72.3939,14.5229,30.4684,64.0439,33.7526,1.3968,1.126,1,G,43.8489,-23.9077,-29.8247,-21.4855,38.2242,-0.536,-2.2465,-1,107.762
173430,183396976,G,71.756,-26.1476,15.99,64.8809,30.6493,1.4947,2.5927,-1,G,31.8626,17.5166,-20.2544,-17.2668,26.7782,-0.6069,-0.8578,1,91.5261
173430,183169991,G,194.86,-29.5137,-38.3114,188.763,48.3614,2.071,-2.2272,1,G,54.3825,21.2257,24.9179,43.4283,32.7328,1.0947,0.8652,-1,89.2235
173430,183375241,G,33.4967,0.9144,32.3867,8.5017,32.3996,0.2595,1.5426,-1,G,52.482,-4.5192,-38.2401,35.6598,38.5062,0.8281,-1.6884,1,73.4496
173430,182662209,G,37.4169,15.6862,17.1352,-29.3315,23.2308,-1.0554,0.8295,1,G,66.4948,6.5685,-30.0787,58.9378,30.7876,1.4047,-1.3558,-1,96.22
173430,183945719,G,68.3385,-29.6821,9.3018,60.8489,31.1055,1.4239,2.8379,1,G,34.7643,29.6987,-12.046,-13.4695,32.0487,-0.4088,-0.3853,-1,91.5307
173430,183859597,G,49.4932,-43.6246,21.1216,-10.0168,48.4689,-0.2052,2.6907,-1,G,49.8301,38.3727,-20.3254,-24.4427,43.4233,-0.5367,-0.4871,1,93.0024
173430,182729043,G,54.0578,33.0988,-26.7573,-33.3281,42.5615,-0.7194,-0.6798,1,G,26.9415,-25.4834,8.5994,-1.576,26.8952,-0.0586,2.8161,-1,70.391
173430,183828509,G,54.1346,40.9142,-25.392,-24.7349,48.1532,-0.4934,-0.5554,1,G,46.1374,-38.9428,16.8563,18.1099,42.4344,0.4148,2.7331,-1,99.6686
173430,186012242,G,107.272,14.5876,37.0637,99.6032,39.8311,1.6475,1.1958,1,G,78.6538,0.5474,-40.2497,67.5727,40.2535,1.29,-1.5572,-1,79.8842
173430,184603150,G,67.1733,-9.8639,27.6221,-60.4315,29.3304,-1.4703,1.9138,1,G,44.6066,20.5488,-39.5256,-2.2842,44.548,-0.0513,-1.0914,-1,91.1352
173430,185401411,G,156.827,-25.9566,-26.9957,-152.289,37.4501,-2.1107,-2.3366,1,G,26.726,20.1316,15.4507,-8.3823,25.3772,-0.3246,0.6546,-1,87.8006
173430,184509896,G,136.167,-33.894,24.452,-129.595,41.7936,-1.8499,2.5166,1,G,79.4624,40.9104,-20.3202,-65.0207,45.679,-1.1515,-0.461,-1,92.4914
173430,184484330,G,54.6082,-43.8023,0.2216,-32.6092,43.8028,-0.6887,3.1365,-1,G,52.4642,50.3477,4.8213,-13.9407,50.578,-0.2723,0.0955,1,96.0694
173430,185907238,G,41.9921,-33.7352,-21.5724,-12.6446,40.0429,-0.3108,-2.5727,1,G,45.0648,36.5165,23.9078,11.2156,43.6467,0.2542,0.5797,-1,86.9694
173430,184496962,G,49.0497,-42.6947,-6.5059,-23.2528,43.1876,-0.5153,-2.9904,-1,G,65.712,48.1549,11.5214,-43.2021,49.514,-0.7883,0.2348,1,93.2686
173430,184863375,G,63.2558,27.493,-20.3449,53.2118,34.2021,1.2253,-0.6371,-1,G,64.5488,-36.054,24.0359,47.8427,43.3315,0.9531,2.5536,1,77.6858
173430,185119398,G,53.9172,-29.5219,-16.1489,-42.1274,33.6501,-1.0488,-2.641,1,G,46.3058,31.9772,33.3797,2.7335,46.2249,0.0591,0.8069,-1,90.4977
173430,184982162,G,71.849,7.3799,-31.145,64.3257,32.0074,1.448,-1.3381,-1,G,32.6916,-8.7192,30.3956,-8.2954,31.6214,-0.2594,1.8501,1,88.2439
173430,186336707,G,97.6583,-36.0773,-27.7608,-86.3997,45.5218,-1.3971,-2.4857,1,G,28.8963,24.6291,14.9996,-1.8449,28.8371,-0.0639,0.547,-1,89.0789
173430,187750655,G,67.6209,-44.5977,-11.9364,-49.4079,46.1674,-0.9301,-2.8801,-1,G,71.1945,24.348,46.9923,-47.6187,52.9255,-0.8087,1.0928,1,90.6454
173430,187481046,G,59.9068,-10.487,-28.8105,-51.4664,30.6598,-1.2899,-1.9199,-1,G,41.3532,8.2653,35.1904,20.0848,36.148,0.5304,1.3401,1,96.0372
173430,187073596,G,102.712,1.1531,-42.4522,-93.5216,42.4679,-1.5306,-1.5436,1,G,93.8552,1.7072,49.6537,-79.6266,49.683,-1.2504,1.5364,-1,92.7279
173430,187621685,G,62.107,42.9641,-3.2781,-44.7282,43.089,-0.908,-0.0762,-1,G,49.2354,-45.0398,-2.905,-19.6748,45.1333,-0.4232,-3.0772,1,90.5917
173430,186242123,G,246.618,29.4191,-49.6369,-239.774,57.7001,-2.1318,-1.0358,1,G,80.8933,5.1114,34.5528,-72.9637,34.9288,-1.4827,1.4239,-1,89.6633
173430,187536659,G,41.5887,-15.5399,-35.7972,-14.3764,39.0247,-0.3605,-1.9804,-1,G,53.4013,28.7486,44.9226,2.6769,53.334,0.0502,1.0015,1,92.8895
173430,187349633,G,89.2094,14.9314,17.9803,86.0933,23.3717,2.015,0.8778,-1,G,40.0857,-29.3982,-27.1002,2.8596,39.9834,0.0715,-2.3969,1,92.2612
173430,187561271,G,187.483,29.3889,-31.5751,-182.454,43.1358,-2.149,-0.8212,1,G,129.5,-31.7499,31.9476,-121.415,45.0411,-1.7175,2.3531,-1,90.2042
173430,186735249,G,158.331,-35.1737,65.8249,-139.638,74.6332,-1.3844,2.0615,1,G,25.3418,0.0058,-22.974,-10.6953,22.974,-0.4502,-1.5705,-1,89.7932
173430,187394319,G,73.232,16.9191,18.9689,-68.6792,25.418,-1.7197,0.8425,-1,G,31.9122,-10.1333,-18.4092,24.0166,21.0139,0.9789,-2.074,1,94.9431
173430,187390853,G,114.901,2.8412,40.3189,107.557,40.4189,1.7054,1.5004,1,G,40.1631,2.8852,-36.2496,17.0501,36.3642,0.4532,-1.4914,-1,92.0247
173430,187952921,G,156.728,21.1383,35.0521,-151.288,40.9326,-2.0182,1.0281,-1,G,83.3899,-26.1371,-36.5323,-70.2574,44.9194,-1.2298,-2.1918,1,92.4493
173430,188308853,G,62.3446,-24.3488,29.0451,49.501,37.901,1.0821,2.2685,1,G,45.2559,33.8433,-29.6512,4.8494,44.9952,0.1076,-0.7195,-1,92.3763
173430,189128835,G,56.6385,25.6593,-46.7869,-18.9868,53.3611,-0.3487,-1.0692,-1,G,40.2205,0.3032,40.0779,-3.3688,40.079,-0.084,1.5632,1,90.3483
173430,188353601,G,73.3829,-21.9631,-35.3065,-60.4658,41.5804,-1.1691,-2.1273,-1,G,43.2838,23.5374,35.6024,-7.2073,42.6794,-0.1681,0.9866,1,95.0206
173430,188398380,G,54.7907,-7.8802,-34.7644,-41.6095,35.6463,-0.9949,-1.7937,-1,G,45.0088,10.2544,36.4597,24.3171,37.8743,0.6045,1.2966,1,98.2466
173430,188429109,G,43.9216,-30.0193,-15.488,-28.0723,33.7792,-0.7567,-2.6653,1,G,46.8705,22.0132,24.5624,33.3008,32.9832,0.8882,0.8401,-1,89.83
173430,188893072,G,162.255,31.7022,-9.3706,-158.852,33.0581,-2.2735,-0.2874,1,G,53.4874,-33.9606,13.3117,-39.1199,36.4764,-0.9317,2.768,-1,85.6238
173430,189582182,G,206.849,-33.6067,-31.7061,201.623,46.2026,2.1794,-2.3853,-1,G,180.579,24.5978,38.0329,174.807,45.2941,2.06,0.9967,1,90.9964
173430,187871624,G,74.4416,28.3454,33.8293,59.9472,44.1348,1.1135,0.8734,-1,G,67.3754,-28.029,-37.8217,48.2009,47.0755,0.8982,-2.2086,1,91.6516
173430,187920124,G,79.9982,-41.6682,-23.5306,64.1076,47.8532,1.1024,-2.6275,-1,G,27.0853,25.2075,5.201,-8.4342,25.7384,-0.3221,0.2035,1,88.0933
173430,189256650,G,95.2806,25.7464,15.5556,90.4076,30.0808,1.8202,0.5435,-1,G,30.8212,-30.3982,-2.3523,-4.5113,30.489,-0.1474,-3.0644,1,91.2552
173430,188196058,G,77.2979,-6.4574,29.5671,71.1269,30.264,1.5901,1.7858,-1,G,28.9589,6.9297,-28.1046,-0.8489,28.9463,-0.0293,-1.3291,1,79.6815
173430,189399311,G,49.1404,-24.1568,19.2538,38.2165,30.8911,1.0395,2.4687,1,G,52.6275,21.2847,-47.3858,8.4376,51.9466,0.1617,-1.1486,-1,85.9095
173430,189360669,G,206.03,-24.7073,-37.3358,201.107,44.7706,2.2076,-2.1554,1,G,86.3054,20.97,36.6359,75.2773,42.2129,1.3423,1.0509,-1,95.17
173430,189328751,G,41.5612,10.4171,25.1158,31.4325,27.1905,0.9875,1.1776,1,G,49.8373,-4.8145,-44.2707,-22.3756,44.5317,-0.4834,-1.6791,-1,88.732
173430,188285986,G,139.912,41.7408,11.4966,-133.045,43.2951,-1.8413,0.2688,1,G,33.6049,-25.7709,6.481,-20.5701,26.5734,-0.7123,2.8952,-1,77.0218
173430,197650153,G,41.2426,-21.0832,-15.2342,-32.0056,26.0112,-1.0353,-2.5159,-1,G,32.3787,12.7401,17.3951,24.1551,21.5615,0.9639,0.9387,1,72.6924
173430,197847706,G,44.6131,12.4525,39.7902,15.8742,41.6932,0.3721,1.2675,1,G,59.5599,-19.8415,-43.8262,35.1134,48.1085,0.677,-1.9959,-1,90.4511
173430,196749360,G,29.1451,-22.7734,-6.4078,-17.0217,23.6577,-0.6686,-2.8673,-1,G,32.4902,25.8986,-7.288,18.214,26.9045,0.6337,-0.2743,1,60.0012
173430,197973738,G,55.2024,8.8507,-34.357,42.2914,35.4787,1.0109,-1.3187,1,G,47.3392,-20.2705,26.6875,33.4346,33.513,0.8797,2.2204,-1,67.758
173430,198087444,G,58.9673,17.576,33.6771,45.1007,37.9877,1.0078,1.0898,-1,G,38.426,-27.9866,-21.7714,-14.8089,35.4576,-0.4064,-2.4805,1,91.2016
173430,196991793,G,96.6533,34.36,6.0755,-90.135,34.893,-1.6777,0.175,-1,G,27.6164,-25.9715,-5.5978,7.5366,26.568,0.28,-2.9293,1,92.4655
173430,197833056,G,120.264,9.7941,41.8114,112.336,42.9432,1.6894,1.3407,-1,G,53.2467,-12.373,-36.9182,36.3201,38.9364,0.8331,-1.8942,1,89.313
173430,196787689,G,45.8786,-41.4698,-18.9441,-5.12,45.5919,-0.1121,-2.7131,1,G,47.5474,38.0939,17.07,22.7644,41.7436,0.5214,0.4213,-1,91.6635
173430,196779992,G,51.4192,21.7607,-44.481,-13.8506,49.5186,-0.2762,-1.1158,-1,G,41.5067,-25.6052,32.4876,-3.4249,41.365,-0.0827,2.2383,1,90.4332
173430,197850770,G,128.155,-6.0469,-37.3162,122.453,37.803,1.8915,-1.7314,1,G,145.05,-1.4707,57.3091,133.24,57.3279,1.5799,1.5964,-1,93.8396
173430,198636330,G,55.9279,45.6524,-26.0027,-19.1738,52.5384,-0.3573,-0.5178,-1,G,39.5747,-33.7137,20.4151,-3.5724,39.413,-0.0905,2.5971,1,91.8129
173430,198690609,G,44.2044,-11.3435,31.3057,-29.0739,33.2975,-0.7888,1.9184,-1,G,46.7817,13.9176,-29.5753,33.4682,32.6863,0.8982,-1.131,1,90.827
173430,199951375,G,128.793,-28.6808,-37.7224,119.758,47.3874,1.6573,-2.2209,-1,G,92.1902,20.8278,40.2333,80.2902,45.3047,1.3369,1.0931,1,93.5211
173430,198771678,G,49.5744,-26.9894,-33.0428,-25.246,42.6644,-0.5617,-2.2557,-1,G,44.2605,24.0927,36.9033,4.0827,44.0717,0.0925,0.9924,1,91.2897
173430,199815506,G,69.6722,2.661,46.2028,-52.0809,46.2794,-0.9673,1.5133,-1,G,48.2315,-8.1489,-42.251,-21.7879,43.0297,-0.4869,-1.7613,1,91.6457
173430,200015852,G,26.435,-7.9954,25.1164,-2.0086,26.3583,-0.0761,1.879,1,G,41.1706,5.8892,-28.5408,29.0817,29.1421,0.8799,-1.3673,-1,61.8174
173430,199369751,G,181.2,-12.2132,-34.3749,177.49,36.4801,2.2857,-1.9122,-1,G,60.9367,9.19,32.9114,50.4545,34.1704,1.1817,1.2985,1,81.6106
173430,199802042,G,91.6247,5.2687,-38.4054,83.0201,38.7651,1.5052,-1.4345,1,G,56.7971,36.2193,34.8252,26.4815,50.2457,0.5053,0.7658,-1,91.1283
173430,200035009,G,56.4362,-33.7428,-20.0709,-40.5415,39.2609,-0.9043,-2.605,1,G,41.0566,22.0578,17.0738,-30.126,27.8937,-0.9368,0.6587,-1,66.0714
173430,198407381,G,26.89,-23.7454,-6.0439,-11.0765,24.5025,-0.4379,-2.8924,-1,G,65.1199,58.6208,20.4795,-19.6157,62.0952,-0.3109,0.3361,1,78.097
173430,199944791,G,61.1158,-19.7142,31.9787,48.2063,37.5671,1.0682,2.1232,-1,G,39.8598,24.7979,-31.0679,-2.9395,39.7511,-0.0739,-0.8972,1,90.1128
173430,198628818,G,96.9257,-22.6468,-1.5242,94.2304,22.698,2.1308,-3.0744,-1,G,29.3795,27.4891,8.2583,-6.2683,28.7028,-0.2167,0.2918,1,90.2599
173430,198774924,G,43.0674,24.9659,7.0851,-34.37,25.9518,-1.0932,0.2765,-1,G,72.632,-30.2019,-25.3549,-60.9949,39.4338,-1.2204,-2.4432,1,62.6953
173430,195119916,G,84.8885,42.3453,17.0197,-71.5769,45.6376,-1.2321,0.3822,-1,G,47.8217,-42.5223,2.2669,-21.7628,42.5827,-0.4911,3.0883,1,92.3455
173430,195730157,G,39.5406,3.7055,24.5264,30.7925,24.8047,1.0422,1.4208,-1,G,42.8588,5.0777,-40.8725,-11.8543,41.1867,-0.284,-1.4472,1,78.0171
173430,195407668,G,39.2367,28.413,-20.341,-17.8451,34.9436,-0.4907,-0.6213,-1,G,35.8374,-28.5135,20.1818,-7.9988,34.9332,-0.227,2.5257,1,70.4853
173430,195726436,G,308.013,23.2319,51.5321,-302.782,56.5268,-2.3801,1.1473,1,G,102.898,2.4973,-26.2162,-99.4713,26.3349,-2.0392,-1.4758,-1,75.7486
173430,195673707,G,55.9782,8.3147,-42.5693,35.3875,43.3737,0.745,-1.3779,1,G,46.7936,-16.0986,42.3552,11.6833,45.3115,0.2551,1.934,-1,91.0262
173430,195929826,G,180.071,-15.2194,45.4504,173.575,47.9309,1.9985,1.8939,-1,G,103.776,15.9145,-37.7617,95.3425,40.9782,1.5809,-1.1719,1,90.5149
173430,195550663,G,99.4542,-25.5249,26.532,-92.3887,36.8166,-1.6507,2.3369,1,G,43.0964,33.0375,-22.9195,-15.5082,40.2092,-0.3767,-0.6065,-1,92.7871
173430,195617160,G,143.35,32.6261,-20.7642,138.035,38.6732,1.9846,-0.5668,1,G,53.4525,-38.4769,5.4451,36.702,38.8603,0.8416,3.001,-1,89.0471
173430,195164694,G,41.2292,-32.5125,-12.1724,22.2399,34.7164,0.6033,-2.7833,1,G,68.5337,61.0349,-4.1261,30.8963,61.1742,0.4857,-0.0675,-1,90.2513
173430,201868956,G,130.061,21.9445,-14.436,-127.381,26.2671,-2.2825,-0.5819,-1,G,31.5394,-26.4407,1.6021,-17.1186,26.1978,-0.608,3.0811,1,71.061
173430,200660395,G,37.7342,-33.4436,-13.1991,11.4528,35.954,0.3134,-2.7657,-1,G,53.7545,45.3714,23.0871,-17.2616,50.9075,-0.3329,0.4707,1,89.98
173430,201294079,G,44.6683,-42.6795,-7.5395,-10.8105,43.3403,-0.2469,-2.9667,1,G,49.9631,45.075,15.1385,-15.3417,47.5492,-0.3173,0.324,-1,90.5962
173430,200467969,G,64.7303,23.5657,1.8042,-60.2611,23.6347,-1.6655,0.0764,-1,G,31.8607,-20.6854,-0.8211,24.2184,20.7017,0.9965,-3.1019,1,89.5627
173430,201835480,G,169.168,-46.4354,-7.7249,-162.487,47.0736,-1.9524,-2.9767,1,G,119.742,42.8809,1.9592,-111.784,42.9256,-1.6852,0.0457,-1,90.5489
173430,201531226,G,92.6357,-24.9092,-34.1957,-82.4108,42.3062,-1.4201,-2.2003,1,G,50.5545,18.3214,37.525,-28.4947,41.7588,-0.6382,1.1166,-1,90.2714
173430,200268219,G,92.8848,11.2376,-19.6716,90.0795,22.6551,2.0889,-1.0518,-1,G,42.6882,-35.5464,21.5619,9.6857,41.5747,0.2309,2.5963,1,88.5012
173430,200463193,G,90.0022,44.6605,24.756,-74.1145,51.0629,-1.1675,0.5061,1,G,65.423,-30.1352,-20.7278,-54.2437,36.5756,-1.1853,-2.5391,-1,86.3362
173430,200172225,G,61.979,-4.5227,-37.2613,-49.3206,37.5347,-1.087,-1.6916,-1,G,71.3128,1.9307,45.5309,-54.8518,45.5718,-1.0183,1.5284,1,82.7026
173430,200265429,G,82.9999,-40.4585,5.364,72.2724,40.8125,1.3362,3.0098,1,G,49.7361,39.4628,24.3907,17.929,46.392,0.3774,0.5536,-1,92.7157
173430,200692927,G,135.583,22.0078,24.0801,-131.6,32.622,-2.1029,0.8303,-1,G,95.8486,-52.4999,-10.7259,-79.4711,53.5843,-1.1853,-2.9401,1,88.8903
173430,201097705,G,83.3716,-8.7309,-32.6325,-76.2214,33.7803,-1.5528,-1.8322,1,G,63.27,13.5623,36.8763,-49.5911,39.2912,-1.0552,1.2184,-1,75.0573
173430,200445836,G,69.0396,11.0442,-34.1193,-58.9945,35.8623,-1.2726,-1.2577,-1,G,35.0953,-28.3572,15.7076,13.4466,32.4169,0.4037,2.6357,1,90.1706
173430,200821451,G,53.9454,-36.3188,-6.1354,39.4132,36.8334,0.93,-2.9742,1,G,48.7231,11.2285,-30.3462,-36.4274,32.3569,-0.9676,-1.2164,-1,92.5823
173430,202429619,G,53.206,32.4883,-25.3689,-33.6421,41.2198,-0.7452,-0.663,-1,G,38.0947,-19.4246,25.5829,20.4792,32.1217,0.6008,2.2202,1,89.3971
173430,203589960,G,50.4703,-35.975,6.4785,-34.8003,36.5537,-0.847,2.9634,1,G,41.2417,39.3894,-8.1468,9.109,40.223,0.2246,-0.204,-1,87.9579
173430,203551986,G,49.5154,-43.0176,-24.3437,2.9379,49.4281,0.0594,-2.6266,-1,G,43.236,38.6894,19.2958,0.3781,43.2342,0.0087,0.4626,1,92.4533
173430,201978938,G,127.594,45.5972,17.562,-117.867,48.8623,-1.6141,0.3676,1,G,52.1829,-31.538,-21.9767,-35.2905,38.4398,-0.8222,-2.533,-1,92.9799
173430,202943617,G,74.4896,2.4667,-31.9468,-67.2458,32.0419,-1.4869,-1.4937,-1,G,84.5496,27.6917,53.1967,-59.5978,59.9727,-0.8769,1.0908,1,88.561
173430,202179412,G,66.7961,39.0323,-34.7707,41.5835,52.2735,0.7291,-0.7277,-1,G,35.2832,-27.1773,20.5195,9.2323,34.0537,0.2679,2.4949,1,86.5696
173430,202205063,G,84.3177,40.304,11.9106,73.0972,42.027,1.3206,0.2873,1,G,99.0041,-42.2436,-11.898,88.7453,43.8872,1.4535,-2.867,-1,86.0823
173430,202434161,G,174.664,1.8808,-46.6233,168.316,46.6612,1.9948,-1.5305,1,G,51.0452,-36.4402,13.7445,32.9969,38.9461,0.7691,2.7809,-1,90.2353
173430,202522148,G,77.8569,-43.3715,24.5384,-59.8203,49.8319,-1.0163,2.6267,-1,G,65.1346,43.5571,-2.3778,-48.3697,43.622,-0.9563,-0.0545,1,90.8315
173430,202914831,G,42.2431,-32.3669,-27.1119,1.3411,42.2217,0.0318,-2.4443,1,G,53.1848,30.3331,28.1179,33.4349,41.3608,0.7392,0.7475,-1,88.8367
173430,202559704,G,34.5256,-20.704,-7.032,-26.719,21.8656,-1.03,-2.8142,1,G,49.6159,38.5253,26.0546,-17.2826,46.5085,-0.3635,0.5946,-1,66.8147
173430,203846739,G,39.0632,6.7671,-36.7955,-11.2345,37.4126,-0.2959,-1.3889,1,G,44.6391,-10.3434,37.3845,22.092,38.789,0.5425,1.8407,-1,82.9159
173430,204823899,G,168.065,6.6725,44.4727,-161.937,44.9705,-1.9931,1.4219,-1,G,97.2872,5.2699,-41.9536,-87.618,42.2833,-1.4754,-1.4458,1,89.3604
173430,204182055,G,107.638,51.3018,20.6235,92.3511,55.292,1.2856,0.3822,-1,G,43.8445,-31.9194,-4.2519,29.7558,32.2013,0.8266,-3.0092,1,85.9835
173430,204706759,G,83.0071,29.001,27.1097,-72.8984,39.6988,-1.3679,0.7517,1,G,34.9511,-23.5127,-25.4588,-4.5361,34.6554,-0.1305,-2.3165,-1,88.7986
173430,204509353,G,47.1359,8.6014,-41.1064,-21.4025,41.9966,-0.4898,-1.3645,1,G,43.6317,-7.5012,40.6632,13.9265,41.3493,0.3307,1.7532,-1,90.4515
173430,204581717,G,134.338,-36.8522,0.0752,-129.184,36.8522,-1.9672,3.1395,1,G,94.7968,49.8179,0.604,-80.6489,49.8216,-1.2589,0.0121,-1,91.1274
173430,205076130,G,91.8625,-15.5719,-18.2869,-88.6668,24.0186,-2.0171,-2.2762,1,G,28.0808,14.9455,20.2577,12.4409,25.1743,0.476,0.9352,-1,92.5836
173430,205189926,G,39.8491,-18.0256,-28.9549,-20.6067,34.1073,-0.5724,-2.1276,1,G,42.7046,18.6392,34.5802,16.747,39.2837,0.4143,1.0764,-1,82.2691
173430,207002803,G,62.2491,-8.9507,-54.3834,-28.9357,55.1151,-0.5035,-1.7339,-1,G,33.9213,-9.3348,29.7664,13.3217,31.1958,0.415,1.8747,1,89.8032
173430,206168113,G,74.8489,40.6051,-23.9435,-58.1402,47.1388,-1.0372,-0.5328,1,G,34.9396,-26.6164,22.0616,-5.0613,34.5709,-0.1459,2.4495,-1,88.6559
173430,206306815,G,124.76,-39.0091,6.5827,118.322,39.5606,1.8156,2.9744,1,G,121.465,43.5682,-8.2046,113.085,44.334,1.6659,-0.1861,-1,83.9898
173430,206109522,G,60.2307,-26.1459,26.5692,47.3096,37.2764,1.0595,2.3482,1,G,37.8253,19.6613,-26.7159,-18.178,33.1709,-0.5237,-0.9364,-1,93.4038
173430,206734018,G,155.643,42.8246,2.0673,-149.621,42.8745,-1.9629,0.0482,1,G,184.259,-43.1648,-4.9313,-179.063,43.4456,-2.1238,-3.0278,-1,86.5518
173430,206411531,G,193.749,-3.2416,-38.1466,-189.929,38.2841,-2.3048,-1.6556,-1,G,90.6817,4.2755,41.8154,-80.3515,42.0334,-1.4034,1.4689,1,88.5146
173430,206737412,G,38.7337,-0.5594,-37.4725,9.7871,37.4767,0.2583,-1.5857,1,G,56.9239,-8.0254,44.2594,34.8857,44.9811,0.7135,1.7502,-1,83.8746
173430,205677319,G,87.7655,-59.8309,-53.9272,-34.8554,80.5473,-0.4203,-2.408,1,G,30.8967,28.1397,-6.2943,11.0967,28.835,0.3759,-0.2201,-1,94.2618
173430,205452437,G,153.926,-25.8893,15.0105,150.989,29.9261,2.3213,2.6162,-1,G,32.8043,28.5464,14.6845,6.7513,32.1019,0.2088,0.4751,1,95.3804
173430,206447404,G,72.0542,27.743,-22.4726,62.5868,35.7028,1.3274,-0.6808,-1,G,102.359,-24.9086,53.5084,83.6285,59.0219,1.1478,2.0065,1,89.8317
173430,207069119,G,117.076,14.879,67.6677,-94.3736,69.2842,-1.1158,1.3544,1,G,65.2956,61.5929,7.1573,-20.4595,62.0073,-0.3242,0.1157,-1,92.8755
173430,205467766,G,80.0893,23.2659,-26.6625,71.8477,35.3863,1.4571,-0.8533,-1,G,32.8502,-22.0039,21.8147,-10.9121,30.9847,-0.3453,2.3605,1,94.9584
173430,205894994,G,45.5111,-37.024,-25.9863,-5.0183,45.2335,-0.1107,-2.5296,1,G,50.0707,47.8879,11.5719,8.9389,49.2662,0.1805,0.2371,-1,93.7801
173430,206765166,G,60.303,50.1907,3.8993,-33.1984,50.3419,-0.6191,0.0775,1,G,48.7544,-41.5509,0.0731,-25.5048,41.5509,-0.5806,3.1398,-1,91.4167
173430,207298807,G,96.6166,-37.2528,-30.0134,-83.9415,47.8391,-1.3282,-2.4634,-1,G,34.7357,20.4223,17.4314,-22.0372,26.85,-0.7488,0.7066,1,74.7019
173430,207901032,G,141.091,37.2544,33.2992,-131.947,49.9672,-1.6982,0.7294,-1,G,95.4993,-33.1262,-21.3414,-86.9902,39.4056,-1.5328,-2.5693,1,88.778
173430,208051055,G,57.2807,37.0755,-38.2422,-21.0713,53.2641,-0.3859,-0.8009,1,G,49.9996,-28.2576,28.3871,-29.927,40.054,-0.6909,2.3539,-1,93.4523
173430,208754108,G,58.1592,-23.2882,-21.9082,48.5816,31.9736,1.2055,-2.3867,-1,G,40.7917,33.2426,22.9673,-5.6022,40.4051,-0.1382,0.6046,1,88.5655
173430,207497788,G,50.9557,0.7088,-46.3882,21.0739,46.3936,0.4399,-1.5555,1,G,44.3229,3.7299,32.7475,-29.6344,32.9592,-0.8082,1.4574,-1,93.8028
173430,207768776,G,126.444,36.7176,18.2058,119.618,40.9833,1.7924,0.4603,1,G,130.466,-22.4983,-38.0064,122.762,44.1663,1.7463,-2.1053,-1,81.6094
173430,208316532,G,47.013,5.3287,-35.1734,30.7351,35.5747,0.7818,-1.4204,-1,G,43.5003,-19.9455,37.9375,-7.4293,42.8611,-0.1725,2.0548,1,86.1871
173430,207367444,G,52.7606,-31.0478,3.1923,-42.5383,31.2115,-1.1162,3.0391,-1,G,43.2406,35.8503,6.0823,23.3987,36.3626,0.6058,0.1681,1,93.4924
173430,208275618,G,109.941,9.9736,42.609,-100.856,43.7607,-1.5722,1.3409,1,G,60.1113,-1.2112,-42.3517,-42.6405,42.3691,-0.8859,-1.5994,-1,90.827
173430,209816984,G,43.9398,-34.3148,-26.8992,5.4429,43.6013,0.1245,-2.4768,1,G,47.8169,36.619,16.5108,25.9402,40.1691,0.6077,0.4236,-1,85.5639
173430,210271384,G,51.8621,23.0592,20.6881,41.5926,30.9794,1.1041,0.7313,1,G,66.8214,-53.5549,39.7123,-4.4599,66.6723,-0.0668,2.5035,-1,90.1595
173430,210078872,G,67.0359,-11.3977,37.5875,-54.3238,39.2776,-1.1281,1.8652,1,G,53.6215,36.2512,-32.9422,-21.8156,48.983,-0.4318,-0.7376,-1,90.1206
173430,210439499,G,130.313,21.5091,-40.1666,122.088,45.5631,1.7119,-1.0792,-1,G,85.2286,-24.5727,32.4535,74.8789,40.7069,1.3695,2.2189,1,87.1398
173430,210590476,G,41.5701,-36.4473,-19.9382,1.4567,41.5444,0.0351,-2.641,-1,G,46.3965,39.945,21.448,9.8486,45.339,0.2155,0.4928,1,87.1538
173430,209243899,G,68.8688,-13.2695,40.8794,53.8117,42.9791,1.0489,1.8847,-1,G,118.693,13.9935,-42.7291,109.848,44.9622,1.6259,-1.2543,1,91.6037
173430,210069408,G,64.8537,27.5892,-21.615,54.5675,35.0482,1.2259,-0.6646,-1,G,37.955,-28.3441,24.7297,-5.0619,37.6158,-0.1342,2.4242,1,90.0474
173430,210020728,G,90.4113,-18.2398,37.1151,80.3988,41.3548,1.4184,2.0276,-1,G,35.9631,20.9947,-29.0926,2.485,35.877,0.0692,-0.9457,1,95.02
173430,210431275,G,74.0397,32.9733,-16.075,-64.3134,36.6831,-1.3275,-0.4536,1,G,80.1599,-43.5596,19.7033,-64.3424,47.8085,-1.1061,2.7168,-1,84.2613
173430,209306547,G,48.0229,-5.7766,35.9935,-31.2616,36.454,-0.777,1.7299,-1,G,43.3887,16.4595,-35.7449,18.2745,39.3524,0.4491,-1.1393,1,89.8511
173430,209666560,G,43.4218,29.6317,-31.1017,6.3308,42.9576,0.1468,-0.8096,1,G,49.3614,-37.4827,31.8029,4.491,49.1566,0.0912,2.438,-1,91.8122
173430,209257179,G,38.6161,15.4125,-33.3726,-11.8286,36.7597,-0.3165,-1.1381,-1,G,58.9455,-31.4889,49.1309,-8.3164,58.3558,-0.142,2.1408,1,92.7667
173430,210211896,G,64.9113,1.9699,37.5663,-52.8994,37.618,-1.1416,1.5184,1,G,36.5793,9.8341,-28.6925,20.4468,30.3309,0.6313,-1.2406,-1,95.0215
173430,210200073,G,70.3268,44.7066,-5.5869,53.9995,45.0544,1.015,-0.1243,1,G,62.8045,-45.5777,9.3034,42.1962,46.5175,0.8141,2.9402,-1,91.9552
173430,210255260,G,151.561,-40.9157,26.8692,-143.439,48.9495,-1.7962,2.5605,-1,G,93.1259,33.0628,-22.027,-84.2264,39.7283,-1.4961,-0.5877,1,89.1917
173430,209605884,G,123.855,18.533,24.5822,119.968,30.7857,2.0694,0.9248,-1,G,50.1639,-22.1694,-29.3971,34.0696,36.8194,0.8276,-2.2169,1,80.7381
173430,209861747,G,124.79,17.0109,27.4996,-120.528,32.3357,-2.0264,1.0168,-1,G,30.341,-16.7561,-25.0661,-3.3888,30.1509,-0.1122,-2.1601,1,93.2969
173430,210804865,G,92.0858,24.0946,-3.5697,88.8059,24.3576,2.0051,-0.1471,-1,G,34.1927,-25.9503,0.7,22.2536,25.9597,0.7767,3.1146,1,60.003
173430,211093450,G,88.6186,-31.1547,14.3416,-81.7126,34.2972,-1.6027,2.7102,1,G,95.916,55.3514,-4.8111,-78.1853,55.5601,-1.1422,-0.0867,-1,88.3707
173430,211157232,G,66.7821,-36.2978,26.3886,-49.4566,44.8764,-0.9517,2.513,-1,G,43.0555,32.3788,-20.2466,19.8861,38.1878,0.4997,-0.5588,1,105.531
173430,212087673,G,70.9677,-24.3062,-14.2947,-65.1251,28.1981,-1.5741,-2.61,1,G,38.6382,16.9483,34.2519,5.6976,38.2156,0.1485,1.1113,-1,89.6069
173430,212079808,G,96.8752,-51.2966,10.3834,81.5208,52.337,1.2263,2.9419,-1,G,80.3029,43.995,0.9122,67.1726,44.0045,1.2094,0.0207,1,95.4017
173430,211685654,G,45.1905,28.8171,-34.302,-5.9268,44.8001,-0.1319,-0.8721,1,G,44.7591,-28.0153,28.8264,19.6862,40.1973,0.472,2.3419,-1,88.7186
173430,211206460,G,202.444,-13.879,-49.9284,195.699,51.8215,2.039,-1.8419,-1,G,71.4087,4.8655,33.7416,62.7457,34.0906,1.37,1.4276,1,88.6476
173430,210704010,G,212.053,34.062,-26.7228,207.587,43.2935,2.2714,-0.6652,-1,G,52.1921,-24.5328,20.0783,41.4609,31.7017,1.0832,2.4557,1,87.5553
173430,212564242,G,71.7867,-23.8667,-36.347,57.1191,43.4825,1.0867,-2.1518,1,G,130.365,23.7292,33.1084,123.838,40.7338,1.8311,0.9489,-1,90.0524
173430,213102161,G,79.3973,-44.0689,-2.2466,-66.0061,44.1261,-1.1925,-3.0907,-1,G,42.302,31.4943,24.7841,-13.539,40.0767,-0.3317,0.6667,1,88.4151
173430,213668972,G,74.2433,-14.2586,35.5298,63.6112,38.2841,1.2812,1.9524,-1,G,38.7636,22.5488,-31.3536,3.3341,38.6198,0.0862,-0.9473,1,90.5689
173430,213314222,G,55.0265,24.1633,-31.6832,-37.9501,39.8459,-0.8473,-0.9192,1,G,42.5891,-26.159,32.7039,7.7449,41.8788,0.1839,2.2455,-1,92.7977
173430,212982252,G,106.53,38.373,-8.3216,99.0301,39.2649,1.6554,-0.2136,1,G,24.1054,-22.9213,6.0425,-4.3773,23.7044,-0.1836,2.8838,-1,88.6712
173430,214071367,G,59.1286,-39.863,-5.9155,43.2681,40.2995,0.9325,-2.9943,-1,G,42.0425,41.3107,1.931,7.5667,41.3558,0.182,0.0467,1,87.3695
173430,213723007,G,57.0775,38.2475,30.0028,-29.913,48.6111,-0.5819,0.6652,-1,G,35.9182,-30.4977,7.6603,17.3586,31.445,0.5273,2.8955,1,83.7378
173430,212561971,G,126.971,-46.6304,-11.0371,-117.582,47.9188,-1.6299,-2.9092,1,G,81.0064,42.8711,2.7085,-68.6787,42.9566,-1.2483,0.0631,-1,92.0775
173430,212647782,G,57.9323,-22.1109,-19.1214,50.0162,29.2322,1.3064,-2.4286,1,G,40.7988,26.2318,21.8748,-22.3141,34.1557,-0.614,0.6951,-1,94.6354
173430,213481001,G,79.6275,13.8235,-41.3935,-66.6034,43.6407,-1.2092,-1.2485,-1,G,170.424,-10.1913,36.1204,-166.24,37.5306,-2.1939,1.8458,1,90.9319
173430,212566117,G,88.051,30.5333,-8.3117,82.1681,31.6443,1.6825,-0.2658,1,G,38.2393,-26.9854,23.6119,13.2855,35.8571,0.3625,2.4228,-1,81.186
173430,212904037,G,100.189,47.7282,38.5901,79.1872,59.1066,1.0718,0.6797,-1,G,31.9173,3.435,-31.2927,-5.2603,31.4807,-0.1663,-1.4615,1,96.519
173430,214177793,G,105.276,-42.0761,36.6387,-89.2765,55.7924,-1.2491,2.4252,-1,G,75.7159,49.7044,13.5272,-55.492,51.5123,-0.935,0.2657,1,96.0491
173430,214936100,G,73.5294,-45.2303,-5.826,-57.6788,45.604,-1.0568,-3.0135,1,G,46.2077,39.4539,13.8043,-19.697,41.7992,-0.4553,0.3366,-1,90.8457
173430,214396107,G,45.6855,-11.4069,-27.8675,-34.3576,30.1117,-0.9777,-1.9593,1,G,38.8508,22.7101,31.0461,5.4561,38.4656,0.1414,0.9392,-1,78.5699
173430,215537313,G,45.3682,-23.011,-32.6392,-21.5276,39.9353,-0.5159,-2.1849,-1,G,44.8532,22.652,31.365,22.6919,38.6895,0.5572,0.9453,1,90.2042
173430,214494324,G,39.5459,5.3627,-38.7687,5.665,39.1379,0.1442,-1.4333,-1,G,45.1045,-5.0673,42.2747,14.8856,42.5773,0.3429,1.6901,1,82.0425
173430,214358188,G,139.696,-39.9319,-17.9099,-132.664,43.7643,-1.8283,-2.72,1,G,39.9994,14.575,27.3622,-25.275,31.0019,-0.7445,1.0814,-1,81.3236
173430,214646593,G,33.0745,-5.777,-20.2373,-25.5145,21.0457,-1.0238,-1.8489,-1,G,61.0942,2.9434,31.58,52.2162,31.7168,1.2733,1.4779,1,89.5437
173430,215762607,G,48.7003,-37.805,-30.6928,0.6653,48.6957,0.0137,-2.4596,-1,G,53.0321,35.3272,21.5328,33.1771,41.3723,0.7342,0.5474,1,95.4679
173430,214362811,G,65.8875,44.7223,-30.8646,-37.2619,54.3388,-0.6409,-0.6041,1,G,51.2741,-32.1453,36.0462,-17.2155,48.2975,-0.3493,2.299,-1,102.83
173430,215435142,G,126.141,22.0567,36.3712,-118.752,42.5366,-1.7505,1.0257,-1,G,52.3554,-19.0868,-33.472,-35.4457,38.5316,-0.8236,-2.089,1,89.8144
173430,215011071,G,73.3129,33.0014,-16.1531,-63.441,36.7425,-1.3142,-0.4552,-1,G,31.151,-24.9449,15.5871,10.2549,29.4144,0.3419,2.5831,1,89.5473
173430,216114697,G,124.433,76.7222,-32.0348,92.5804,83.1416,0.9594,-0.3955,-1,G,50.1446,-3.6034,33.8447,36.8242,34.036,0.9381,1.6769,1,91.5549
173430,216869411,G,53.7566,-34.7098,-30.7643,-27.1763,46.3812,-0.5567,-2.4164,1,G,51.0969,33.4631,33.5294,-19.1542,47.3708,-0.3941,0.7864,-1,94.0136
173430,216962484,G,78.4731,-32.7572,-46.3834,54.1625,56.7843,0.8483,-2.1857,1,G,31.7124,2.2747,31.6306,0.0112,31.7122,0.0004,1.499,-1,89.7733
173430,216959044,G,249.082,-33.3804,-39.7088,-243.62,51.8752,-2.2511,-2.2698,1,G,103.996,21.8368,26.8021,-98.0819,34.5717,-1.7656,0.8871,-1,87.2025
173430,217137280,G,174.911,35.5978,-2.9628,-171.225,35.7209,-2.2711,-0.083,1,G,68.4982,-40.3052,4.0792,-55.2344,40.5111,-1.1165,3.0407,-1,89.1119
173430,217184568,G,127.665,13.594,-51.4003,-116.067,53.1676,-1.5226,-1.3122,1,G,37.7973,-6.6763,28.8968,-23.4314,29.658,-0.7249,1.7978,-1,85.8122
173430,216603419,G,54.6099,17.5926,-14.991,49.4772,23.1135,1.5048,-0.7057,-1,G,47.012,3.4643,43.3049,-17.9666,43.4432,-0.4026,1.491,1,89.9389
173430,216962578,G,81.0095,32.9059,6.9448,73.6988,33.6307,1.5261,0.208,-1,G,35.1742,-32.6322,-11.1611,6.9125,34.4881,0.1991,-2.812,1,83.5621
173430,217023622,G,51.436,36.9516,-35.7744,-0.6456,51.4318,-0.0126,-0.7692,-1,G,58.934,-39.6835,-11.2221,42.101,41.2397,0.8961,-2.866,1,90.8122
173430,217051982,G,188.547,24.8635,28.8845,-184.655,38.1117,-2.2816,0.8601,1,G,34.5587,-22.0548,-20.5609,-16.8857,30.1524,-0.5342,-2.3912,-1,95.2909
173430,215931445,G,90.7728,-37.9461,-4.9667,82.311,38.2698,1.5091,-3.0114,1,G,40.1772,37.0039,0.0346,-15.6497,37.0039,-0.4112,0.0009,-1,112.601
173430,216828652,G,43.1839,6.6412,29.5627,30.7698,30.2995,0.8923,1.3498,-1,G,62.9432,8.7916,-61.5846,9.5856,62.2089,0.1535,-1.429,1,91.4923
173430,217113163,G,62.7939,-7.3323,-34.3026,52.0829,35.0775,1.1863,-1.7814,-1,G,34.5789,3.5573,31.0372,-14.8232,31.2404,-0.4583,1.4567,1,89.8235
173430,216088941,G,78.0379,41.4352,-18.6014,63.4588,45.419,1.1363,-0.422,-1,G,52.479,-33.3712,21.8628,34.0943,39.8951,0.7747,2.5616,1,86.2693
173430,217558274,G,87.9621,-12.0643,47.9794,72.7306,49.473,1.1781,1.8171,1,G,33.1191,0.096,-32.5311,6.2115,32.5312,0.1898,-1.5678,-1,89.7045
173430,216014057,G,76.7603,0.751,49.4452,-58.7089,49.4509,-1.0078,1.5556,-1,G,59.911,-13.0964,-41.2776,-41.4001,43.3054,-0.8499,-1.878,1,91.8593
173430,216154997,G,44.3301,-41.8429,-8.6447,11.8145,42.7266,0.2731,-2.9379,-1,G,44.4104,40.2923,1.8782,-18.5816,40.3361,-0.4458,0.0466,1,88.2094
173430,217171617,G,27.0448,16.6083,-18.0683,-11.3628,24.5417,-0.4479,-0.8275,1,G,80.2581,-56.3621,48.3294,30.4786,74.2456,0.3998,2.4328,-1,93.0183
173430,216057296,G,40.2784,-39.988,0.5013,-4.8007,39.9911,-0.1198,3.1291,-1,G,56.5983,43.8151,3.2563,35.6789,43.936,0.7421,0.0742,1,91.667
173430,216806259,G,57.253,23.4662,-38.2674,35.5364,44.8894,0.7261,-1.0207,-1,G,40.9396,-19.4917,35.9871,1.0235,40.9267,0.025,2.0672,1,91.0174
173430,216859791,G,137.542,-35.8686,0.5493,-132.782,35.8728,-2.0196,3.1263,-1,G,65.5077,36.0072,-4.5698,-54.533,36.296,-1.1961,-0.1262,1,78.2705
173430,217568684,G,50.6987,5.0814,-39.6305,-31.2083,39.9549,-0.7178,-1.4433,1,G,41.7933,-2.7662,32.8417,25.6991,32.958,0.7168,1.6548,-1,92.0488
173430,218491710,G,87.6729,1.4782,23.0986,-84.5624,23.1459,-2.0071,1.5069,-1,G,30.14,9.6854,-26.4462,10.7331,28.164,0.3724,-1.2197,1,91.0675
173430,217608335,G,105.925,38.9062,36.8446,91.3717,53.5837,1.3035,0.7582,-1,G,40.1822,-20.2997,-24.9223,24.1122,32.1434,0.6933,-2.2543,1,86.7313
173430,218274733,G,137.614,-15.7395,91.8699,101.241,93.2084,0.941,1.7405,1,G,98.552,28.6836,4.3846,94.1834,29.0168,1.8934,0.1517,-1,90.2835
173430,218100772,G,76.0285,-36.1635,-27.8235,60.8143,45.6283,1.0983,-2.4858,1,G,50.5321,32.8561,28.6419,25.5657,43.5876,0.5572,0.717,-1,92.4363
173430,218345204,G,83.6128,-36.7653,-8.9812,74.5569,37.8464,1.4301,-2.902,-1,G,40.306,39.0316,0.9431,10.0103,39.043,0.2537,0.0242,1,90.1914
173430,218706331,G,120.567,4.6847,37.7459,114.41,38.0355,1.821,1.4473,1,G,54.7562,-10.4322,-38.5399,37.471,39.9269,0.8372,-1.8352,-1,87.388
173430,219005581,G,41.6755,14.0345,-18.1669,34.7827,22.9566,1.2031,-0.913,-1,G,60.4801,-38.3789,46.1232,-7.5859,60.0024,-0.1261,2.2648,1,91.2245
173430,217968819,G,78.4501,-40.9269,-1.0472,-66.9201,40.9403,-1.2672,-3.116,-1,G,38.1932,36.5367,-7.6375,-8.0897,37.3264,-0.2151,-0.2061,1,88.7946
173430,218464463,G,46.1263,-43.3369,-14.19,6.941,45.6009,0.1516,-2.8252,1,G,48.5799,42.5398,9.6611,21.3782,43.6231,0.4723,0.2233,-1,90.256
173430,219362527,G,58.5475,21.3413,-6.9589,-54.0733,22.4472,-1.6129,-0.3152,-1,G,37.7443,-19.0458,13.6815,29.5752,23.4505,1.0546,2.5187,1,92.852
173430,220550048,G,102.296,-19.9035,-21.3746,-98.0376,29.2066,-1.9256,-2.3206,-1,G,26.8152,9.9573,24.4745,4.5709,26.4225,0.1721,1.1844,1,88.4593
173430,219617436,G,137.719,-12.146,46.3073,-129.131,47.8737,-1.7181,1.8273,1,G,64.0504,9.7396,-38.5106,-50.2445,39.7231,-1.0569,-1.3231,-1,92.0272
173430,220896093,G,49.376,-16.4031,-46.5422,1.6539,49.3482,0.0335,-1.9096,1,G,42.54,17.1324,34.9721,17.1194,38.9432,0.4265,1.1153,-1,89.2284
173430,220566423,G,78.0337,-33.2374,-17.3485,68.4365,37.4926,1.3627,-2.6605,1,G,32.4572,28.3125,15.7208,-2.1716,32.3843,-0.067,0.5069,-1,88.2627
173430,220552847,G,69.5746,-1.4157,44.5043,-53.46,44.5268,-1.0164,1.6026,-1,G,62.2376,-9.2321,-47.8236,-38.7451,48.7065,-0.7291,-1.7615,1,93.5322
173430,220952035,G,66.3236,23.8663,-34.2981,51.5058,41.7847,1.0367,-0.9629,1,G,58.9448,-22.8367,37.9702,38.8746,44.3086,0.7919,2.1123,-1,86.6546
173430,220171597,G,79.5195,-29.9853,19.0425,-71.145,35.5209,-1.4449,2.5758,1,G,33.8537,28.9376,-17.5389,1.0308,33.8378,0.0305,-0.5449,-1,89.0737
173430,221877637,G,49.6721,-1.4326,-41.6673,-27.0017,41.6919,-0.6093,-1.6052,-1,G,43.1685,-6.7543,38.4718,18.3796,39.0603,0.4547,1.7446,1,92.0207
173430,221440896,G,43.8966,28.0893,-21.2728,-26.1795,35.2354,-0.6875,-0.6482,-1,G,55.339,-22.9999,35.6797,35.5015,42.4504,0.7608,2.1434,1,97.6082
173430,222453067,G,56.8313,12.9801,-47.5989,-28.2071,49.337,-0.5444,-1.3046,1,G,49.9866,-27.6566,39.4336,13.37,48.1653,0.2741,2.1824,-1,104.441
173430,222306499,G,74.5043,-21.5355,36.7619,-61.1201,42.6053,-1.1579,2.1007,-1,G,48.9596,30.046,-31.8879,-21.8501,43.8132,-0.4801,-0.8151,1,90.9015
173430,222547325,G,116.706,8.0451,-32.8236,111.705,33.7952,1.9108,-1.3304,-1,G,46.0761,-11.3439,37.7161,23.9126,39.3851,0.5749,1.863,1,89.838
173430,221749677,G,67.9369,-0.6966,40.2509,-54.7247,40.2569,-1.1141,1.5881,1,G,54.7731,42.4257,28.2218,20.0917,50.955,0.3847,0.587,-1,86.1886
173430,221230919,G,69.8609,31.5452,-26.6717,56.3388,41.3096,1.1168,-0.7019,-1,G,46.1713,-29.5347,31.1018,17.0926,42.8908,0.3887,2.3304,1,89.7087
173430,221711843,G,151.98,-25.521,-23.4746,147.971,34.6753,2.1576,-2.3979,-1,G,48.1209,21.5549,29.8203,31.012,36.7949,0.7658,0.9449,1,89.1589
173430,221407951,G,70.3036,-15.7325,-35.4756,-58.6221,38.8076,-1.2006,-1.9882,-1,G,47.2836,8.7699,42.5767,-18.6021,43.4706,-0.4158,1.3677,1,88.1151
173430,221772404,G,92.1244,-5.0322,46.821,-79.1794,47.0907,-1.2914,1.6779,1,G,79.4912,-12.5318,-43.6191,-65.2623,45.3836,-1.1599,-1.8506,-1,90.9384
173430,223493577,G,60.3165,-35.8249,-25.5764,41.2371,44.0179,0.836,-2.5216,-1,G,46.8631,30.9052,22.0111,27.5049,37.9424,0.673,0.6189,1,82.0067
173430,223395201,G,85.6643,-44.9687,8.0424,72.4672,45.6822,1.2417,2.9646,1,G,53.477,44.0331,-7.6289,29.3713,44.689,0.6173,-0.1716,-1,94.8061
173430,223103373,G,72.5811,-34.2571,0.4425,-63.9864,34.26,-1.3828,3.1287,-1,G,32.6256,18.9462,-17.8183,19.6969,26.0087,0.699,-0.7547,1,92.5773
173430,223053198,G,134.583,-10.6768,29.8622,130.793,31.7135,2.1244,1.9142,1,G,36.0847,14.6036,-28.9306,15.8697,32.4075,0.472,-1.1033,-1,87.185
173430,223767422,G,138.289,2.1953,-40.0843,132.334,40.1444,1.9082,-1.5161,1,G,42.8887,-7.4159,27.1232,32.3846,28.1187,0.9847,1.8377,-1,74.1478
173430,223283800,G,106.795,-30.7958,25.5883,-99.0051,40.0392,-1.637,2.4483,1,G,42.4744,15.9604,-36.0265,-15.8562,39.4036,-0.3923,-1.1538,-1,93.5905
173430,223137141,G,37.2522,-13.8514,-17.1866,30.0079,22.0735,1.1142,-2.2492,1,G,103.338,15.2854,89.0271,50.1914,90.3298,0.5304,1.4008,-1,90.3905
173430,223032194,G,53.5152,-23.2322,45.9628,14.545,51.5006,0.2788,2.0388,-1,G,38.9316,27.9155,-19.8286,-18.5259,34.241,-0.5176,-0.6176,1,88.4626
167807,1052280863,G,98.1628,92.425,-3.1355,32.9197,92.4782,0.3489,-0.0339,-1,G,47.852,-6.0256,34.248,32.872,34.774,0.8422,1.745,1,92.5145
167807,1052371967,G,80.83,-24.8062,6.7349,-76.634,25.7042,-1.8125,2.8765,-1,G,52.0252,-24.4533,-45.7912,3.4369,51.9114,0.0662,-2.0613,1,91.3279
167807,1052817202,G,169.292,-1.8307,41.2905,-164.17,41.3311,-2.0879,1.6151,-1,G,145.051,-7.8609,-48.6781,-136.412,49.3087,-1.7419,-1.7309,1,91.1787
167807,1052273801,G,65.1581,44.7136,-12.6079,-45.6869,46.4572,-0.8696,-0.2748,1,G,61.4496,-42.6448,13.8857,-42.0077,44.8485,-0.8359,2.8268,-1,91.2865
167807,1051995952,G,93.075,25.607,-38.1678,-80.9347,45.962,-1.3313,-0.9799,1,G,44.4555,-23.1876,31.4364,-21.222,39.0629,-0.5196,2.2063,-1,91.8012
167807,1052416416,G,159.533,-60.3128,32.221,144.135,68.38,1.4909,2.6509,-1,G,63.4232,18.0415,-24.8854,55.4772,30.7373,1.3528,-0.9435,1,89.5753
167807,1052722504,G,54.2757,21.6758,-17.3247,-46.6461,27.7486,-1.2912,-0.6743,1,G,40.3814,-22.7156,16.1792,29.2041,27.8885,0.9143,2.5227,-1,93.0234
167807,1053038464,G,78.7343,-27.0845,-16.1314,72.1477,31.5244,1.5657,-2.6044,-1,G,203.087,-22.8298,95.7481,177.638,98.4322,1.3527,1.8049,1,90.5532
167807,1052435221,G,51.0634,-50.4898,7.1575,-2.6482,50.9946,-0.0519,3.0008,-1,G,43.869,34.0906,-0.7543,27.5997,34.0989,0.74,-0.0221,1,89.8869
167807,1052893325,G,55.1258,26.8857,-22.4748,-42.5545,35.0422,-1.0251,-0.6963,-1,G,40.0472,-29.396,20.7378,17.5952,35.9747,0.4714,2.5272,1,91.7911
167807,1052024537,G,50.3625,-24.4959,-37.0948,-23.6705,44.4531,-0.5101,-2.1544,-1,G,42.3265,26.4574,32.5839,5.4602,41.9727,0.1297,0.8888,1,90.7493
167807,1052703347,G,81.3222,-6.0064,-31.3085,74.813,31.8795,1.5888,-1.7603,-1,G,31.1025,22.3855,16.1996,-14.2764,27.6322,-0.4961,0.6264,1,92.0764
167807,1054220532,G,50.056,-2.5259,-42.6227,26.125,42.6975,0.579,-1.63,1,G,39.6012,10.08,38.2829,-1.0297,39.5877,-0.026,1.3133,-1,85.6314
167807,1054368628,G,109.598,24.2792,-6.4211,-106.682,25.114,-2.1532,-0.2585,-1,G,30.5796,18.4527,-17.0221,17.46,25.1048,0.649,-0.7451,1,96.5073
167807,1053927152,G,62.561,-23.6485,36.0479,45.3339,43.1127,0.9173,2.1514,-1,G,40.842,18.7733,-35.4712,7.5774,40.1328,0.1877,-1.084,1,88.7044
167807,1053187155,G,46.9989,20.5941,20.331,-37.0326,28.939,-1.066,0.779,1,G,58.025,-52.8999,-23.8303,0.7745,58.0197,0.0133,-2.7183,-1,93.0561
167807,1053806550,G,135.053,78.2578,23.3791,-107.557,81.6753,-1.0887,0.2903,1,G,37.4612,-25.8259,11.5816,-24.5402,28.3039,-0.7842,2.72,-1,91.3247
167807,1055365388,G,70.2357,-1.3465,-32.285,62.3611,32.3131,1.4118,-1.6125,-1,G,31.9557,5.2887,28.0572,-14.3519,28.5513,-0.4836,1.3845,1,90.0266
167807,1054860340,G,167.243,39.6441,-16.0201,-161.685,42.7586,-2.0403,-0.384,-1,G,47.2049,-28.4745,16.8635,-33.6618,33.0934,-0.8935,2.6069,1,87.7623
167807,1054380278,G,83.3257,-26.3556,-44.0833,-65.614,51.361,-1.0647,-2.1096,-1,G,65.8709,21.5363,35.6302,-51.0455,41.6332,-1.0326,1.0271,1,92.4959
167807,1055101518,G,40.5464,-22.1822,-33.9384,-0.3614,40.5446,-0.0089,-2.1497,1,G,58.5124,6.998,41.71,40.4351,42.293,0.85,1.4046,-1,88.9707
167807,1054490271,G,46.9195,-21.1224,-34.5369,23.7165,40.484,0.5566,-2.1197,-1,G,64.6872,42.1417,31.4378,37.6851,52.5762,0.6664,0.6409,1,90.7441
167807,1054484575,G,92.5332,36.2038,-13.3709,84.1005,38.594,1.521,-0.3538,1,G,40.7454,-34.7028,15.8163,14.3435,38.1371,0.3678,2.714,-1,89.7983
167807,1054555637,G,59.45,7.9704,42.6509,-40.6406,43.3893,-0.8359,1.3861,-1,G,66.025,-8.1605,-47.0623,-45.5833,47.7645,-0.8487,-1.7425,1,91.0489
167807,1054445609,G,123.492,-30.0613,-27.3232,116.619,40.6231,1.7768,-2.4039,-1,G,53.4324,32.8406,18.9886,37.6289,37.9351,0.8757,0.5242,1,86.2125
167807,1055262331,G,99.0072,-31.0948,17.4595,-92.3617,35.6612,-1.6801,2.63,1,G,41.0021,34.1424,-17.1513,-14.8758,38.2083,-0.3801,-0.4655,-1,89.963
167807,1055179910,G,44.6659,-33.7688,-6.8547,-28.4203,33.6288,-0.7519,-2.9412,1,G,30.1613,21.8696,0.7729,20.7561,21.8832,0.8445,0.0353,-1,73.2242
167807,1059206517,G,121.14,-43.0647,-28.4823,-109.586,51.6315,-1.4971,-2.5573,1,G,80.915,30.3149,24.3779,-70.9504,38.9008,-1.362,0.6773,-1,89.7411
167807,1060016957,G,92.6495,-5.1402,35.9748,85.225,36.3402,1.5881,1.7127,1,G,40.8467,23.5071,-32.621,7.1928,40.2083,0.1779,-0.9464,-1,94.5072
167807,1059626788,G,223.679,49.6722,-8.3665,217.934,50.3719,2.171,-0.1669,1,G,133.287,-45.0599,6.0017,125.296,45.4579,1.7384,3.0092,-1,97.9373
167807,1060029444,G,92.725,-39.7603,19.375,-81.4963,44.2298,-1.3709,2.6882,1,G,136.672,40.2164,-21.5975,-128.824,45.6488,-1.7606,-0.4928,-1,91.5618
167807,1059638889,G,146.692,14.6592,29.9309,-142.856,33.3279,-2.1619,1.1154,1,G,32.5169,-26.3039,-16.2224,-10.1132,30.9041,-0.3217,-2.589,-1,91.6123
167807,1060079923,G,211.023,51.2294,-5.0235,-204.649,51.4751,-2.0888,-0.0977,-1,G,21.3894,-14.2787,14.829,-5.8062,20.586,-0.2784,2.3373,1,90.9001
167807,1059629431,G,69.3724,46.0773,-8.8054,51.1064,46.9111,0.9432,-0.1888,-1,G,30.7075,-23.5957,-4.1831,-19.2012,23.9637,-0.7337,-2.9661,1,91.2356
167807,1059285402,G,134.665,-74.2577,5.3366,112.214,74.4492,1.1988,3.0699,-1,G,48.0646,25.0047,9.2238,39.9985,26.6517,1.1952,0.3534,1,87.0839
167807,1060089818,G,80.6427,25.9346,-35.5986,-67.5527,44.0439,-1.2133,-0.9412,-1,G,103.182,-24.3195,40.1318,-91.894,46.9255,-1.4248,2.1156,1,91.3515
167807,1060037893,G,92.3532,-37.4354,-15.9474,82.9059,40.6906,1.4603,-2.7389,1,G,51.8444,39.3608,14.7574,30.3443,42.0363,0.6705,0.3587,-1,89.2313
167807,1060153117,G,77.6959,-23.5769,-31.8458,66.8327,39.6236,1.294,-2.2081,1,G,181.279,26.6844,33.2415,176.196,42.6269,2.1266,0.8944,-1,89.4062
167807,1059222171,G,63.9198,43.7281,-10.276,-45.4752,44.9192,-0.8901,-0.2308,-1,G,45.8333,-34.4051,24.7883,-17.3926,42.4049,-0.3994,2.5173,1,88.2941
167807,1061264920,G,244.587,43.6147,-17.3609,-240.04,46.943,-2.3344,-0.3788,1,G,152.032,-40.3714,13.9441,-145.909,42.7117,-1.9424,2.809,-1,91.2574
167807,1060423381,G,167.361,-32.8954,18.3817,163.064,37.6828,2.1712,2.632,1,G,42.4123,29.9097,-19.1917,23.149,35.5375,0.6124,-0.5705,-1,96.541
167807,1061070869,G,156.335,-39.8966,-9.0205,150.889,40.9036,2.0164,-2.9192,1,G,43.7061,28.7907,18.2537,27.3517,34.0896,0.7345,0.5651,-1,89.6554
167807,1060978441,G,84.7403,3.8816,44.1926,-72.2001,44.3628,-1.2635,1.4832,1,G,188.15,-15.4112,-33.8762,-184.432,37.217,-2.3037,-1.9977,-1,91.4851
167807,1061178449,G,55.9101,0.1023,-51.178,-22.5105,51.1781,-0.4268,-1.5688,1,G,49.0084,14.7491,43.8378,-16.2027,46.2524,-0.3435,1.2463,-1,96.0975
167807,1061223657,G,38.4457,19.139,-15.6167,-29.4598,24.7018,-1.0112,-0.6844,-1,G,48.1513,-25.2107,21.1701,35.1394,32.9204,0.9282,2.4431,1,86.0178
167807,1061999373,G,130.078,-0.3851,39.362,-123.979,39.3639,-1.8647,1.5806,-1,G,55.5114,-4.8326,-40.3315,-37.8355,40.62,-0.8321,-1.6901,1,90.727
167807,1062148537,G,50.2381,33.6022,1.6063,-37.3118,33.6406,-0.9565,0.0478,-1,G,42.0765,-26.8459,-4.8593,32.0328,27.2822,0.9993,-2.9625,1,91.858
167807,1062592994,G,105.269,-4.079,-44.592,95.2703,44.7782,1.4993,-1.662,1,G,76.1722,4.7954,43.7472,62.1722,44.0092,1.1454,1.4616,-1,90.1747
167807,1062530525,G,50.0801,6.4159,-44.3226,-22.4131,44.7845,-0.4816,-1.427,-1,G,50.0353,5.6293,46.5897,-17.356,46.9285,-0.3619,1.4506,1,91.0564
167807,1062004099,G,148.886,-11.5727,-38.7131,143.298,40.4058,1.9784,-1.8613,-1,G,35.3553,2.0927,31.1537,16.5848,31.2239,0.5089,1.5037,1,90.7482
167807,1062239371,G,227.442,-50.8897,-7.6486,221.543,51.4613,2.1662,-2.9924,1,G,28.3772,5.1148,25.1847,12.0342,25.6989,0.4527,1.3704,-1,92.0977
167807,1063220776,G,124.586,-3.8664,45.3857,-115.961,45.5501,-1.6641,1.6558,-1,G,89.4905,-0.259,-43.2139,-78.3647,43.2147,-1.3569,-1.5768,1,89.6923
167807,1063702810,G,70.0265,-6.0448,25.0979,-65.0942,25.8156,-1.6552,1.8071,1,G,53.168,45.0575,-27.2327,-7.4177,52.6479,-0.1404,-0.5436,-1,91.6099
167807,1063175053,G,49.2097,-26.9179,-41.13,2.3082,49.1554,0.0469,-2.1503,-1,G,44.8326,31.2913,31.7841,4.5364,44.6024,0.1015,0.7932,1,93.2236
167807,1063183613,G,68.7267,-39.2086,20.8316,52.4602,44.399,1.0041,2.6532,1,G,44.55,36.6419,-18.4957,17.3197,41.0453,0.4104,-0.4675,-1,89.1646
167807,1063609336,G,85.8778,23.8976,2.9365,-82.4334,24.0773,-1.9445,0.1223,-1,G,28.1678,-23.238,2.6425,15.6979,23.3878,0.6289,3.0284,1,92.3104
167807,1062852291,G,86.2959,19.8347,-20.4694,81.4528,28.5028,1.7725,-0.8011,-1,G,34.4335,-18.3488,28.9568,-3.2367,34.2809,-0.0943,2.1356,1,91.5618
167807,1063985049,G,29.0569,-25.4189,-11.8461,7.6052,28.0437,0.268,-2.7055,-1,G,71.2439,55.3375,-15.9199,-41.9524,57.5819,-0.6759,-0.2801,1,84.9379
167807,1063269871,G,106.681,-29.2284,31.3728,-97.6848,42.8783,-1.5615,2.3208,-1,G,97.0049,23.844,-42.1719,-84.0412,48.4459,-1.3183,-1.0562,1,91.2034
167807,1064744792,G,85.4692,-21.1529,-30.5878,-76.9539,37.1895,-1.4742,-2.1758,-1,G,68.5387,28.274,41.0771,-47.0192,49.8673,-0.8404,0.968,1,90.4896
167807,1064012867,G,39.421,35.9086,-15.7706,3.9828,39.2191,0.1014,-0.4138,1,G,56.8466,-38.4972,31.9468,26.998,50.0263,0.5164,2.4489,-1,89.662
167807,1064319470,G,42.113,38.7753,-7.8099,-14.456,39.554,-0.3578,-0.1988,-1,G,66.4929,-51.0585,6.3972,-42.1118,51.4577,-0.747,3.017,1,91.8829
167807,1064879661,G,93.2685,12.4965,32.4246,86.5534,34.7494,1.6438,1.2029,-1,G,36.4408,20.1076,-30.3661,1.2255,36.42,0.0336,-0.9859,1,89.7335
167807,1065110366,G,46.129,12.6777,-44.3431,-0.9198,46.1198,-0.0199,-1.2923,1,G,47.7802,-4.4814,46.6448,9.3333,46.8596,0.1979,1.6666,-1,93.1433
167807,1064800607,G,43.3842,-11.3842,-37.6847,18.2332,39.3667,0.448,-1.8642,-1,G,48.4372,4.1833,35.3715,-32.8254,35.618,-0.8248,1.4531,1,90.3384
167807,1066182900,G,59.3716,8.2942,-28.5645,51.3834,29.7443,1.3147,-1.2882,1,G,35.6492,5.1084,25.5278,-24.3535,26.0339,-0.835,1.3733,-1,90.0527
167807,1065510803,G,90.1536,-40.4057,-12.2678,-79.6527,42.2269,-1.3916,-2.8468,-1,G,158.171,30.8599,8.0779,-154.921,31.8996,-2.2839,0.256,1,80.8189
167807,1065793991,G,90.356,4.0068,35.6264,82.9392,35.851,1.5756,1.4588,-1,G,85.5071,-25.5497,-52.1484,62.763,58.0711,0.9374,-2.0264,1,94.6658
167807,1065841938,G,57.9639,37.1243,24.7161,37.0231,44.5993,0.756,0.5874,1,G,63.5398,-34.3007,-30.032,44.2588,45.5901,0.8606,-2.4224,-1,90.1121
167807,1066151914,G,73.612,-23.7326,31.6653,-62.0708,39.5718,-1.2322,2.214,-1,G,33.0232,16.0103,-27.8038,7.8191,32.084,0.2414,-1.0483,1,91.3962
167807,1066210442,G,100.726,-20.565,25.8733,95.1488,33.0507,1.7794,2.2424,-1,G,32.6892,20.174,-21.8098,-13.6351,29.7095,-0.4442,-0.8243,1,105.538
167807,1065309681,G,53.8117,15.9784,-17.9266,48.1562,24.014,1.446,-0.8428,1,G,44.39,-31.1097,25.523,-18.7409,40.2397,-0.4504,2.4545,-1,92.1502
167807,1070672505,G,66.2422,-33.0441,5.8426,57.1137,33.5566,1.3018,2.9666,1,G,39.7998,27.6331,-14.6825,-24.5936,31.2916,-0.7217,-0.4884,-1,100.399
167807,1070024473,G,206.406,48.3706,17.5009,-199.893,51.4393,-2.0667,0.3472,-1,G,120.609,-37.5665,-14.1746,-113.729,40.1517,-1.7641,-2.7808,1,91.9332
167807,1070297121,G,44.5537,5.8605,40.5026,-17.6129,40.9244,-0.4181,1.4271,1,G,49.8309,-4.8191,-35.0728,35.0683,35.4023,0.8747,-1.7073,-1,92.5915
167807,1071052667,G,72.2942,-28.7256,28.88,-59.7263,40.7335,-1.1759,2.3535,-1,G,48.6555,26.7512,-34.9478,-20.7453,44.0111,-0.4555,-0.9175,1,90.0691
167807,1072121165,G,92.5724,17.4872,34.1964,84.2285,38.4082,1.5268,1.0981,-1,G,32.2973,-18.8484,-26.2169,-0.7166,32.2891,-0.0222,-2.1941,1,92.4806
167807,1072075517,G,138.895,6.9797,57.0107,-126.462,57.4364,-1.5304,1.449,-1,G,104.566,14.6589,-36.1114,-97.0317,38.9733,-1.6434,-1.1852,1,91.7522
167807,1071379731,G,57.7038,3.7834,36.5598,44.4835,36.7551,1.0225,1.4677,-1,G,33.6014,-8.038,-26.2282,-19.404,27.4322,-0.6587,-1.8682,1,87.0793
167807,1072051379,G,53.8511,-14.3159,-43.0651,-28.9893,45.3822,-0.6018,-1.8917,1,G,27.1427,1.5216,26.9412,2.9278,26.9841,0.1083,1.5144,-1,73.8723
167807,1072295560,G,72.7547,-28.7917,11.4701,-65.8233,30.9923,-1.4977,2.7625,1,G,38.9281,28.6785,-7.9495,-25.0946,29.7599,-0.7661,-0.2704,-1,64.7656
167807,1071405680,G,54.0255,38.882,-19.9792,31.7453,43.7147,0.674,-0.4747,-1,G,43.216,-39.5347,17.4309,-0.8854,43.2068,-0.0205,2.7263,1,92.1773
167807,1071664403,G,123.836,-6.585,27.1061,-120.653,27.8945,-2.1707,1.8091,-1,G,29.8531,6.0361,-29.2106,1.2261,29.8277,0.0411,-1.367,1,96.7093
167807,1071803811,G,44.6779,8.8198,-41.961,12.5536,42.8779,0.2887,-1.3636,1,G,45.3703,-2.2785,38.2117,-24.3541,38.2796,-0.5996,1.6304,-1,88.9527
167807,1072540273,G,350.17,-96.6443,10.7986,336.396,97.2458,1.9545,3.0303,-1,G,27.5672,7.8162,19.3791,17.9805,20.896,0.7792,1.1874,1,91.1128
167807,1073066341,G,115.818,-31.825,-29.3772,107.415,43.3111,1.6398,-2.3962,-1,G,73.6551,34.4017,27.2934,59.1325,43.9136,1.1065,0.6707,1,90.2832
167807,1073026531,G,39.171,-38.2122,-7.3322,-4.5192,38.9093,-0.1159,-2.952,-1,G,48.1618,42.6545,14.3458,17.1565,45.0023,0.3726,0.3244,1,86.0139
167807,1073498650,G,102.476,40.9145,28.8646,-89.4099,50.0715,-1.3435,0.6144,1,G,61.5637,-30.4995,-24.7183,-47.4222,39.2583,-1.0211,-2.4605,-1,89.7791
167807,1072806908,G,76.7088,-29.5682,-33.1386,-62.5442,44.4123,-1.1428,-2.2993,1,G,44.2229,25.9568,31.9016,-16.2539,41.1274,-0.3856,0.8878,-1,91.6557
167807,1073246012,G,52.3293,21.8286,20.6935,42.821,30.0784,1.1517,0.7587,-1,G,41.5373,-29.1797,-17.4452,-23.8652,33.9969,-0.6543,-2.6027,1,91.5807
167807,1073023711,G,93.4224,39.35,-0.2884,84.7303,39.3511,1.5101,-0.0073,1,G,64.5896,-46.7438,9.6022,43.5273,47.7199,0.8179,2.939,-1,91.5226
167807,1073221663,G,147.614,35.5921,-13.7933,-142.593,38.1713,-2.0285,-0.3697,-1,G,47.7607,-28.8181,22.5247,-30.712,36.5765,-0.7633,2.4782,1,89.5233
167807,1074274361,G,88.6497,14.3415,18.467,85.5105,23.3818,2.008,0.9105,1,G,25.0719,-19.0656,-16.2601,-0.8384,25.0577,-0.0335,-2.4354,-1,75.7367
167807,1073637446,G,151.051,-10.5385,-41.3997,-144.884,42.72,-1.9355,-1.8201,1,G,93.2237,10.3632,46.9818,-79.8497,48.1111,-1.2802,1.3537,-1,95.5703
167807,1073797445,G,64.2024,31.3791,22.9445,51.0963,38.8728,1.0872,0.6314,-1,G,36.986,-25.8166,-25.3042,7.8201,36.1497,0.2147,-2.3662,1,82.0453
167807,1073753849,G,93.1374,52.8396,5.3571,76.5105,53.1104,1.1614,0.101,1,G,49.8615,-45.7765,-3.4033,19.4701,45.9029,0.4124,-3.0674,-1,105.748
167807,1074349017,G,82.9349,-37.5298,40.1749,62.0941,54.9773,0.97,2.3222,1,G,40.038,25.3605,-26.4565,16.1224,36.6484,0.4268,-0.8065,-1,93.1034
167807,1074529208,G,76.338,-16.1301,-33.0978,-66.8718,36.8191,-1.3583,-2.0243,1,G,29.5739,14.0626,22.4106,13.2141,26.4573,0.4807,1.0104,-1,90.6626
167807,1074607556,G,219.794,-53.5645,2.769,213.149,53.636,2.0884,3.0899,-1,G,59.7774,32.4027,6.0954,49.8621,32.9711,1.2016,0.1859,1,91.9718
167807,1074842922,G,150.364,-32.8821,-38.8162,-141.497,50.8717,-1.747,-2.2736,-1,G,50.7387,26.0876,25.645,-35.1593,36.5818,-0.8536,0.7768,1,94.9485
167807,1074887650,G,72.7014,35.3928,4.1795,63.3668,35.6387,1.3397,0.1175,-1,G,146.825,-53.6755,-10.2959,136.273,54.654,1.6448,-2.9521,1,89.2403
167807,1075328731,G,46.5438,-12.9173,-42.5235,13.8276,44.4422,0.3063,-1.8657,-1,G,50.5369,17.6588,44.4127,16.4208,47.7946,0.3371,1.1924,1,92.1067
167807,1074850899,G,59.1612,-9.8184,-58.171,4.4476,58.9937,0.0753,-1.738,-1,G,33.654,9.9907,31.2285,-7.5859,32.7877,-0.2293,1.2612,1,88.7631
167807,1075057540,G,137.464,17.7814,-40.8644,-130.039,44.5654,-1.7922,-1.1604,-1,G,97.3293,-14.6931,40.2334,-87.3977,42.8323,-1.4616,1.9209,1,88.5381
167807,1076018528,G,77.4099,28.1472,-16.5049,70.1969,32.6294,1.5093,-0.5303,1,G,33.5285,-26.3251,20.7634,0.1448,33.528,0.0043,2.4738,-1,85.6616
167807,1077106025,G,86.0752,-16.2411,-36.4481,76.2673,39.9028,1.4033,-1.99,-1,G,25.6746,14.0608,19.4809,-9.0533,24.0253,-0.3684,0.9456,1,87.6223
167807,1076380482,G,189.718,22.2141,-42.8327,-183.479,48.2504,-2.0457,-1.0924,-1,G,105.172,-13.3779,38.1654,-97.0854,40.4421,-1.6097,1.9079,1,90.2412
167807,1076901431,G,42.4394,-33.0197,3.3018,-26.4554,33.1844,-0.7305,3.0419,-1,G,41.7335,27.6151,10.9449,29.3136,29.705,0.872,0.3773,1,82.7329
167807,1076326490,G,91.8874,-29.362,-29.0576,82.078,41.3095,1.4378,-2.3614,1,G,67.9331,28.2712,34.4238,51.2897,44.5451,0.9845,0.8832,-1,87.8957
167807,1076026855,G,37.2112,-34.0617,-14.0427,5.2214,36.8429,0.1413,-2.7506,-1,G,47.9174,43.4264,20.22,-1.1645,47.9031,-0.0243,0.4358,1,84.2885
167807,1078272413,G,137.134,-21.9708,-27.0715,-132.628,34.8652,-2.0461,-2.2526,-1,G,51.4591,24.1449,31.9028,-32.3615,40.0095,-0.7396,0.9229,1,91.2021
167807,1078000956,G,39.0367,29.4443,0.4333,25.6261,29.4475,0.7866,0.0147,-1,G,67.9667,-46.3498,49.6477,2.5023,67.9205,0.0368,2.3218,1,88.6827
167807,1077268645,G,58.5451,-26.942,-24.1004,46.0523,36.1483,1.0625,-2.4118,-1,G,37.7185,20.6949,31.1269,-5.0513,37.3786,-0.1347,0.984,1,86.5864
167807,1077882845,G,83.06,-21.396,-8.7574,79.7777,23.1188,1.9521,-2.7531,-1,G,29.7689,24.1587,9.8949,-14.3047,26.1066,-0.5237,0.3887,1,91.8408
167807,1077935176,G,36.9731,34.3351,4.6178,-12.9142,34.6442,-0.3646,0.1337,1,G,60.5035,-56.0142,22.2241,-5.4001,60.2619,-0.0895,2.7639,-1,89.3073
167807,1078759320,G,68.6432,-32.0041,53.7573,28.2448,62.5628,0.4374,2.1078,-1,G,53.2559,-26.9688,-38.6744,24.7619,47.1489,0.5036,-2.1797,1,91.3475
167807,1078394505,G,192.147,19.7435,42.0921,186.438,46.4925,2.0972,1.1322,-1,G,107.793,-18.3004,-39.6934,98.5337,43.7089,1.5519,-2.0028,1,93.5294
167807,1078745234,G,115.563,-25.8773,47.6548,-102.05,54.2274,-1.3895,2.0683,1,G,62.6179,5.3452,-39.1996,-48.5367,39.5624,-1.033,-1.4353,-1,92.6232
167807,1078968730,G,64.3174,-8.7648,-43.797,46.2786,44.6654,0.9067,-1.7683,-1,G,56.4358,14.1283,45.2349,30.646,47.3899,0.6084,1.2681,1,92.9144
167807,1079373474,G,140.077,15.5565,24.074,137.113,28.6629,2.2691,0.9971,-1,G,58.47,-22.7806,-37.285,38.8536,43.6936,0.8008,-2.1193,1,90.7189
167807,1078821142,G,94.4977,-46.6125,-17.845,-80.2411,49.9116,-1.253,-2.776,-1,G,87.8978,33.7437,27.2315,-76.458,43.3612,-1.3325,0.679,1,91.9772
167807,1080289372,G,116.413,25.7443,-26.6595,110.356,37.0607,1.8114,-0.8029,-1,G,60.3347,-14.8457,40.1065,42.5598,42.766,0.878,1.9253,1,86.9302
167807,1080491564,G,94.956,-14.8049,-37.2314,86.0887,40.067,1.5082,-1.9493,-1,G,47.6287,18.2039,34.4623,27.3759,38.9748,0.6546,1.0848,1,86.2377
167807,1080663116,G,61.7377,25.7536,-28.1234,-48.5526,38.1336,-1.062,-0.8294,1,G,79.1897,-26.5234,48.0108,-57.118,54.85,-0.9103,2.0755,-1,91.0941
167807,1080072730,G,68.4589,11.6839,38.5866,-55.3279,40.3167,-1.1218,1.2768,-1,G,48.0219,-11.8553,-38.1502,-26.6478,39.9498,-0.6254,-1.8721,1,82.7499
167807,1080482226,G,48.3211,43.5699,-20.6816,-2.9753,48.2293,-0.0617,-0.4432,1,G,80.9637,28.8386,75.0235,-9.743,80.3753,-0.1209,1.2038,-1,91.4154
167807,1080738754,G,54.236,-23.6944,18.2199,45.2564,29.8896,1.2026,2.4861,1,G,38.989,27.7334,-10.9983,-25.1002,29.8347,-0.7646,-0.3775,-1,90.643
167807,1080235575,G,113.706,8.5264,35.55,107.668,36.5582,1.801,1.3354,-1,G,42.5505,-8.6918,-37.2431,18.6531,38.2439,0.4702,-1.8001,1,91.9564
167807,1080630959,G,68.5961,19.3869,-12.4545,64.61,23.0427,1.7546,-0.571,1,G,25.2028,-19.9688,14.8701,3.9118,24.8972,0.1565,2.5015,-1,64.0066
167807,1079604642,G,92.7518,31.1482,-24.491,83.8622,39.6235,1.4945,-0.6663,1,G,28.8575,-24.6881,14.8929,-1.2003,28.8323,-0.0416,2.5988,-1,88.4419
167807,1080497442,G,69.1007,42.0305,-40.0546,37.4696,58.0597,0.6073,-0.7613,1,G,33.7228,-29.8822,15.6288,-0.111,33.7225,-0.0033,2.6597,-1,91.8304
167807,1079758435,G,186.115,6.7284,40.987,181.421,41.5356,2.1803,1.4081,-1,G,24.5805,-20.5116,-11.841,6.5769,23.6841,0.2742,-2.6181,1,89.4982
167807,1079941560,G,158.078,29.004,-39.4185,-150.311,48.9392,-1.8408,-0.9364,1,G,114.946,-24.6987,39.0795,-105.24,46.2302,-1.5608,2.1344,-1,96.0057
167807,1080446296,G,95.9786,15.689,-15.17,-93.4645,21.8237,-2.1611,-0.7686,-1,G,26.3981,-15.9144,21.0214,1.2951,26.3661,0.0491,2.2188,1,80.2905
167807,1080267173,G,26.048,7.5803,-19.8211,-15.1046,21.2212,-0.6623,-1.2055,-1,G,41.6528,-35.0311,19.9404,10.4953,40.3088,0.2575,2.6241,1,61.7138
167807,1081005100,G,54.4992,2.0353,-28.6965,-46.2873,28.7686,-1.2537,-1.5,1,G,46.38,-4.5273,31.3015,-33.9237,31.6272,-0.9318,1.7144,-1,61.0722
167807,1081933126,G,41.056,26.1129,3.5577,31.4808,26.3541,1.0125,0.1354,-1,G,88.0505,-39.2781,6.4041,78.5436,39.7968,1.4318,2.98,1,65.5023
167807,1081171143,G,112.124,-24.2878,36.8805,-103.062,44.1596,-1.5837,2.1532,-1,G,92.3159,27.9651,-34.3106,-81.012,44.2636,-1.365,-0.8869,1,88.8393
167807,1081573335,G,73.7726,30.4542,-0.6181,67.1904,30.4604,1.5321,-0.0203,-1,G,64.0328,-44.577,32.1179,32.8865,54.9424,0.5676,2.5172,1,88.2228
167807,1081938639,G,165.323,32.3893,28.2967,-159.631,43.0089,-2.0223,0.7181,-1,G,110.661,-42.3696,-21.7369,-99.8908,47.6201,-1.4865,-2.6676,1,93.13
167807,1080970815,G,49.0281,20.57,-23.4985,-37.7947,31.2299,-1.0225,-0.8518,1,G,40.308,-14.977,22.2217,30.1099,26.7977,0.9661,2.1639,-1,88.8199
167807,1081009927,G,110.427,50.6901,-3.6898,98.0357,50.8242,1.4114,-0.0727,-1,G,66.402,-39.6951,-1.1868,53.2175,39.7129,1.1026,-3.1117,1,90.809
167807,1081236733,G,120.166,-38.6055,27.5135,110.42,47.4066,1.5819,2.5224,-1,G,90.9906,37.4163,-24.6783,79.185,44.8219,1.3341,-0.5831,1,92.8857
167807,1080890332,G,50.8685,15.7499,-25.2163,-41.2755,29.7308,-1.1312,-1.0125,-1,G,90.8756,-25.3107,59.989,-63.3959,65.11,-0.8626,1.9701,1,88.5139
167807,1081686590,G,78.605,-23.3125,33.8936,-66.9813,41.1369,-1.2639,2.1733,-1,G,45.2455,31.7902,-28.5402,-14.8993,42.7219,-0.342,-0.7316,1,92.3797
167807,1082036018,G,62.4491,7.6404,-35.8664,50.548,36.6711,1.1254,-1.3609,1,G,40.6947,12.2532,29.7878,24.8716,32.2095,0.7108,1.1805,-1,67.2147
167807,1082159412,G,53.1524,44.0664,8.3549,28.5222,44.8514,0.5994,0.1874,-1,G,43.1657,-41.5974,-8.3337,7.9672,42.424,0.1867,-2.9439,1,89.1045
167807,1082442794,G,107.412,-42.4257,-10.4464,98.124,43.6929,1.5484,-2.9002,-1,G,65.874,42.8334,12.8159,48.3779,44.7096,0.9382,0.2907,1,92.5178
167807,1082699162,G,69.787,-18.034,28.6662,-61.0183,33.8671,-1.3513,2.1323,1,G,32.5281,17.1875,-23.6652,14.2342,29.2481,0.4693,-0.9427,-1,90.851
167807,1083130598,G,159.19,-39.0359,-25.96,-152.13,46.8799,-1.8932,-2.5547,-1,G,84.5391,32.1907,22.531,-74.8529,39.2924,-1.4003,0.6107,1,88.4519
167807,1082762837,G,67.4427,65.7241,-0.1389,-15.1272,65.7242,-0.2282,-0.0021,1,G,37.8138,-30.6106,17.5364,-13.614,35.2779,-0.3769,2.6214,-1,93.3661
167807,1083025325,G,149.932,36.1218,-12.0048,-145.02,38.0644,-2.0475,-0.3209,-1,G,43.085,-35.6838,10.948,-21.52,37.3255,-0.5486,2.8439,1,97.5643
167807,1083718200,G,130.604,42.2687,0.2563,-123.574,42.2695,-1.794,0.0061,-1,G,70.5599,-42.7684,8.3605,-55.4946,43.5779,-1.0622,2.9486,1,91.2503
167807,1083418829,G,46.7671,-13.5572,-27.336,-35.4415,30.5131,-0.9911,-2.0312,1,G,42.7891,11.9592,19.3735,36.229,22.7674,1.2444,1.0178,-1,89.1837
167807,1083927804,G,35.482,-33.5286,2.8819,-11.2469,33.6522,-0.3283,3.0558,-1,G,37.4426,36.2022,-7.1274,-6.3672,36.8971,-0.1717,-0.1944,1,70.5874
167807,1084055685,G,122.196,34.2258,-25.6815,-114.459,42.7895,-1.7103,-0.6437,-1,G,36.1016,-25.6546,20.6286,-14.8196,32.9196,-0.4362,2.4644,1,90.8082
167807,1083535166,G,89.8998,36.3928,19.3384,-79.8972,41.2117,-1.4159,0.4884,-1,G,47.9822,-37.7866,-18.8565,-22.7789,42.2303,-0.5162,-2.6787,1,92.0157
167807,1083788118,G,65.9041,49.4049,33.9761,27.3518,59.9601,0.4417,0.6024,1,G,43.9435,-36.432,18.9126,-15.6857,41.0485,-0.3734,2.6628,-1,94.6831
167807,1084350951,G,139.005,-46.6984,-69.882,110.717,84.049,1.089,-2.1599,1,G,23.471,0.6678,21.7142,8.8837,21.7245,0.3983,1.54,-1,87.4944
167807,1083294690,G,42.4351,-37.5392,-16.846,-10.38,41.1458,-0.2497,-2.7198,-1,G,52.2827,39.5087,14.6899,30.9313,42.1513,0.6802,0.356,1,92.4153
167807,1084064278,G,100.0,-4.1136,-33.2007,-94.2382,33.4545,-1.7589,-1.6941,1,G,36.2667,-3.9829,35.5318,-6.0733,35.7544,-0.1691,1.6824,-1,91.8439
167807,1083387499,G,132.615,29.6014,-13.3814,-128.574,32.4855,-2.0844,-0.4246,1,G,34.2405,-28.2922,15.4565,-11.5348,32.2389,-0.3506,2.6416,-1,90.5764
167807,1083853611,G,46.3075,44.1692,6.996,12.0209,44.7199,0.2657,0.1571,1,G,49.3995,-41.9661,-5.4677,-25.4804,42.3207,-0.5706,-3.012,-1,94.7178
167807,1084731802,G,34.9632,-9.7248,-30.8683,13.2283,32.3639,0.3981,-1.876,1,G,68.2244,19.124,49.6282,42.7301,53.1854,0.7353,1.203,-1,84.1192
167807,1085392730,G,50.7143,-45.8019,-18.155,-12.0212,49.2688,-0.2416,-2.7642,-1,G,48.545,21.0212,42.818,-9.0185,47.6998,-0.188,1.1144,1,90.4842
167807,1085119057,G,29.2475,16.9293,-23.8009,-1.5233,29.2076,-0.0521,-0.9525,-1,G,122.865,52.8881,69.2974,-86.5829,87.1738,-0.8766,0.9189,1,91.8216
167807,1085306297,G,62.882,31.9808,2.6404,-54.0776,32.0897,-1.2933,0.0824,-1,G,52.4435,-49.1713,-7.4822,-16.6287,49.7373,-0.3284,-2.9906,1,89.34
167807,1084539500,G,45.3113,34.7735,-28.6138,-5.015,45.0328,-0.1111,-0.6885,1,G,46.8071,-33.5153,23.9156,22.2635,41.1732,0.5173,2.5218,-1,90.3583
167807,1085369879,G,137.148,34.6287,16.218,-131.709,38.2383,-1.9503,0.438,-1,G,153.625,-57.921,-2.9526,-142.257,57.9962,-1.6296,-3.0907,1,93.663
167807,1085503975,G,89.8502,-37.8014,8.8646,-81.0279,38.8269,-1.4818,2.9112,-1,G,27.3479,24.5876,-10.873,5.0121,26.8845,0.1854,-0.4164,1,88.1949
167807,1085022816,G,105.038,12.2054,-30.6176,-99.7325,32.9607,-1.8266,-1.1915,-1,G,27.847,-6.7792,25.9174,-7.6008,26.7894,-0.2801,1.8266,1,78.0157
167807,1085383899,G,46.4195,2.3548,-31.2346,34.258,31.3232,0.9461,-1.4955,1,G,51.9651,-20.8714,42.4759,-21.4602,47.3267,-0.4392,2.0275,-1,95.1131
167807,1085895292,G,115.286,-2.7432,-24.0373,112.719,24.1933,2.2433,-1.6844,-1,G,27.503,5.877,26.8367,-1.2883,27.4726,-0.0469,1.3552,1,89.1867
167807,1086465906,G,144.755,-33.1173,10.2672,140.541,34.6724,2.1076,2.841,-1,G,30.2187,28.2713,-6.0107,8.8185,28.9032,0.3006,-0.2095,1,90.917
167807,1086641477,G,139.58,49.5776,14.5465,-129.665,51.6676,-1.6508,0.2854,1,G,74.1902,-29.6405,-29.7352,-61.1672,41.985,-1.1706,-2.3546,-1,93.019
167807,1086100539,G,41.4525,-36.4799,6.7503,18.4918,37.0992,0.4798,2.9586,-1,G,62.4319,51.9133,-10.2,33.1466,52.9059,0.5914,-0.194,1,88.7432
167807,1086733420,G,113.711,15.127,23.2657,110.273,27.751,2.0883,0.9943,1,G,65.5201,-25.9128,-29.6563,52.3632,39.3823,1.0964,-2.2889,-1,74.2711
167807,1086167883,G,103.804,-25.181,1.515,-100.692,25.2265,-2.0927,3.0815,-1,G,250.249,76.6162,-18.1144,-237.543,78.7285,-1.8239,-0.2322,1,89.6097
167807,1086232139,G,33.7487,2.4195,-26.7703,-20.4073,26.8795,-0.7005,-1.4807,-1,G,123.802,101.532,2.6363,-70.7899,101.567,-0.6502,0.026,1,71.5327
167807,1086925444,G,43.3286,26.6404,-32.8824,9.295,42.3197,0.2179,-0.8899,-1,G,27.5867,-6.7592,25.5912,-7.7727,26.4688,-0.2896,1.829,1,67.6626
167807,1087573461,G,198.826,25.2226,34.9584,-194.097,43.1076,-2.2099,0.9458,-1,G,55.2043,-13.3861,-32.4792,-42.5842,35.1296,-1.0238,-1.9617,1,91.4731
167807,1087739205,G,92.5159,-6.4019,-19.6127,90.1861,20.6311,2.181,-1.8863,-1,G,25.7051,4.0305,21.3094,-13.7987,21.6872,-0.5997,1.3839,1,90.1812
167807,1087929565,G,101.545,17.0247,18.593,98.3657,25.2099,2.0706,0.8294,-1,G,28.2755,-27.0168,-4.4149,-7.0775,27.3752,-0.2557,-2.9796,1,90.6582
167807,1087148199,G,148.827,39.6833,-5.719,-143.325,40.0933,-1.9861,-0.1431,1,G,48.5826,-36.0066,6.7365,-31.9124,36.6313,-0.7873,2.9566,-1,90.8181
167807,1087317503,G,119.271,43.4291,29.6348,-107.058,52.5767,-1.4597,0.5988,1,G,88.3127,-37.5071,-11.4731,-79.1247,39.2226,-1.4514,-2.8447,-1,89.7908
167807,1086792867,G,39.8539,24.7833,-31.1886,-1.175,39.8364,-0.0295,-0.8993,-1,G,60.7903,-30.0934,30.0084,-43.4665,42.4984,-0.8974,2.3576,1,90.0377
167807,1086935451,G,53.3202,34.0271,-40.9748,-2.5022,53.2614,-0.047,-0.8778,1,G,54.234,-31.2955,43.3445,-9.1192,53.4617,-0.1698,2.1961,-1,106.863
167807,1089006955,G,68.4997,-9.6414,44.0302,51.5808,45.0734,0.9799,1.7864,1,G,43.0463,40.8454,-8.6016,-10.5183,41.7413,-0.2494,-0.2076,-1,92.3444
167807,1088700791,G,55.658,42.2381,15.8168,32.6124,45.1024,0.6715,0.3583,-1,G,64.4359,-44.2116,-13.0439,45.024,46.0957,0.8648,-2.8547,1,91.5617
167807,1088766949,G,38.2134,-12.7098,-34.9663,8.7216,37.2046,0.2323,-1.9194,-1,G,64.3531,17.8711,49.7381,36.7159,52.8512,0.6483,1.2259,1,90.6117
167807,1089046997,G,55.2267,23.8758,-1.5735,49.774,23.9276,1.4789,-0.0658,-1,G,39.1571,-24.9919,4.2268,-29.8464,25.3468,-1.0015,2.9741,1,92.2112
167807,1088225102,G,52.8957,39.6497,-16.8335,30.6999,43.0751,0.663,-0.4015,-1,G,41.4948,-37.2406,18.2703,1.0704,41.4809,0.0258,2.6855,1,88.8389
167807,1088925255,G,62.9688,-24.4033,30.8819,49.1512,39.3601,1.0468,2.2395,1,G,57.6487,51.4628,-15.2295,21.0476,53.669,0.3828,-0.2877,-1,92.9704
167807,1089162738,G,55.7959,38.5871,-2.8947,-40.1973,38.6955,-0.9086,-0.0749,-1,G,48.5281,-38.0587,-1.206,30.0839,38.0778,0.7249,-3.1099,1,103.75
167807,1089512434,G,75.9218,-6.0964,19.258,-73.1852,20.1999,-1.999,1.8774,1,G,34.0445,18.289,-25.8645,12.4724,31.6774,0.3842,-0.9553,-1,90.6325
167807,1089355918,G,42.3165,37.1389,3.8379,19.9159,37.3367,0.5109,0.103,1,G,43.5611,-29.6499,10.575,-30.11,31.4793,-0.8503,2.799,-1,83.7092
167807,1091275698,G,58.6296,-22.6895,-5.2146,53.8091,23.281,1.5748,-2.9157,1,G,38.7,33.0477,5.1683,-19.4633,33.4494,-0.5532,0.1551,-1,90.4772
167807,1090725489,G,50.8083,-1.6813,-42.5964,-27.644,42.6295,-0.6099,-1.6102,1,G,41.8282,-14.57,35.3507,16.9598,38.2355,0.4302,1.9617,-1,90.2816
167807,1090629901,G,160.542,21.2247,41.0563,-153.745,46.2181,-1.9169,1.0937,1,G,77.0467,-11.4426,-38.0173,-66.0298,39.702,-1.282,-1.8632,-1,89.6793
167807,1091258237,G,41.0969,-6.8058,40.1965,-5.1832,40.7686,-0.1268,1.7385,-1,G,61.8143,11.1252,-41.3955,-44.5381,42.8644,-0.9087,-1.3082,1,89.9912
167807,1091521194,G,38.6249,22.8437,-29.0837,11.1432,36.9824,0.2969,-0.905,-1,G,55.1936,-18.8658,42.2123,-30.1417,46.2363,-0.6128,1.9911,1,90.8448
167807,1090735334,G,80.0891,0.7978,-43.5614,67.2014,43.5687,1.2181,-1.5525,-1,G,72.2441,9.3897,46.8926,54.1491,47.8234,0.9719,1.3732,1,91.4582
167807,1090640747,G,69.3583,42.2512,-13.6466,-53.2839,44.4003,-1.016,-0.3124,1,G,65.5821,-46.7145,6.0038,-45.6368,47.0987,-0.8593,3.0138,-1,91.3525
167807,1092449588,G,72.0715,10.085,-39.2512,59.5981,40.5261,1.1784,-1.3193,1,G,37.0694,-7.2377,36.3544,-0.3229,37.0678,-0.0087,1.7673,-1,91.5515
167807,1091566760,G,57.7754,42.3879,-15.8772,35.905,45.2639,0.7274,-0.3584,-1,G,37.3618,-34.5836,13.134,-5.2313,36.9936,-0.1409,2.7786,1,89.6761
167807,1092703088,G,90.9497,21.2995,-39.9574,78.8769,45.2798,1.3219,-1.0811,-1,G,37.6849,-27.0859,24.0275,10.4486,36.2073,0.2847,2.416,1,90.9976
167807,1091564885,G,159.4,-21.9653,-23.4073,-156.135,32.0995,-2.2854,-2.3244,1,G,48.9137,22.8059,27.215,-33.6419,35.5072,-0.8437,0.8733,-1,85.8157
167807,1092186493,G,95.9729,-23.581,38.7609,84.5714,45.3704,1.3811,2.1174,-1,G,47.8869,22.1713,-33.1825,26.4669,39.9079,0.6223,-0.9818,1,91.2854
167807,1092468149,G,84.6448,24.2102,23.3334,-77.6797,33.6241,-1.5743,0.767,-1,G,30.3371,-28.1084,1.0839,11.361,28.1293,0.3936,3.1031,1,90.616
167807,1091714027,G,45.6006,32.2346,-23.1658,22.4428,39.6954,0.5389,-0.6231,1,G,56.0674,-40.4077,33.424,19.8395,52.4399,0.3698,2.4505,-1,91.5236
167807,1091900379,G,102.282,-20.7602,19.444,-98.2478,28.4439,-1.953,2.3889,1,G,27.7402,19.9606,-16.1565,10.4904,25.6799,0.3979,-0.6805,-1,95.8805
167807,1092001323,G,50.157,-6.266,-38.1101,-32.0011,38.6218,-0.7548,-1.7338,1,G,53.9887,9.0568,50.2112,-17.6516,51.0215,-0.3394,1.3923,-1,90.7012
167807,1092277867,G,72.1044,-18.6325,34.6575,-60.4212,39.3486,-1.2143,2.0641,1,G,36.0205,26.5821,-24.1693,2.59,35.9272,0.072,-0.7379,-1,90.4066
167807,1092815577,G,169.582,37.5094,7.1483,-165.227,38.1845,-2.1711,0.1883,-1,G,68.0765,-36.3485,15.2263,-55.5099,39.4088,-1.1429,2.7449,1,85.1751
167807,1093908191,G,47.3659,6.1071,22.2681,41.3564,23.0903,1.3461,1.3031,-1,G,34.0246,-26.1814,-21.7073,-0.9935,34.0099,-0.0292,-2.4493,1,67.7639
167807,1092773548,G,178.78,-31.1443,32.243,173.069,44.8283,2.0604,2.3389,-1,G,83.7859,32.3789,-31.1492,70.7206,44.9296,1.2351,-0.766,1,97.4937
167807,1093608184,G,64.3957,30.2422,2.7783,56.7845,30.3695,1.3838,0.0916,-1,G,42.8443,-42.6508,2.3405,3.3249,42.715,0.0778,3.0868,1,87.7901
167807,1092770019,G,53.8863,-29.3986,-44.7666,-5.9496,53.5567,-0.1109,-2.1519,-1,G,40.5255,22.9476,30.8234,12.8697,38.4275,0.3289,0.9308,1,92.896
167807,1093086323,G,78.7885,25.9378,-18.9361,-71.9463,32.1145,-1.5462,-0.6306,1,G,85.1817,-6.0674,66.8648,-52.4233,67.1396,-0.7176,1.6613,-1,93.4155
167807,1093461941,G,116.113,4.9853,31.4671,111.656,31.8595,1.967,1.4137,-1,G,41.1346,-7.7744,-36.4572,17.392,37.2769,0.4511,-1.7809,1,89.6694
167807,1093616597,G,119.997,5.9488,43.4623,111.691,43.8675,1.6642,1.4348,-1,G,52.8267,-4.9183,-38.8794,35.424,39.1892,0.8118,-1.6966,1,90.5711
167807,1092737341,G,55.1369,2.0657,-32.4076,44.5594,32.4734,1.1217,-1.5071,1,G,44.9707,5.7686,38.2981,-22.8545,38.7301,-0.5603,1.4213,-1,97.2335
167807,1093643221,G,170.633,44.5062,-12.907,164.22,46.34,1.9777,-0.2823,-1,G,87.0754,-38.6992,9.2501,77.4527,39.7893,1.4195,2.907,1,89.2234
167807,1093798788,G,98.1258,54.6621,-1.4256,-81.4781,54.6807,-1.1892,-0.0261,-1,G,38.2382,-24.9074,19.1228,-21.8194,31.4016,-0.6484,2.4868,1,82.0135
167807,1093112334,G,136.815,-22.0113,-30.6706,-131.504,37.7516,-1.9611,-2.1933,-1,G,45.3494,19.5107,25.8174,-31.7702,32.3605,-0.8684,0.9236,1,80.5963
167807,1093438616,G,62.0277,-8.7712,37.2568,48.8101,38.2753,1.0633,1.802,-1,G,57.7061,11.0943,-48.9628,28.4525,50.2039,0.5401,-1.348,1,90.6876
167807,1093565896,G,73.3719,-37.8498,-26.8251,-56.8439,46.3917,-1.0321,-2.525,1,G,37.2177,36.6891,-2.9297,-5.5198,36.8059,-0.1494,-0.0797,-1,86.3373
167807,1093969636,G,85.5835,-6.9855,43.5048,73.3693,44.0621,1.283,1.73,1,G,70.7818,7.5605,-47.4355,51.9882,48.0343,0.9384,-1.4127,-1,93.3801
167807,1094971785,G,85.5213,-25.8638,-47.7338,-66.0789,54.2905,-1.0269,-2.0673,1,G,53.1183,12.1841,36.5279,-36.5897,38.5064,-0.8457,1.2489,-1,91.4734
167807,1094897578,G,93.3257,25.1793,-5.9125,-89.67,25.8642,-1.9566,-0.2306,-1,G,27.1756,0.2676,27.0654,-2.4283,27.0667,-0.0896,1.5609,1,70.3098
167807,1095716847,G,148.117,-15.2455,32.2753,-143.751,35.6948,-2.1013,2.0121,-1,G,42.4099,8.7535,-33.0186,-25.1344,34.1592,-0.6817,-1.3116,1,87.9507
167807,1096152007,G,72.5184,26.4534,-9.3798,66.8666,28.0671,1.6026,-0.3407,1,G,35.8286,-29.2398,14.6626,-14.6192,32.7102,-0.4332,2.6768,-1,94.7292
167807,1095200541,G,34.388,-1.7116,-28.3285,19.4188,28.3801,0.6397,-1.6311,-1,G,44.904,-6.1297,37.1643,-24.4457,37.6665,-0.6104,1.7343,1,78.2457
167807,1095970343,G,113.373,5.2604,50.7224,101.257,50.9945,1.4372,1.4675,1,G,42.8727,-27.37,-24.237,22.3943,36.5589,0.5796,-2.4168,-1,89.066
167807,1095488669,G,53.9808,24.3668,37.3757,30.3848,44.617,0.637,0.9931,1,G,61.4236,-25.4147,-35.6726,43.0627,43.8001,0.8694,-2.1898,-1,88.9923
167807,1096816018,G,87.1016,-18.9509,-19.4993,82.7485,27.1912,1.832,-2.3419,-1,G,145.519,-37.65,-124.985,64.3194,130.533,0.4747,-1.8634,1,91.6734
167807,1096427924,G,60.4307,35.1552,-44.2053,21.491,56.4801,0.3719,-0.8989,1,G,49.6417,-19.3123,30.3296,34.2263,35.9562,0.8469,2.1378,-1,92.5634
167807,1096864996,G,244.663,-64.5585,74.4807,223.93,98.5656,1.559,2.2849,-1,G,72.9571,21.3269,-4.099,69.6498,21.7172,1.882,-0.1899,1,88.7169
167807,1096719979,G,39.3492,-22.9329,-23.0485,22.1629,32.5138,0.6376,-2.3537,-1,G,55.4916,36.1932,21.7864,-35.9821,42.2444,-0.7726,0.5419,1,92.8782
167807,1097158219,G,49.8336,-5.5326,-44.056,22.6239,44.402,0.4897,-1.6957,1,G,42.8832,4.5759,41.7752,-8.5356,42.025,-0.2017,1.4617,-1,91.6069
167807,1096380695,G,40.051,-24.5298,28.6473,-13.4795,37.7144,-0.3502,2.2789,1,G,60.6522,11.3129,-58.5561,-11.0399,59.6389,-0.1841,-1.38,-1,92.0365
167807,1096900408,G,79.2852,35.3705,-20.8495,67.826,41.0581,1.2762,-0.5326,1,G,49.4964,-33.8184,26.209,24.8855,42.7855,0.553,2.4823,-1,89.2085
167807,1097227416,G,53.9544,-49.3851,8.3081,-20.0787,50.0791,-0.3909,2.9749,1,G,56.1604,36.8295,-5.5152,-42.0375,37.2401,-0.9696,-0.1486,-1,90.0078
167807,1096356065,G,94.1522,17.5594,-45.9786,80.2636,49.2176,1.2652,-1.206,-1,G,35.2607,-13.0586,32.7513,0.3584,35.2587,0.0102,1.9502,1,100.262
167807,1097324897,G,72.8089,-11.1701,17.7959,69.7112,21.0111,1.9144,2.1313,-1,G,34.5575,12.2635,-27.6189,-16.7634,30.2192,-0.5296,-1.1529,1,92.8784
167807,1097466059,G,185.33,26.7549,42.9764,178.282,50.624,1.9717,1.014,-1,G,167.806,-29.4501,-33.7889,161.709,44.8219,1.9949,-2.2877,1,94.9711
167807,1097836459,G,41.571,37.0307,-6.9292,-17.574,37.6734,-0.451,-0.185,1,G,73.9954,-59.1855,-25.321,-36.486,64.3745,-0.5401,-2.7373,-1,94.3514
167807,1098031616,G,94.2287,-49.8867,4.6465,-79.8045,50.1026,-1.2452,3.0487,-1,G,83.4303,44.8711,-0.6536,-70.3332,44.8758,-1.2315,-0.0146,1,94.7643
167807,1098166944,G,53.0242,23.36,16.8639,-44.5138,28.8111,-1.2195,0.6253,1,G,114.06,-9.3239,113.509,-6.1967,113.891,-0.0544,1.6527,-1,90.2851
167807,1097793373,G,68.8727,-14.0365,-36.143,56.9218,38.7729,1.1769,-1.9412,-1,G,41.3329,-28.8843,3.3312,-29.3768,29.0757,-0.8887,3.0268,1,92.0202
167807,1097401186,G,74.6781,33.1765,-12.3199,-65.7597,35.3902,-1.3783,-0.3556,-1,G,34.4522,-33.8549,6.3044,-1.022,34.4369,-0.0297,2.9575,1,86.0986
167807,1098103747,G,72.3822,17.6945,30.1523,-63.3791,34.9608,-1.3567,1.0401,1,G,35.7594,-17.2253,-31.3355,0.3058,35.7579,0.0086,-2.0734,-1,87.8335
167807,1098135642,G,161.597,-30.8197,-32.3079,155.306,44.6504,1.9597,-2.3326,-1,G,75.7177,22.9437,34.8267,63.1968,40.4248,1.2035,0.9886,1,92.2303
167807,1098238199,G,78.2851,-16.8953,-32.8135,69.0389,36.9077,1.3842,-2.0463,1,G,38.2398,23.1855,29.4994,7.3814,37.5204,0.1955,0.9047,-1,87.678
167807,1098261548,G,158.509,-28.3689,-9.1624,-155.68,29.8118,-2.3551,-2.8292,1,G,83.8705,48.2313,-14.5703,-67.05,50.3841,-1.0971,-0.2934,-1,90.4506
167807,1098331217,G,43.5437,22.2101,24.9603,-27.9237,33.4111,-0.7603,0.8436,1,G,87.2881,-30.1754,-54.0968,-61.4995,61.9437,-0.8763,-2.0796,-1,90.5984
167807,1099456384,G,28.1681,8.3486,19.6922,18.329,21.3888,0.7765,1.1698,1,G,34.5947,-11.3694,-21.8798,-24.2651,24.6574,-0.8701,-2.05,-1,62.3701
167807,1098846082,G,58.3301,-17.6431,40.5839,-38.0007,44.2531,-0.7779,1.9809,-1,G,39.0717,-5.7843,-33.3073,19.5895,33.8059,0.5511,-1.7428,1,92.4464
167807,1099445158,G,51.9888,-46.1404,-9.5303,21.9785,47.1144,0.451,-2.9379,-1,G,55.0578,38.1113,17.6777,35.5862,42.0116,0.769,0.4343,1,89.5233
167807,1099031011,G,116.37,-27.1863,24.309,110.508,36.4695,1.8279,2.412,-1,G,33.7841,15.1763,-29.9865,3.4414,33.6082,0.1022,-1.1023,1,96.8783
167807,1098754364,G,67.3731,-43.2593,11.0601,-50.4522,44.6508,-0.9703,2.8913,-1,G,68.4105,44.7099,-9.0212,-50.9865,45.6109,-0.9623,-0.1991,1,90.228
167807,1098947668,G,154.159,-22.7771,-33.317,-148.782,40.3586,-2.0157,-2.1705,1,G,109.305,24.5917,41.7609,-97.9742,48.4637,-1.4532,1.0386,-1,91.9248
167807,1099317673,G,50.1787,0.1199,-37.4542,33.3925,37.4544,0.8026,-1.5676,1,G,42.3324,3.1086,39.4813,-14.9527,39.6035,-0.3691,1.4922,-1,90.5745
167807,1099937590,G,61.0058,47.4647,-15.1206,35.2161,49.8149,0.6583,-0.3084,1,G,46.6101,-38.1428,14.9102,22.2555,40.9535,0.5197,2.7689,-1,90.5056
167807,1100670302,G,52.2738,2.6211,24.4021,46.1542,24.5425,1.3889,1.4638,-1,G,44.3128,-1.315,-33.3145,-29.1896,33.3404,-0.7905,-1.6102,1,94.6575
167807,1100318351,G,43.6889,-35.2811,-20.6178,15.4551,40.8638,0.3697,-2.6127,-1,G,51.7685,20.7326,31.5391,-35.4318,37.7433,-0.8374,0.9893,1,91.5539
167807,1100558247,G,47.1942,31.3588,-9.8964,-33.8522,32.8833,-0.9021,-0.3057,-1,G,104.152,-61.9209,3.6047,-83.6683,62.0258,-1.1079,3.0834,1,90.1161
167807,1099966639,G,86.7483,-38.0599,-16.5051,-76.1858,41.4847,-1.368,-2.7324,-1,G,45.2269,36.8367,16.6108,-20.3126,40.4087,-0.4836,0.4236,1,90.0222
167807,1101115392,G,177.568,-7.2162,45.8167,-171.404,46.3815,-2.0181,1.727,1,G,187.963,14.8698,-42.5825,-182.471,45.1041,-2.1057,-1.2348,-1,91.1959
167807,1101216066,G,147.276,-34.9379,18.1907,141.91,39.3898,1.9936,2.6616,1,G,54.8227,30.3811,-16.6582,42.4854,34.6483,1.0326,-0.5015,-1,82.5762
167807,1101593714,G,109.498,2.1381,-33.2935,104.292,33.362,1.8576,-1.5067,-1,G,27.1338,0.9917,26.6205,-5.1575,26.6389,-0.1924,1.5336,1,93.7355
167807,1101399328,G,109.587,30.7319,-12.3398,104.463,33.1168,1.8662,-0.3818,-1,G,29.4225,-24.8182,15.7248,-1.57,29.3804,-0.0534,2.5768,1,93.2211
167807,1101980140,G,66.3067,5.7524,-38.7511,-53.4961,39.1757,-1.1178,-1.4234,-1,G,56.2324,55.053,8.3121,7.8835,55.6769,0.1411,0.1499,1,91.1675
167807,1102143747,G,163.528,-29.2701,9.1172,-160.628,30.6572,-2.3584,2.8396,-1,G,28.3503,24.8478,-8.9591,-10.2981,26.4136,-0.3806,-0.3461,1,87.0734
167807,1102481685,G,120.371,-7.5581,-45.5402,111.167,46.1632,1.6126,-1.7353,1,G,72.9798,31.7609,52.0153,40.1459,60.9454,0.6185,1.0226,-1,117.733
167807,1102731961,G,42.5483,-20.9507,21.157,30.3939,29.775,0.896,2.3513,-1,G,37.811,21.3752,-21.345,-22.741,30.2077,-0.6954,-0.7847,1,79.9927
167807,1102932067,G,64.9574,20.2062,-44.7988,42.4762,49.1449,0.7821,-1.1471,-1,G,32.2747,5.3292,23.5325,-21.4352,24.1284,-0.8002,1.3481,1,88.9216
167807,1102056871,G,37.2062,-29.9267,-21.6878,-4.28,36.959,-0.1155,-2.5145,1,G,51.7393,39.0729,33.481,5.4112,51.4555,0.105,0.7085,-1,87.6772
167807,1102922320,G,139.737,31.927,-3.9534,-135.984,32.1708,-2.1483,-0.1232,1,G,97.5884,-53.263,-6.2239,-81.534,53.6254,-1.2061,-3.0253,-1,91.9281
167807,1103146415,G,51.3655,-27.7714,-36.8852,-22.5085,46.1711,-0.47,-2.2162,1,G,56.2945,44.4251,34.2569,4.6839,56.0992,0.0834,0.6569,-1,104.827
167807,1103944409,G,49.7965,22.3097,11.3909,-43.0373,25.0494,-1.31,0.4721,1,G,47.6962,-44.4581,-2.8018,17.0454,44.5463,0.3739,-3.0787,-1,90.9117
167807,1103381264,G,92.218,-30.4567,-25.5128,-83.2204,39.7305,-1.4852,-2.4443,-1,G,69.0309,16.9392,43.0738,-51.2149,46.2849,-0.9547,1.1961,1,86.2395
167807,1104185445,G,137.154,34.2581,-26.5288,130.13,43.3289,1.8195,-0.6589,1,G,109.179,-39.4193,25.0413,98.6872,46.7006,1.4931,2.5756,-1,91.0711
167807,1103321447,G,68.7825,-13.1468,-32.2253,-59.3272,34.8039,-1.3032,-1.9582,-1,G,33.9509,19.4941,22.4192,16.4322,29.7092,0.5282,0.8551,1,92.6161
167807,1104052535,G,48.7563,-41.8448,-12.7512,21.5311,43.7444,0.4742,-2.8458,1,G,49.0868,48.6254,0.0363,6.7138,48.6254,0.1376,0.0007,-1,92.5627
167807,1104331030,G,74.4969,35.463,15.3339,63.6947,38.6362,1.2745,0.4081,-1,G,73.2326,-39.7068,-35.2739,50.4194,53.112,0.8451,-2.4152,1,91.577
167807,1104386030,G,195.263,-14.308,-55.8747,186.55,57.6775,1.8901,-1.8215,-1,G,106.096,14.4002,34.9711,99.1262,37.8199,1.6913,1.1802,1,93.6447
167807,1104859072,G,61.6624,-14.438,28.8885,52.5285,32.2955,1.2629,2.0343,1,G,31.4584,12.308,-25.385,-13.919,28.2114,-0.4753,-1.1193,-1,84.6403
167807,1105133337,G,51.3492,26.4566,-0.3548,-44.0074,26.4589,-1.282,-0.0134,1,G,43.2173,-36.3792,10.9971,20.5753,38.005,0.5179,2.848,-1,90.4547
167807,1105106630,G,65.438,1.9523,39.5113,52.1265,39.5595,1.0892,1.5214,1,G,36.8747,23.9,-24.9527,-12.8795,34.5521,-0.3646,-0.8069,-1,89.7066
167807,1105457301,G,62.7188,-15.8729,23.1774,56.0759,28.0916,1.4419,2.1713,1,G,33.3792,9.5644,-23.1098,-22.1047,25.0108,-0.7968,-1.1784,-1,89.6716
167807,1105188802,G,35.3256,-32.7754,-11.0057,7.2483,34.5738,0.2081,-2.8176,1,G,78.4477,52.4176,15.9944,56.1303,54.8035,0.8984,0.2962,-1,92.2866
167807,1104900060,G,54.6846,21.6764,-32.9008,37.9218,39.3997,0.8546,-0.9882,-1,G,39.0826,-7.9002,27.8582,-26.2477,28.9568,-0.8136,1.8471,1,91.8738
167807,1105523692,G,100.296,38.9396,15.6929,91.0869,41.9828,1.517,0.3831,1,G,42.9532,-33.7164,-13.0358,23.2,36.1487,0.6043,-2.7727,-1,86.1664
167807,1106625233,G,78.3302,-38.3285,15.5946,-66.5082,41.3795,-1.2528,2.7552,-1,G,58.5283,35.9883,-27.6534,-36.9552,45.3858,-0.7438,-0.6552,1,88.7394
167807,1106103580,G,134.12,-44.5604,1.1728,-126.495,44.5759,-1.7658,3.1153,1,G,117.029,38.3372,23.1676,-108.118,44.7938,-1.6147,0.5436,-1,86.032
167807,1105990732,G,88.4839,-40.5114,15.4998,-77.1231,43.3753,-1.3397,2.7762,-1,G,50.2016,26.5881,-20.7009,-37.2121,33.6965,-0.9533,-0.6615,1,77.0729
167807,1105993415,G,110.275,39.4796,-20.3045,-100.944,44.3949,-1.5598,-0.475,-1,G,67.5752,-41.7347,23.6583,-47.591,47.9739,-0.8757,2.6259,1,97.7332
167807,1106660146,G,97.1285,14.2792,-23.4129,93.1765,27.4237,1.9372,-1.0231,-1,G,82.2888,-20.3579,50.3806,61.7964,54.3382,0.9752,1.9548,1,86.0799
167807,1105840411,G,80.7952,20.4837,39.7142,67.3131,44.6856,1.1983,1.0946,-1,G,55.7777,-25.3905,-39.3805,30.2595,46.8562,0.6077,-2.1435,1,95.4335
167807,1107869626,G,41.8818,-39.4787,-13.9229,1.2863,41.8619,0.0307,-2.8025,-1,G,52.9588,50.4354,14.3003,7.5092,52.4236,0.1428,0.2763,1,93.7932
167807,1106800341,G,218.59,35.3152,23.4579,-214.44,42.3962,-2.3237,0.5863,-1,G,263.749,-45.0174,-24.1105,-258.758,51.0674,-2.3255,-2.6499,1,92.9566
167807,1107072293,G,132.214,-47.4567,0.0612,-123.403,47.4567,-1.6839,3.1403,-1,G,85.7493,45.6249,1.4776,-72.5887,45.6488,-1.2437,0.0324,1,95.3383
167807,1107229149,G,51.2549,-24.0319,-43.6039,-12.1747,49.7879,-0.2422,-2.0745,-1,G,46.4308,12.0421,37.7879,-24.1427,39.6603,-0.5763,1.2623,1,89.6993
167807,1107676776,G,46.347,16.6806,-42.8483,5.8144,45.9807,0.1261,-1.1995,-1,G,45.6934,-3.7788,44.3571,-10.2978,44.5177,-0.2293,1.6558,1,91.0087
167807,1107598977,G,99.0747,31.2066,-19.9442,91.8921,37.0354,1.6402,-0.5687,1,G,29.1599,-28.0617,7.7851,1.4897,29.1216,0.0511,2.871,-1,86.984
167807,1108404836,G,76.0636,13.623,-42.8025,61.3842,44.9182,1.1184,-1.2627,-1,G,43.5214,-13.8726,38.3936,15.0859,40.823,0.3616,1.9175,1,91.8335
167807,1108041474,G,161.274,-51.4587,2.8303,152.818,51.5365,1.8074,3.0867,1,G,96.7227,45.9721,2.702,85.0561,46.0514,1.373,0.0587,-1,99.5871
167807,1108288848,G,92.9364,27.099,9.9859,88.3351,28.8803,1.8368,0.3531,1,G,28.5626,-25.0682,-10.7885,-8.4265,27.2912,-0.3041,-2.7352,-1,91.4979
167807,1108712289,G,108.513,-5.9212,38.4909,-101.284,38.9437,-1.684,1.7234,-1,G,46.3906,35.4888,-18.7799,-23.2365,40.1515,-0.5505,-0.4867,1,85.0117
167807,1108589998,G,78.5533,16.2005,-35.6877,68.0775,39.1927,1.3194,-1.1447,1,G,43.8623,0.2348,36.8142,23.8444,36.8149,0.6093,1.5644,-1,79.1491
167807,1109146998,G,66.7573,-42.6804,-7.8695,50.7246,43.3998,0.9958,-2.9593,1,G,36.0175,35.0476,6.7661,-4.8095,35.6948,-0.1343,0.1907,-1,91.6242
167807,1109142387,G,68.8553,-27.2977,-33.9638,-53.3136,43.5741,-1.0309,-2.2478,-1,G,45.7492,32.4871,28.283,-15.4152,43.0737,-0.3507,0.7163,1,91.3856
167807,1110090014,G,51.6887,-29.5244,18.3907,38.2336,34.7837,0.9498,2.5845,-1,G,44.345,30.678,-30.5355,-9.6391,43.2846,-0.2209,-0.7831,1,90.8626
167807,1110164497,G,40.7608,3.8405,-37.309,15.9599,37.5061,0.4136,-1.4682,1,G,55.2125,15.9838,50.4282,-15.8089,52.9007,-0.2946,1.2638,-1,92.9824
167807,1109531777,G,111.82,-2.607,23.9056,109.204,24.0474,2.2182,1.6794,1,G,26.9539,19.6321,-17.9515,-4.3388,26.6022,-0.1624,-0.7407,-1,89.0859
167807,1110074727,G,153.021,32.0771,-18.202,-148.51,36.8816,-2.1012,-0.5161,1,G,52.6969,-35.3046,16.8755,-35.2953,39.1305,-0.8103,2.6957,-1,92.3221
167807,1109294766,G,125.298,-11.8067,-28.1063,121.532,30.4854,2.0915,-1.9685,1,G,87.3111,4.6832,53.8332,68.5804,54.0365,1.0595,1.484,-1,91.3617
167807,1110432810,G,50.6614,8.1063,-50.0016,-0.833,50.6544,-0.0164,-1.4101,1,G,43.1539,-6.9032,39.2992,16.4367,39.9009,0.4011,1.7447,-1,91.8795
167807,1111512905,G,105.062,-19.3921,-48.9862,90.8977,52.685,1.3136,-1.9477,1,G,43.2297,-35.4038,23.2876,8.5471,42.3762,0.2004,2.5598,-1,91.86
167807,1110740032,G,86.1612,-35.0588,-12.1766,-77.7583,37.1132,-1.4854,-2.8073,1,G,47.0646,27.5657,30.9903,-22.2441,41.4761,-0.5135,0.8438,-1,85.6653
167807,1111316856,G,39.2662,29.6146,-4.3781,25.4092,29.9365,0.7703,-0.1468,-1,G,52.796,-50.232,15.5681,4.6668,52.5892,0.0886,2.8411,1,83.7889
167807,1110386126,G,64.2557,6.4778,24.2014,59.1702,25.0534,1.5946,1.3093,-1,G,62.6624,-0.1205,-50.0685,37.6788,50.0687,0.6952,-1.5732,1,77.5819
167807,1110407907,G,51.8991,-39.2326,9.5229,32.6132,40.3718,0.7388,2.9035,1,G,42.9811,40.5182,-11.0975,9.0819,42.0105,0.2145,-0.2673,-1,85.2035
167807,1111779872,G,33.6812,11.0801,31.5353,-4.1436,33.4252,-0.1236,1.2329,-1,G,87.8143,14.4222,-62.9988,-59.4516,64.6286,-0.8236,-1.3458,1,95.2706
167807,1111767788,G,56.5575,-36.3477,11.7802,41.699,38.209,0.9445,2.8282,1,G,54.2426,48.5184,-2.7108,24.1012,48.5941,0.4776,-0.0558,-1,87.8443
167807,1111945023,G,286.454,-23.4969,-54.286,280.28,59.153,2.2598,-1.9793,-1,G,51.9976,9.4305,28.4737,42.4742,29.9948,1.1473,1.251,1,97.5459
167807,1112115815,G,84.5275,13.6955,18.965,-81.2259,23.3931,-1.9581,0.9454,1,G,31.6758,-18.4861,-19.663,-16.5825,26.9883,-0.5812,-2.3254,-1,62.5563
167807,1112577717,G,71.2141,31.284,-28.2429,-57.4028,42.1468,-1.1157,-0.7344,1,G,42.0312,-27.4272,30.9784,-7.3958,41.3753,-0.1778,2.2955,-1,92.7539
167807,1111767434,G,60.5043,-10.0035,33.6021,49.3112,35.0595,1.1418,1.8601,1,G,41.0279,5.321,-40.6697,-0.9724,41.0163,-0.0237,-1.4407,-1,88.8835
167807,1111981506,G,130.896,-43.5664,1.9909,-123.417,43.6118,-1.7632,3.0959,-1,G,52.3908,36.1049,-13.7347,-35.3918,38.6291,-0.8209,-0.3635,1,90.4446
167807,1112458946,G,41.7541,-22.4728,-35.0519,-3.1194,41.6373,-0.0748,-2.1409,1,G,51.6419,19.3026,38.7433,28.1646,43.2855,0.6118,1.1086,-1,89.8436
167807,1111549281,G,31.173,-19.5173,-24.1319,-2.9103,31.0366,-0.0936,-2.2509,1,G,81.5399,30.7213,67.8113,-33.2652,74.4458,-0.4332,1.1454,-1,96.758
167807,1112209352,G,125.519,-11.1011,33.3244,-120.505,35.1248,-1.9465,1.8924,-1,G,45.6716,7.9168,-37.3327,-25.0894,38.1629,-0.6174,-1.3618,1,89.903
167807,1112255000,G,82.6835,-39.0794,23.0876,-69.1108,45.3898,-1.2072,2.608,-1,G,61.3622,30.6923,-29.1072,-44.4529,42.2995,-0.9169,-0.7589,1,88.0105
167807,1111654023,G,96.0251,-29.0593,-37.1772,-83.6314,47.1867,-1.3369,-2.2342,-1,G,84.4789,-49.1594,43.5884,-53.1043,65.7008,-0.7391,2.4162,1,87.8961
167807,1112424575,G,40.7917,35.5709,-12.5455,15.533,37.7184,0.401,-0.3391,-1,G,52.7612,-36.2049,21.4982,-31.7926,42.1066,-0.6972,2.6058,1,91.6909
167807,1113755177,G,64.8649,-8.3374,25.041,-59.2527,26.3925,-1.5481,1.8922,1,G,34.1632,12.8867,-22.3305,22.4142,25.7821,0.7859,-1.0474,-1,91.7684
167807,1112779600,G,149.502,50.8228,1.7196,-140.588,50.8519,-1.7413,0.0338,1,G,39.7983,-26.5972,20.1395,-21.6999,33.3617,-0.6116,2.4935,-1,91.8293
167807,1112930776,G,73.7726,-14.2357,-63.8806,-34.0441,65.4475,-0.4992,-1.7901,1,G,46.3486,-2.2062,32.4917,-32.9788,32.5666,-0.8903,1.6386,-1,93.1742
167807,1113300120,G,120.975,-43.5211,-18.326,-111.378,47.2221,-1.5934,-2.743,1,G,31.0512,30.6023,5.1654,-0.9905,31.0352,-0.0319,0.1672,-1,100.724
167807,1112980115,G,42.9646,-9.9137,23.1002,-34.8432,25.1377,-1.1299,1.9762,1,G,45.3602,38.5579,-12.5765,-20.3141,40.5571,-0.482,-0.3153,-1,61.8686
167807,1112791564,G,130.259,-36.3919,1.9605,-125.057,36.4446,-1.9467,3.0878,1,G,39.7746,34.7194,-5.7576,-18.5316,35.1936,-0.5048,-0.1643,-1,90.9759
167807,1113259116,G,46.9226,38.2098,-6.5807,26.4276,38.7724,0.6375,-0.1706,1,G,39.3278,-21.8166,-19.0469,-26.6067,28.9612,-0.8227,-2.4239,-1,80.7068
167807,1113179306,G,53.1792,-14.503,-24.4264,-44.9559,28.4075,-1.2397,-2.1066,-1,G,132.962,14.0388,44.7878,-124.402,46.9365,-1.7017,1.267,1,74.5096
167807,1113754868,G,38.1163,-17.2627,-33.9652,-1.0973,38.1004,-0.0288,-2.041,1,G,61.8352,10.3542,54.3143,27.6827,55.2924,0.4818,1.3824,-1,93.924
167807,1112868225,G,68.4552,25.298,-36.2276,-52.2845,44.1863,-1.0052,-0.9612,-1,G,35.2129,-15.0699,31.0929,6.7876,34.5524,0.1952,2.0221,1,92.4453
167807,1113649335,G,51.8005,13.2835,-46.9445,-17.4082,48.7877,-0.3496,-1.295,1,G,45.1566,-14.5336,38.397,18.803,41.0555,0.4433,1.9326,-1,96.5614
167807,1114346971,G,42.6725,-1.1564,-40.5086,13.3658,40.5251,0.3241,-1.5993,-1,G,50.8748,15.0771,47.9944,7.5799,50.3069,0.1501,1.2664,1,89.7917
167807,1114431547,G,54.1094,52.5895,-12.7167,-0.6743,54.1051,-0.0125,-0.2373,-1,G,29.7545,-28.0718,3.9186,9.0519,28.344,0.3142,3.0029,1,79.2745
167807,1114645019,G,52.0709,-0.5207,20.3197,47.9396,20.3264,1.5934,1.5964,-1,G,32.0373,8.3371,-30.8392,-2.4106,31.9463,-0.0754,-1.3068,1,69.4949
167807,1114396444,G,39.9278,12.0094,32.9123,19.1512,35.0349,0.5225,1.2209,-1,G,73.5042,-9.3022,-52.6381,50.4534,53.4537,0.8411,-1.7457,1,87.3244
167807,1114130185,G,44.59,42.2983,14.0887,-0.7821,44.583,-0.0175,0.3215,-1,G,52.0,-46.6206,20.4364,-10.6236,50.9031,-0.2072,2.7285,1,89.3804
167807,1114488152,G,51.2243,-14.0982,-17.7339,45.942,22.655,1.456,-2.2425,1,G,44.491,38.0537,7.531,-21.7862,38.7918,-0.5356,0.1954,-1,88.8817
167807,1113986790,G,132.503,-40.2734,1.4476,126.226,40.2994,1.8595,3.1057,1,G,238.284,58.4,1.8592,231.01,58.4296,2.0834,0.0318,-1,97.6041
167807,1114816402,G,105.728,19.1921,23.5541,-101.268,30.3831,-1.9188,0.8871,1,G,94.9472,-28.8697,-34.4609,-83.6298,44.9556,-1.3793,-2.2681,-1,76.6199
167807,1114933634,G,53.7922,-19.5843,-43.2686,25.2561,47.4944,0.5094,-1.9958,-1,G,45.3242,17.7751,41.4621,4.3837,45.1116,0.097,1.1658,1,94.5463
167807,1114315699,G,44.9494,19.9903,-15.9407,-36.9691,25.5679,-1.1644,-0.6732,1,G,42.1708,-27.2716,13.0404,29.4037,30.229,0.8619,2.6956,-1,86.4365
167807,1114486717,G,104.187,29.1293,-32.9293,94.4565,43.9643,1.5081,-0.8466,1,G,61.6647,-34.7141,25.72,43.9994,43.204,0.8943,2.5039,-1,90.8491
167807,1121906921,G,149.753,11.0665,-37.6783,-144.513,39.2698,-2.014,-1.2851,1,G,22.1261,-20.2099,8.9732,0.7721,22.1124,0.0349,2.7237,-1,89.2949
167807,1121624023,G,84.5797,-19.6499,34.8359,74.5256,39.9957,1.3808,2.0844,1,G,37.0172,23.3471,-28.3564,4.5921,36.7311,0.1247,-0.882,-1,92.0356
167807,1121320859,G,46.589,-28.0038,-3.608,-37.0579,28.2353,-1.086,-3.0135,1,G,45.4396,27.7804,6.2048,35.4189,28.4649,1.044,0.2197,-1,91.9771
167807,1121650866,G,45.1782,-19.2596,-38.5746,13.4956,43.1153,0.3081,-2.0339,-1,G,56.3901,20.9182,41.7647,31.5907,46.7104,0.6332,1.1065,1,90.9419
167807,1121802618,G,76.5325,15.1137,49.5845,56.3042,51.8368,0.941,1.2749,-1,G,30.638,-3.3444,-27.4569,-13.1759,27.6599,-0.46,-1.692,1,94.8542
167807,1121824362,G,65.9249,-25.1396,-29.4927,-53.3316,38.7533,-1.1241,-2.2767,-1,G,74.1088,51.4863,20.187,-49.333,55.3024,-0.803,0.3737,1,91.0421
167807,1121013644,G,146.739,-31.1354,-11.0259,142.973,33.0301,2.1715,-2.8013,1,G,38.88,34.3219,2.7957,18.0509,34.4356,0.5027,0.0813,-1,91.9117
167807,1121889148,G,85.3269,25.2319,-10.9766,80.7684,27.5161,1.7978,-0.4103,1,G,78.4664,-30.4934,12.2249,71.2577,32.8526,1.5168,2.7603,-1,60.7211
167807,1122465133,G,193.043,44.0916,-1.8369,187.931,44.1299,2.1556,-0.0416,-1,G,140.385,-45.5588,3.6076,132.738,45.7014,1.7878,3.0626,1,91.3254
167807,1122497158,G,296.789,-1.5744,-55.8206,-291.488,55.8428,-2.3547,-1.599,-1,G,82.2576,23.7313,38.8053,-68.5367,45.4865,-1.1985,1.0219,1,115.231
167807,1122548230,G,81.9512,-1.7656,-39.592,71.731,39.6314,1.3553,-1.6154,-1,G,39.4643,2.9013,38.723,7.038,38.8315,0.1803,1.496,1,92.3857
167807,1122593782,G,39.3768,20.6278,-12.2885,31.2091,24.0107,1.0783,-0.5373,1,G,29.1537,-19.421,21.4433,-3.5964,28.9308,-0.124,2.3068,-1,62.0379
167807,1122355471,G,176.157,7.2915,-44.1401,170.381,44.7382,2.0472,-1.4071,-1,G,61.6096,-6.0351,35.1936,50.2068,35.7073,1.1415,1.7406,1,88.2738
167807,1122588383,G,44.7104,37.3092,13.4771,-20.6253,39.6687,-0.499,0.3466,1,G,31.0472,-28.772,7.8669,8.6142,29.8281,0.2849,2.8747,-1,71.1794
167807,1122795158,G,78.412,-10.6935,39.2008,67.0625,40.6332,1.2754,1.8371,1,G,87.7322,-7.6288,-52.8772,69.5898,53.4247,1.08,-1.7141,-1,91.6914
167807,1122619677,G,54.2145,23.3319,-23.2907,-43.0392,32.9671,-1.0818,-0.7845,1,G,40.0216,-24.6919,25.3794,18.6525,35.409,0.505,2.3425,-1,90.9919
167807,1123044816,G,144.121,-26.8185,-25.8897,-139.217,37.2761,-2.0283,-2.3738,-1,G,43.6581,17.4978,31.8523,-24.1925,36.342,-0.6243,1.0685,1,91.8473
167807,1123150112,G,53.9282,8.666,25.7553,46.5811,27.1742,1.308,1.2462,-1,G,58.1815,-8.3154,-57.3641,5.029,57.9636,0.0867,-1.7147,1,94.3702
167807,1124252855,G,81.4144,-50.7358,2.2732,-63.6317,50.7867,-1.0494,3.0968,1,G,60.2776,34.8068,25.7206,-41.9561,43.2789,-0.8596,0.6364,-1,88.8281
167807,1124281519,G,97.2377,43.15,-13.9443,86.0162,45.3472,1.3965,-0.3126,1,G,70.9252,-37.0191,22.0699,56.3283,43.0987,1.0827,2.604,-1,88.956
167807,1123697376,G,113.511,-8.9516,44.0173,104.246,44.9183,1.5785,1.7714,1,G,70.9797,27.0477,-34.9433,55.5473,44.1883,1.052,-0.9121,-1,89.9631
167807,1124258943,G,130.867,23.9293,-32.8037,124.409,40.6041,1.8385,-0.9406,1,G,37.8292,-17.2449,29.4231,16.3686,34.1043,0.4632,2.1009,-1,92.6506
167807,1123388564,G,75.467,-49.0032,12.2311,56.0744,50.5066,0.9572,2.897,1,G,48.4264,39.8345,-5.5983,26.9625,40.226,0.6281,-0.1396,-1,91.2491
167807,1124196156,G,52.0768,-17.9382,-26.0578,41.3666,31.6352,1.0831,-2.1737,-1,G,79.0663,2.585,53.4867,58.1718,53.5491,0.9411,1.5225,1,79.3887
167807,1125196898,G,129.764,-21.4661,-18.6093,126.616,28.4095,2.1999,-2.4274,-1,G,26.1303,25.3883,4.8724,3.8041,25.8517,0.1466,0.1896,1,84.1996
167807,1124778673,G,52.0736,-10.7961,-42.4926,28.0974,43.8426,0.6036,-1.8196,1,G,63.9848,47.3928,29.4549,31.3109,55.8003,0.5352,0.5561,-1,91.8199
167807,1125105462,G,50.2584,-0.7244,-45.9283,-20.3953,45.934,-0.4306,-1.5866,-1,G,49.5073,-3.2646,45.3281,-19.6384,45.4455,-0.4197,1.6427,1,91.2921
167807,1126292111,G,123.127,-13.5925,-24.9353,-119.807,28.3994,-2.1464,-2.0699,-1,G,26.5189,-26.1153,2.6414,3.7755,26.2485,0.1433,3.0408,1,82.8061
167807,1126846036,G,48.2754,-12.1914,-39.7576,24.5195,41.5849,0.5599,-1.8683,-1,G,46.1309,14.9453,42.4808,10.0035,45.0331,0.2203,1.2325,1,87.7822
167807,1125837345,G,152.072,14.9296,40.9991,-145.678,43.6327,-1.9204,1.2216,1,G,117.206,2.2047,-32.5103,-112.586,32.5849,-1.9533,-1.5031,-1,73.7907
167807,1125973210,G,99.4412,-16.7248,35.7428,91.2758,39.4622,1.5755,2.0084,-1,G,63.1775,-1.6522,-49.487,39.2389,49.5146,0.7268,-1.6042,1,94.2557
167807,1126070760,G,59.4548,14.7755,28.2384,50.1909,31.8704,1.2356,1.0887,1,G,43.4485,-7.8456,-37.8085,19.918,38.6139,0.4953,-1.7754,-1,74.3923
167807,1126808455,G,48.5018,-21.8962,-25.4238,-35.0229,33.5531,-0.912,-2.2818,-1,G,41.6042,22.1914,23.2286,26.4362,32.1252,0.7505,0.8082,1,89.6686
167807,1126036924,G,84.3726,3.6549,53.9538,64.7639,54.0774,1.0144,1.5032,-1,G,53.0214,2.5486,-34.7803,39.9386,34.8736,0.9804,-1.4976,1,86.6511
167807,1127837772,G,45.4644,-36.6556,11.7576,-24.1892,38.4952,-0.593,2.8312,1,G,76.0995,43.3196,31.3459,54.1477,53.4711,0.8903,0.6264,-1,109.444
167807,1127445767,G,53.859,-19.8331,-30.9284,-39.381,36.7413,-0.9313,-2.141,-1,G,45.7758,25.8552,37.4148,-5.2009,45.4792,-0.1141,0.9661,1,88.6634
167807,1127133325,G,57.6681,-41.9369,-30.3271,-25.4393,51.7536,-0.4736,-2.5155,-1,G,43.8803,28.0799,33.1045,-6.4093,43.4096,-0.1471,0.8673,1,95.3835
167807,1127425261,G,52.2352,-1.0698,-26.0967,-45.2362,26.1187,-1.3169,-1.6118,1,G,41.3165,3.6563,31.4611,26.5306,31.6728,0.7618,1.4551,-1,91.4688
167807,1127375153,G,59.1829,-46.9625,-25.394,25.5396,53.3885,0.4618,-2.6459,1,G,37.9011,32.4862,19.499,0.9576,37.8888,0.0253,0.5406,-1,92.0809
167807,1127728583,G,109.042,-17.1356,33.3988,102.377,37.5381,1.7285,2.0448,1,G,50.3372,7.3926,-39.6883,30.0667,40.371,0.689,-1.3866,-1,87.8973
167807,1128293481,G,85.027,-18.209,42.2735,71.491,46.0285,1.2239,1.9775,1,G,52.6791,20.5431,-36.2461,32.2379,41.6629,0.7121,-1.0552,-1,90.3412
167807,1128467195,G,174.033,3.5185,45.205,-168.023,45.3417,-2.0208,1.4931,-1,G,112.019,-5.5982,-45.1926,-102.345,45.538,-1.5491,-1.694,1,93.3953
167807,1128557859,G,54.2028,-37.772,-19.3156,-33.736,42.4242,-0.7289,-2.6689,1,G,69.1785,41.1165,30.272,-46.6766,51.0584,-0.8194,0.6346,-1,92.8738
167807,1128737627,G,43.9518,-4.6825,-43.6936,0.8324,43.9438,0.0189,-1.6776,-1,G,48.5834,3.4213,46.09,-14.9784,46.2168,-0.3187,1.4967,1,91.4075
167807,1128107171,G,124.197,45.148,-14.2435,-114.82,47.3416,-1.6191,-0.3056,-1,G,116.522,-48.2688,17.6539,-104.574,51.3959,-1.459,2.791,1,98.9458
167807,1128659147,G,81.1987,11.8762,-43.9756,-67.2185,45.551,-1.1812,-1.307,-1,G,65.8062,54.4366,24.0941,-28.046,59.5304,-0.4552,0.4167,1,87.9913
167807,1128625982,G,88.2176,-15.0975,54.5402,67.6739,56.5913,1.0133,1.8409,1,G,55.0822,52.4615,16.0918,4.784,54.874,0.0871,0.2976,-1,94.3384
167807,1129234415,G,60.1507,35.6092,13.993,-46.4141,38.2599,-1.0244,0.3744,-1,G,42.8902,3.0924,-31.9753,28.4178,32.1245,0.7974,-1.4744,1,92.0455
167807,1129208953,G,102.808,0.2742,-49.3087,-90.2115,49.3094,-1.3647,-1.5652,-1,G,59.7828,-0.377,41.1907,-43.3262,41.1924,-0.9175,1.5799,1,92.3993
167807,1128108709,G,209.611,73.2158,-5.2897,-196.337,73.4067,-1.7102,-0.0721,-1,G,28.8202,-19.0336,-7.3827,-20.3422,20.4153,-0.8788,-2.7716,1,82.4816
167807,1128684677,G,63.0506,37.3472,-7.7789,-50.2,38.1487,-1.0881,-0.2054,-1,G,40.0645,-36.2317,7.0942,15.5591,36.9197,0.4099,2.9482,1,97.1134
167807,1128355844,G,65.341,-53.9255,-0.3482,36.8965,53.9266,0.6397,-3.1351,1,G,40.8471,36.0477,11.5177,15.3747,37.843,0.3959,0.3093,-1,89.9958
167807,1129524997,G,75.4911,18.3632,31.6632,66.0237,36.6028,1.3523,1.0453,-1,G,97.0866,-8.973,-53.4602,80.5437,54.208,1.1869,-1.7371,1,87.9646
167807,1129474779,G,53.5507,-23.6676,-46.8132,10.7722,52.456,0.2039,-2.0389,-1,G,47.3526,-10.0675,31.6325,-33.7682,33.1959,-0.8935,1.8789,1,91.0174
167807,1130168211,G,46.0049,-22.3066,40.0369,3.988,45.8316,0.0869,2.0791,1,G,64.0725,23.0435,-39.0059,45.3079,45.3041,0.8814,-1.0372,-1,98.4141
167807,1129347726,G,41.3453,-2.9234,-23.8113,-33.6734,23.9901,-1.1401,-1.693,-1,G,51.4267,-14.5749,15.9867,46.655,21.6334,1.5116,2.31,1,89.8371
167807,1129956254,G,85.2771,6.4694,42.5159,-73.6391,43.0053,-1.3071,1.4198,1,G,65.6414,-37.679,-33.519,-42.0185,50.4304,-0.7584,-2.4146,-1,91.3495
167807,1130140670,G,130.001,27.4948,-21.4229,-125.242,34.8554,-1.991,-0.6619,-1,G,65.1028,-27.7108,34.8217,-47.5177,44.5021,-0.9285,2.243,1,89.6679
167807,1129875004,G,51.0715,29.005,-19.242,-37.373,34.8072,-0.9325,-0.5857,1,G,41.1275,-34.5,21.8152,5.0305,40.8186,0.1229,2.5777,-1,86.1267
167807,1129730427,G,38.046,-36.0218,2.8775,-11.9011,36.1366,-0.3237,3.0619,-1,G,52.5846,50.547,4.7162,13.7069,50.7666,0.2668,0.093,1,89.1179
167807,1130285330,G,45.4202,-35.446,27.9369,-5.1082,45.1319,-0.1129,2.4741,1,G,53.27,39.8996,-21.6332,-27.8875,45.387,-0.5812,-0.4968,-1,92.6902
167807,1129307266,G,90.9209,-27.3969,-30.642,81.0992,41.1038,1.4315,-2.3003,-1,G,79.0185,37.6436,35.4102,59.7746,51.681,0.9879,0.7548,1,94.3731
167807,1129536338,G,67.699,-38.2231,-9.6191,-55.0419,39.4149,-1.1359,-2.8951,-1,G,29.991,23.1985,16.7714,8.9444,28.626,0.3076,0.626,1,84.5073
167807,1129496017,G,81.2424,-46.0182,20.7823,63.6454,50.4934,1.0541,2.7174,1,G,63.5091,45.4418,13.2725,42.3353,47.3404,0.8046,0.2842,-1,92.5258
167807,1129580846,G,45.5531,-26.9744,3.6443,-36.5263,27.2195,-1.1038,3.0073,-1,G,39.9447,26.0587,0.2661,30.2729,26.06,0.9912,0.0102,1,85.1742
167807,1129676328,G,138.841,41.3042,10.9737,132.1,42.7371,1.8468,0.2597,1,G,48.2202,-36.2441,-15.6995,27.6598,39.4982,0.6529,-2.7328,-1,97.0609
167807,1130201944,G,120.543,16.2561,-50.7519,-108.124,53.2918,-1.4565,-1.2608,1,G,25.8942,15.8419,20.4798,-0.3287,25.8919,-0.0127,0.9124,-1,87.9512
167807,1140883371,G,55.5731,37.6199,-6.1955,40.4316,38.1266,0.9235,-0.1632,1,G,42.5828,-42.0246,6.1257,-3.1128,42.4687,-0.0732,2.9968,-1,90.6778
167807,1140861717,G,42.3002,-27.6895,-30.6039,-9.2732,41.2711,-0.2228,-2.3062,1,G,105.004,69.4113,-68.1925,-39.4675,97.3044,-0.3952,-0.7765,-1,88.4389
167807,1140877312,G,69.0035,-18.7566,35.9855,-55.8096,40.5804,-1.1235,2.0513,1,G,40.6406,21.7273,-34.3448,-0.0183,40.6404,-0.0004,-1.0067,-1,94.3057
167807,1140933539,G,49.3621,9.1565,-36.9105,-31.4703,38.0293,-0.754,-1.3276,-1,G,59.7507,-19.14,50.8372,-24.8873,54.3209,-0.4435,1.9309,1,91.8467
167807,1140758541,G,101.301,32.5937,-0.582,-95.9125,32.5988,-1.8,-0.0179,-1,G,32.4895,-32.3693,-0.3701,-2.7655,32.3714,-0.0853,-3.1302,1,90.3416
167807,1140543031,G,85.0771,12.2529,-40.2016,-73.9716,42.0274,-1.3309,-1.275,1,G,54.13,-14.2443,42.7047,-30.0575,45.0177,-0.626,1.8927,-1,92.4463
167807,1141022487,G,95.7598,34.6458,22.2677,-86.4508,41.1847,-1.4871,0.5712,1,G,115.584,-33.8882,-29.2363,-106.567,44.7567,-1.6021,-2.4298,-1,85.7977
167807,1141488934,G,25.8755,-5.7383,-21.2315,13.6318,21.9933,0.5857,-1.8348,1,G,90.9951,-28.6625,60.1347,-61.987,66.6162,-0.8314,2.0156,-1,92.8637
167807,1142168280,G,75.0843,35.2721,-22.2587,62.4345,41.7082,1.1931,-0.5629,-1,G,38.1967,-31.1405,20.1446,9.1347,37.0882,0.2439,2.5674,1,87.6864
167807,1141225264,G,58.3401,23.5923,28.2515,45.2638,36.8068,1.0349,0.875,-1,G,54.9968,-42.7472,-7.1133,33.8631,43.335,0.7181,-2.9767,1,75.9634
167807,1141305357,G,70.5402,23.9032,-35.607,56.0061,42.8862,1.0821,-0.9796,1,G,115.491,-24.9645,35.2321,107.116,43.1802,1.64,2.1873,-1,89.4307
167807,1142208759,G,131.458,-53.7099,-15.0529,119.038,55.7794,1.502,-2.8683,-1,G,46.8399,28.8036,14.2384,34.082,32.1307,0.9237,0.4591,1,87.8844
167807,1141317139,G,84.0397,-24.1873,-28.2059,75.3795,37.1564,1.4564,-2.2796,1,G,186.971,34.2847,35.2717,180.385,49.1887,2.0107,0.7996,-1,88.7675
167807,1141838452,G,40.8553,-0.4261,-40.8111,1.8488,40.8134,0.0453,-1.5812,1,G,62.0438,-10.0719,38.9932,-47.1965,40.273,-0.9979,1.8236,-1,91.7513
167807,1141975538,G,76.2358,35.7768,8.6034,-66.7675,36.7967,-1.3575,0.236,-1,G,62.8488,-35.0856,-20.1116,-48.1091,40.441,-1.0093,-2.6211,1,77.5564
167807,1142123418,G,55.3091,-36.5652,-11.2439,-39.9456,38.2549,-0.9123,-2.8433,-1,G,32.656,32.0067,0.9518,6.4088,32.0208,0.1988,0.0297,1,80.5384
167807,1142898233,G,41.0959,19.4352,-36.1228,-2.5065,41.0193,-0.0611,-1.0772,1,G,40.6979,-13.2793,34.4547,17.1127,36.9251,0.4483,1.9387,-1,80.226
167807,1142574716,G,162.89,30.0916,-22.5699,158.488,37.6153,2.1452,-0.6435,-1,G,45.2771,-30.4243,20.3744,26.6317,36.6163,0.6749,2.5515,1,95.1817
167807,1142302497,G,99.5255,-36.4916,-3.6757,-92.5212,36.6763,-1.6556,-3.0412,-1,G,246.597,51.3044,14.5645,-240.76,53.3317,-2.2125,0.2766,1,91.5744
167807,1142764041,G,100.463,46.2031,17.9983,87.3739,49.5849,1.3319,0.3715,1,G,29.4359,-25.8427,-13.5828,3.7584,29.1948,0.1284,-2.6577,-1,90.1923
167807,1142251070,G,32.3066,17.0605,23.4475,14.2431,28.9973,0.4733,0.9418,-1,G,97.5293,-52.4821,-41.2103,71.1287,66.7283,0.9272,-2.4759,1,89.4361
167807,1143178022,G,59.3618,-16.1458,37.0203,43.5043,40.3879,0.9349,1.9821,1,G,34.9086,19.8522,-28.4666,3.7601,34.7053,0.1081,-0.9618,-1,81.0313
167807,1142964892,G,64.2552,-6.7717,35.8423,52.898,36.4764,1.1668,1.7575,-1,G,27.4716,8.7849,-25.0401,-7.1059,26.5364,-0.2647,-1.2334,1,78.7156
167807,1143311274,G,118.624,24.3085,21.307,-114.135,32.3248,-1.9742,0.7197,-1,G,25.6103,-17.1555,-18.8203,2.7135,25.4659,0.1064,-2.31,1,91.2771
167807,1144331044,G,61.1726,43.5611,-19.514,-38.2584,47.7323,-0.7339,-0.4212,-1,G,50.3017,-39.278,17.2496,-26.2667,42.8988,-0.5793,2.7278,1,90.7719
167807,1144376236,G,45.1047,-43.738,-2.3094,-10.7739,43.799,-0.2436,-3.0888,1,G,53.7412,46.8638,-0.5847,-26.2972,46.8675,-0.5352,-0.0125,-1,91.532
167807,1143967358,G,51.7256,-14.8738,-49.068,-6.8282,51.2728,-0.1328,-1.8651,-1,G,41.5534,12.5143,36.6901,14.9635,38.7655,0.377,1.2421,1,92.0652
167807,1144460775,G,78.5528,27.0356,-21.2101,70.6381,34.3626,1.4683,-0.6652,-1,G,32.997,-24.0921,21.3666,-7.1991,32.2019,-0.2217,2.4161,1,91.7069
167807,1144073329,G,43.6482,2.8603,-42.0142,-11.4794,42.1115,-0.2693,-1.5028,-1,G,64.3047,-53.3944,14.2697,32.8709,55.2683,0.5643,2.8805,1,88.7286
167807,1144439401,G,74.9156,20.138,30.8506,-65.2306,36.8416,-1.3361,0.9925,-1,G,42.5168,-7.8202,-40.4868,-10.3601,41.2352,-0.2487,-1.7616,1,88.4976
167807,1143866085,G,99.2434,-27.1366,27.2107,91.501,38.4293,1.6021,2.3548,1,G,45.9157,26.1767,-29.8422,23.0752,39.696,0.5527,-0.8507,-1,89.0821
167807,1143758795,G,58.3181,-10.2165,-43.9742,36.9173,45.1454,0.7465,-1.7991,1,G,37.5333,8.6951,35.567,-8.2536,36.6144,-0.2236,1.331,-1,91.0653
167807,1143689587,G,51.3473,7.8534,21.4121,-46.0042,22.8069,-1.4513,1.2193,1,G,390.534,69.369,-41.9924,-382.023,81.089,-2.2542,-0.5443,-1,75.2677
167807,1143606735,G,48.7826,32.8588,-29.7947,-20.3052,44.3557,-0.4431,-0.7365,1,G,61.2478,-37.1829,28.8108,39.2257,47.0386,0.7589,2.4824,-1,108.301
167807,1144492119,G,78.7697,-44.2065,25.1965,60.1296,50.883,1.0042,2.6235,1,G,31.8488,26.164,-12.8293,-12.8527,29.1401,-0.4279,-0.4559,-1,97.5852
167807,1144808999,G,148.35,35.7763,18.5266,142.775,40.2887,1.9777,0.4778,-1,G,151.376,-46.7482,-18.7804,142.746,50.3795,1.7644,-2.7596,1,90.5152
167807,1144607223,G,48.6368,5.4917,-48.2349,-2.9602,48.5465,-0.0609,-1.4574,1,G,49.1081,-6.4221,43.5517,-21.7624,44.0227,-0.4761,1.7172,-1,94.4461
167807,1145546072,G,48.2044,1.9043,-39.5274,27.5247,39.5732,0.649,-1.5227,1,G,46.0575,-0.1295,45.8257,-4.6123,45.8259,-0.1005,1.5736,-1,91.2004
167807,1145634610,G,69.9918,-27.7075,12.179,63.1094,30.2661,1.4811,2.7275,1,G,29.6269,25.0765,-12.3581,9.8075,27.7683,0.344,-0.458,-1,67.8236
167807,1145210614,G,135.403,-31.4557,-17.1545,130.576,35.8293,2.0046,-2.6423,1,G,102.474,43.9095,21.2017,90.1295,48.7602,1.3737,0.4498,-1,87.7656
167807,1145087842,G,88.8995,30.8758,-4.2786,-83.2556,31.1709,-1.7089,-0.1377,1,G,34.7856,-34.0307,4.3643,5.7352,34.3094,0.1664,3.014,-1,96.3258
167807,1145184522,G,62.1569,-34.8939,15.2122,49.1372,38.0657,1.0729,2.7305,1,G,43.7629,39.8029,-15.9385,8.7676,42.8755,0.2031,-0.3809,-1,88.5517
167807,1145727771,G,73.5856,-70.0048,12.3097,19.0426,71.0788,0.2648,2.9675,-1,G,28.5386,27.8451,5.9243,1.9983,28.4684,0.0701,0.2096,1,88.7508
167807,1145186939,G,98.8221,-18.1685,-9.7806,-96.6439,20.6338,-2.2485,-2.6478,-1,G,27.2622,22.7205,6.5248,-13.5802,23.6388,-0.5468,0.2797,1,60.9637
167807,1145713756,G,52.6386,-47.2015,5.3249,22.682,47.5009,0.461,3.0293,-1,G,40.7927,40.6779,-2.8428,-1.1223,40.7771,-0.0275,-0.0698,1,90.6414
167807,1144613966,G,32.6661,-28.977,-12.0346,9.0863,31.3767,0.2857,-2.7479,-1,G,39.4817,34.6497,16.0217,10.0747,38.1745,0.2609,0.4331,1,69.2104
167807,1145330573,G,89.4342,37.1106,0.5078,81.3696,37.1141,1.5265,0.0137,1,G,56.8554,-47.0746,2.9282,31.748,47.1656,0.6305,3.0795,-1,92.1628
167807,1145398129,G,51.2735,43.0981,-25.6288,-10.7087,50.1426,-0.212,-0.5365,-1,G,44.6223,-28.583,33.8125,5.5552,43.8502,0.1252,2.2726,1,94.2962
167807,1146742812,G,167.079,-30.2391,-34.5001,-160.657,45.8766,-1.9663,-2.2905,-1,G,181.349,31.3264,35.4663,-175.067,47.3202,-2.0192,0.8473,1,93.2183
167807,1146316599,G,149.711,-29.0816,0.4243,146.859,29.0847,2.3221,3.127,-1,G,40.0043,35.0044,2.3708,19.2199,35.0845,0.5236,0.0676,1,91.4708
167807,1146214091,G,37.5055,-21.465,-17.6666,-25.1753,27.8002,-0.813,-2.453,1,G,59.2621,35.6326,22.4751,41.6795,42.1285,0.8738,0.5627,-1,94.1687
167807,1146341923,G,73.1031,-33.5779,-28.4198,-58.3857,43.9905,-1.095,-2.4392,1,G,50.926,5.6858,47.7666,-16.7174,48.1038,-0.3409,1.4523,-1,92.6848
167807,1146504789,G,67.5293,1.967,34.579,-57.9708,34.6349,-1.2874,1.514,1,G,33.5323,-9.2037,-32.1318,-2.6918,33.4239,-0.0804,-1.8498,-1,80.4683
167807,1146825454,G,90.7839,-34.0728,19.4401,-81.8709,39.2285,-1.4819,2.6231,-1,G,57.2975,38.4793,-26.1072,-33.4775,46.4999,-0.6689,-0.5961,1,92.5148
167807,1147691789,G,56.8081,-12.6453,-54.7859,-8.1087,56.2263,-0.1437,-1.7976,1,G,37.0553,4.2297,36.703,-2.8437,36.9459,-0.0769,1.4561,-1,91.0636
167807,1147269556,G,91.0084,51.8714,-44.7274,59.9278,68.4922,0.7901,-0.7116,1,G,42.8671,5.7927,36.4528,21.7994,36.9102,0.5608,1.4132,-1,88.5985
167807,1147529256,G,48.3928,-16.0675,-39.7153,22.5031,42.8424,0.5037,-1.9552,1,G,48.8146,18.6799,42.4403,15.2556,46.3694,0.3233,1.1562,-1,89.4948
167807,1148534109,G,23.3442,-10.7653,-20.6736,1.2852,23.3086,0.0551,-2.0509,1,G,93.2329,68.5617,44.2378,45.1074,81.5947,0.528,0.573,-1,86.8462
167807,1148358683,G,68.6345,7.0175,34.8345,58.7196,35.5344,1.2765,1.372,1,G,39.0065,0.5643,-38.9967,0.6597,39.0008,0.0169,-1.5563,-1,89.3638
167807,1148372931,G,58.558,-52.3522,21.5437,14.9715,56.6117,0.2615,2.7512,-1,G,35.2182,22.3621,-8.1318,-25.9638,23.7948,-0.9444,-0.3488,1,87.1428
167807,1148911642,G,41.7221,32.2483,-26.3841,2.1566,41.6662,0.0517,-0.6857,1,G,56.465,-30.2138,26.2548,-39.8259,40.0273,-0.8778,2.4262,-1,90.6509
167807,1148640253,G,41.2347,-4.6207,-38.927,12.7917,39.2003,0.3208,-1.6889,-1,G,52.1073,3.8676,42.2578,-30.2403,42.4345,-0.663,1.4795,1,91.633
167807,1149194788,G,117.67,-27.2856,-27.924,111.004,39.0416,1.7677,-2.3446,-1,G,44.426,14.8712,33.6285,24.9325,36.77,0.6346,1.1544,1,87.2332
167807,1148156524,G,103.12,-37.0331,-29.1685,-91.7142,47.1407,-1.419,-2.4744,1,G,25.5148,23.7198,5.4117,7.6861,24.3293,0.3109,0.2243,-1,93.5125
167807,1148456668,G,31.4082,-3.1735,-30.7115,-5.7619,30.875,-0.1856,-1.6738,-1,G,42.1639,13.3902,39.9354,1.9107,42.1205,0.0453,1.2473,1,72.1704
167807,1150023502,G,276.681,6.667,-60.9742,-269.797,61.3376,-2.1871,-1.4619,-1,G,80.7168,-21.1705,27.1435,-73.0084,34.4233,-1.4964,2.2332,1,94.1447
167807,1150265626,G,157.533,1.6983,-32.0753,154.223,32.1202,2.2727,-1.5179,-1,G,22.3237,0.849,22.282,1.0605,22.2982,0.0475,1.5327,1,90.1823
167807,1150102141,G,119.34,6.6766,-80.4115,87.9288,80.6882,0.9434,-1.488,1,G,45.8046,-29.3715,14.5726,31.9844,32.7879,0.8639,2.681,-1,89.6872
167807,1149839124,G,57.1977,-45.4089,-15.7529,-31.0072,48.0638,-0.6071,-2.8077,1,G,60.6753,41.7331,12.8933,-42.1141,43.6793,-0.8558,0.2996,-1,92.3344
167807,1150055529,G,127.715,-26.774,-35.5406,-119.713,44.497,-1.7157,-2.2164,-1,G,81.0637,16.7423,39.3009,-68.8945,42.7184,-1.2557,1.1681,1,88.8882
167807,1149345206,G,48.5008,45.8624,15.5528,-2.6591,48.4278,-0.0549,0.3269,-1,G,48.5991,-44.9967,18.092,-3.1361,48.4977,-0.0646,2.7593,1,90.8961
167807,1149290145,G,42.1073,13.2768,39.9391,-1.2696,42.0881,-0.0302,1.2499,1,G,56.7378,-12.81,-39.0817,-39.0857,41.1275,-0.8458,-1.8875,-1,90.2267
167807,1149294359,G,75.6643,38.3129,18.4093,-62.5963,42.5063,-1.1795,0.4479,-1,G,46.6419,-39.3849,-21.3037,-13.055,44.7774,-0.2876,-2.6458,1,96.0529
167807,1149482308,G,61.4327,-7.438,-48.0767,37.5137,48.6486,0.71,-1.7243,-1,G,21.4351,7.2758,19.8101,-3.7522,21.1039,-0.1769,1.2188,1,70.2013
167807,1150955612,G,69.2867,37.8975,22.4929,-53.4648,44.0699,-1.0244,0.5356,-1,G,33.5368,-24.4992,-20.8868,9.3936,32.1942,0.2878,-2.4356,1,91.9147
167807,1150576671,G,71.5029,36.1375,15.1432,59.8116,39.182,1.2094,0.3968,-1,G,31.94,-17.9536,-23.1883,-12.654,29.3262,-0.4191,-2.2296,1,89.8957
167807,1150890935,G,195.799,-41.8573,5.1886,-191.202,42.1777,-2.2165,3.0183,1,G,103.226,41.6641,-10.356,-93.8748,42.9318,-1.5241,-0.2436,-1,90.1132
167807,1151315692,G,66.7943,-13.7085,-33.1654,56.3347,35.8869,1.2329,-1.9627,-1,G,58.3698,15.923,42.3368,36.8928,45.2321,0.7448,1.2111,1,82.9799
167807,1150650891,G,69.8557,28.0703,25.1863,-58.8006,37.7133,-1.2271,0.7313,-1,G,39.574,-29.4197,-26.449,1.0121,39.5609,0.0256,-2.4093,1,92.9081
167807,1150949994,G,104.562,22.4824,37.3762,-95.0301,43.6169,-1.5208,1.0293,1,G,64.1524,-26.2705,-39.3839,-43.293,47.3417,-0.8196,-2.1591,-1,96.5029
167807,1150754013,G,107.768,19.3263,32.5817,-100.891,37.8824,-1.7062,1.0354,-1,G,28.2837,-19.1826,-19.889,-6.0342,27.6323,-0.2167,-2.3381,1,83.163
167807,1150909197,G,67.2995,-20.6623,37.5358,-51.8974,42.847,-1.0231,2.074,1,G,51.711,20.8521,-39.3326,-26.3086,44.5182,-0.5611,-1.0833,-1,89.6885
167807,1151942468,G,120.148,-18.3194,-36.0954,113.124,40.4782,1.7514,-2.0404,1,G,29.2818,-1.3062,29.2065,-1.639,29.2357,-0.056,1.6155,-1,97.3022
167807,1151986199,G,159.642,-6.352,-40.9373,154.173,41.4272,2.0249,-1.7247,-1,G,61.6349,6.007,37.5408,48.5125,38.0183,1.0637,1.4121,1,88.7152
167807,1151966112,G,77.9173,-22.4652,38.2516,-64.0564,44.3607,-1.1633,2.1018,1,G,39.9776,19.9825,-32.1527,-12.8493,37.8562,-0.3332,-1.0147,-1,89.1143
167807,1152076730,G,148.753,-37.4102,12.3452,-143.442,39.3945,-2.0038,2.8228,-1,G,73.3349,34.1462,0.2981,-64.8994,34.1475,-1.3983,0.0087,1,75.8056
167807,1151732795,G,84.0859,-3.2882,-21.0883,81.332,21.3432,2.0477,-1.7255,1,G,47.5678,-14.9504,43.4999,12.1213,45.9973,0.2606,1.9018,-1,88.1149
167807,1153169380,G,53.366,-19.0128,-40.3203,-29.3378,44.5782,-0.618,-2.0114,-1,G,53.597,23.5785,40.9762,-25.2515,47.2757,-0.5115,1.0487,1,91.8685
167807,1153563524,G,63.5321,18.1476,36.7368,-48.553,40.9747,-1.0063,1.112,1,G,43.7043,-18.2637,-38.531,-9.5839,42.6403,-0.2229,-2.0134,-1,90.0917
167807,1152926213,G,100.682,23.521,25.1132,94.6196,34.408,1.7363,0.8181,1,G,148.105,8.4703,-69.7373,130.384,70.2498,1.3773,-1.4499,-1,90.8478
167807,1153188840,G,94.6486,41.3655,-33.2104,78.3857,53.0475,1.1823,-0.6765,1,G,114.947,-21.1651,33.8765,107.783,39.9447,1.7185,2.1292,-1,94.1433
167807,1153186971,G,99.6405,23.9091,-27.7858,-92.6527,36.6564,-1.6574,-0.8603,1,G,39.3537,-25.759,28.1181,-9.7235,38.1334,-0.2523,2.3124,-1,93.9944
167807,1154568468,G,73.487,35.7095,10.4846,-63.3659,37.2169,-1.3021,0.2856,-1,G,33.3887,-27.8152,-15.985,9.2513,32.0813,0.2845,-2.62,1,91.6595
167807,1154189183,G,68.5531,6.0138,40.1997,-55.2028,40.647,-1.1134,1.4223,1,G,36.0867,-1.5375,-35.5588,5.9541,35.592,0.1665,-1.614,-1,92.1005
167807,1154817639,G,141.249,-24.3227,22.2403,-137.35,32.958,-2.1345,2.4009,-1,G,32.1323,-0.4447,-31.3604,-6.9855,31.3636,-0.2209,-1.585,1,92.3672
167807,1154621087,G,87.28,-45.8762,16.8562,-72.3121,48.8749,-1.1834,2.7895,-1,G,47.3249,37.016,-17.2945,-23.8821,40.8568,-0.5555,-0.4371,1,93.7362
167807,1154846176,G,83.9808,-16.7674,51.9568,63.813,54.5954,0.9959,1.883,-1,G,35.1035,-2.0118,-35.0342,-0.8952,35.0919,-0.0255,-1.6282,1,97.8946
167807,1154004006,G,48.9612,1.4325,28.9147,39.4851,28.9502,1.1168,1.5213,1,G,41.0797,0.32,-33.7446,-23.4251,33.7461,-0.6479,-1.5613,-1,88.448
167807,1155257020,G,36.0089,-14.4133,-23.8549,22.7997,27.8711,0.7467,-2.1143,-1,G,57.1607,31.9549,36.8967,-29.7465,48.8107,-0.5769,0.857,1,90.3023
167807,1155285401,G,113.332,-23.5404,-39.9077,103.429,46.3333,1.5429,-2.1037,1,G,64.2791,18.5418,38.6225,47.9198,42.8426,0.9627,1.1232,-1,92.8059
167807,1155377015,G,85.1629,36.2268,-58.4725,-50.2124,68.7853,-0.6771,-1.0161,1,G,52.2056,4.3823,41.8751,-30.8656,42.1038,-0.6796,1.4665,-1,101.842
167807,1155963592,G,59.1897,29.9734,-29.2992,-41.792,41.9147,-0.8793,-0.774,-1,G,45.6045,-34.6734,28.3313,-8.6515,44.7762,-0.192,2.4565,1,91.7292
167807,1156652193,G,115.5,30.7224,24.4464,108.622,39.2619,1.7419,0.6721,1,G,32.788,-30.0705,-11.4066,6.3789,32.1613,0.1971,-2.779,-1,92.7018
167807,1156552083,G,31.0602,17.2893,-25.6474,-2.831,30.9307,-0.0914,-0.9777,-1,G,70.7215,-22.421,45.1011,-49.6459,50.3667,-0.8712,2.0321,1,84.8582
167807,1156693683,G,124.756,39.7736,-2.8869,118.211,39.8782,1.8071,-0.0725,1,G,62.6005,-42.4757,3.0788,45.882,42.5871,0.935,3.0692,-1,90.381
167807,1156870802,G,57.1304,1.7089,-44.234,-36.1151,44.267,-0.745,-1.5322,-1,G,41.6652,3.8524,40.8221,7.3952,41.0035,0.1794,1.4767,1,94.3036
167807,1158587114,G,118.614,-47.3795,-12.3536,108.036,48.9636,1.5323,-2.8865,-1,G,78.8275,43.9755,13.4981,64.0135,46.0005,1.1331,0.2978,1,96.7944
167807,1157535867,G,46.7598,-34.7599,-20.2596,-23.8279,40.2331,-0.5622,-2.6139,1,G,45.0244,42.028,15.4074,4.842,44.7632,0.108,0.3514,-1,89.3729
167807,1157563763,G,87.4694,27.7622,25.3813,78.968,37.6158,1.4872,0.7406,1,G,48.9234,-29.898,-33.2394,19.8682,44.7074,0.4309,-2.3033,-1,93.6382
167807,1157538636,G,104.904,-45.3386,5.2369,94.4551,45.64,1.4743,3.0266,-1,G,65.2775,38.989,-14.0527,50.4333,41.4441,1.0268,-0.3459,1,88.6055
167807,1158088188,G,154.373,13.6462,36.48,-149.379,38.9488,-2.054,1.2128,1,G,43.71,-29.9749,-4.6845,-31.4662,30.3387,-0.9074,-2.9866,-1,72.4875
167807,1158559001,G,79.5121,19.671,10.203,76.3617,22.1596,1.9508,0.4785,-1,G,38.8547,-30.344,23.7887,-4.797,38.5573,-0.1241,2.4767,1,87.2916
167807,1157887253,G,45.2683,27.0888,-34.9815,-9.5759,44.2437,-0.2148,-0.9119,1,G,59.877,-34.642,26.6764,-40.909,43.723,-0.8351,2.4854,-1,91.5466
167807,1158274597,G,118.609,10.618,30.9759,113.999,32.7452,1.9606,1.2406,-1,G,36.9305,-13.9286,-31.7753,12.656,34.694,0.3571,-1.9839,1,90.2185
167807,1158351845,G,80.0703,-10.3133,45.0414,65.3923,46.2071,1.1468,1.7959,-1,G,51.2646,-26.1621,-39.9427,18.6593,47.748,0.3815,-2.1507,1,93.956
167807,1157631647,G,157.011,33.6182,-30.3533,-150.336,45.2936,-1.9148,-0.7344,1,G,74.5562,-31.5349,27.0441,-61.9094,41.5432,-1.1893,2.4327,-1,92.5198
167807,1157737623,G,132.4,55.91,-10.3137,119.571,56.8533,1.4888,-0.1824,1,G,148.651,-50.3936,11.1524,139.403,51.6129,1.7194,2.9238,-1,109.043
167807,1158467434,G,60.4052,27.7896,-12.8207,52.0783,30.6045,1.3017,-0.4323,-1,G,38.581,-28.1601,18.932,-18.3594,33.9325,-0.5176,2.5497,1,92.8646
167807,1158128089,G,97.8232,42.1334,6.0378,88.0778,42.5638,1.4742,0.1423,1,G,42.0913,-36.9659,-9.4659,17.7649,38.1586,0.4502,-2.8909,-1,91.296
167807,1158189902,G,77.7866,42.2254,4.5792,-65.1674,42.473,-1.2136,0.108,-1,G,124.811,-43.3824,27.6914,-113.705,51.467,-1.5335,2.5735,1,89.485
167807,1158469328,G,173.595,41.4424,-13.4527,168.038,43.5712,2.0593,-0.3139,1,G,89.8597,-42.3282,13.6725,78.0779,44.4816,1.3285,2.8292,-1,93.9924
167807,1158043743,G,93.3315,36.1836,-19.7229,83.7407,41.2097,1.4579,-0.4991,-1,G,86.5695,-45.5674,17.3274,71.5378,48.7506,1.1766,2.7782,1,90.3281
167807,1158897742,G,112.038,3.8599,49.0614,100.651,49.213,1.4637,1.4923,-1,G,36.5537,-5.2204,-30.508,19.4466,30.9515,0.5929,-1.7403,1,85.4987
167807,1158780730,G,144.587,-25.324,-28.7215,-139.424,38.2914,-2.0038,-2.2934,-1,G,31.1617,17.8949,17.1278,-18.9065,24.7707,-0.7037,0.7635,1,75.029
167807,1159256866,G,97.6516,-31.2402,-26.2089,88.7297,40.7782,1.5196,-2.4436,1,G,51.0867,36.565,21.0068,28.8367,42.1697,0.6394,0.5215,-1,90.8065
167807,1158763719,G,40.4615,-7.0196,-37.7738,-12.6882,38.4205,-0.3245,-1.7545,-1,G,63.6909,37.0374,33.6252,-39.422,50.0242,-0.7233,0.7371,1,84.9351
167807,1159363455,G,65.8282,33.0289,25.0341,-51.1441,41.4441,-1.0376,0.6486,1,G,39.0355,-29.859,-25.1426,-0.2131,39.0348,-0.0055,-2.4417,-1,91.3715
167807,1159517577,G,152.862,26.7085,76.4897,129.625,81.0186,1.249,1.2349,-1,G,52.1455,-15.1525,-33.0325,37.3952,36.3421,0.9017,-2.0009,1,110.046
167807,1159627524,G,47.4588,36.3669,-23.581,-19.3316,43.343,-0.4324,-0.5753,-1,G,44.8681,-40.9414,14.2732,11.5416,43.3581,0.2631,2.8061,1,91.4112
167807,1159369496,G,113.746,-28.1356,-40.196,-102.62,49.0645,-1.4838,-2.1815,1,G,84.8738,13.8471,37.0372,-75.1003,39.5411,-1.3977,1.213,-1,87.4716
167807,1159693261,G,67.6466,4.5161,28.2931,61.2794,28.6513,1.504,1.4125,-1,G,43.3597,-5.3085,-32.7027,-27.9715,33.1307,-0.7669,-1.7317,1,105.797
167807,1159900085,G,46.6506,29.511,-20.6178,29.6694,35.9999,0.7514,-0.6098,1,G,38.9187,-29.4093,19.4011,-16.5331,35.2323,-0.4535,2.5584,-1,84.5462
167807,1160313549,G,193.67,32.0897,-29.7763,188.657,43.7765,2.1672,-0.748,1,G,89.9787,-21.2262,38.2584,78.6251,43.7522,1.349,2.0773,-1,93.9501
167807,1159865949,G,95.2324,41.8696,42.3669,-74.3046,59.5653,-1.046,0.7913,-1,G,92.7542,-35.2878,-10.1242,-85.1799,36.7114,-1.5783,-2.8622,1,93.9189
167807,1159884691,G,89.4487,-50.3624,19.4827,71.31,53.9995,1.0909,2.7725,-1,G,58.3833,27.2864,-34.0998,38.746,43.6732,0.7993,-0.8959,1,94.8463
167807,1160659638,G,55.1189,-47.11,2.3945,28.5131,47.1708,0.5727,3.0908,1,G,25.6049,20.7424,8.9112,-12.0807,22.5756,-0.5124,0.4058,-1,73.6427
167807,1160907271,G,55.6593,-1.3499,-24.6567,49.8815,24.6937,1.4526,-1.6255,1,G,34.7232,4.235,26.174,-22.4205,26.5144,-0.7679,1.4104,-1,86.048
167807,1159892168,G,45.0673,-17.1708,-38.9138,-14.8974,42.5338,-0.3435,-1.9864,1,G,56.9049,27.6763,41.4724,27.4267,49.8591,0.5256,0.9823,-1,100.62
167807,1159986632,G,65.229,-36.9966,1.8198,-53.6912,37.0414,-1.1664,3.0924,-1,G,38.5501,37.1689,9.6337,-3.4297,38.397,-0.0892,0.2536,1,85.8841
167807,1160017636,G,121.914,41.4507,-10.5792,114.162,42.7794,1.7081,-0.2499,-1,G,80.8749,-43.7811,7.8244,67.548,44.4748,1.2051,2.9647,1,89.9546
167807,1160096748,G,82.9408,5.6351,-34.4008,75.2596,34.8592,1.5125,-1.4084,-1,G,85.3144,33.2651,48.8504,61.5273,59.101,0.9101,0.973,1,88.7533
167807,1159845658,G,40.0826,-17.3121,32.5427,-15.7438,36.8611,-0.4151,2.0597,-1,G,53.8939,2.6483,-40.8037,35.1083,40.8895,0.7778,-1.506,1,90.4065
167807,1160926601,G,77.5128,30.3717,-11.5549,70.3723,32.4955,1.5153,-0.3635,-1,G,35.4837,-35.3648,2.3461,1.7056,35.4425,0.0481,3.0753,1,86.3901
167807,1161286211,G,203.799,23.337,-37.9729,198.865,44.5708,2.201,-1.0197,-1,G,190.92,-21.8856,37.8058,185.856,43.6837,2.1547,2.0955,1,88.2663
167807,1161372107,G,53.9608,-3.4631,21.193,-49.5038,21.4741,-1.5724,1.7328,-1,G,39.4275,20.8352,-13.5823,30.593,24.8714,1.0351,-0.5777,1,89.4653
167807,1161500165,G,61.732,19.9637,11.4558,-57.2804,23.0171,-1.643,0.521,-1,G,35.6844,-19.6203,-5.5946,29.2764,20.4023,1.1581,-2.8638,1,93.1196
167807,1161768093,G,132.623,24.8113,-2.1426,-130.263,24.9036,-2.3567,-0.0861,-1,G,24.7234,-24.3557,2.0616,3.7131,24.4428,0.1513,3.0572,1,93.5017
167807,1161058256,G,83.5736,-18.4214,-30.5235,75.5878,35.6515,1.4961,-2.1138,-1,G,52.271,33.5205,33.2394,22.4447,47.2068,0.4592,0.7812,1,92.7795
167807,1161094342,G,54.2813,-42.6016,-2.6522,-33.5339,42.6841,-0.7214,-3.0794,1,G,59.9782,49.6528,-8.0836,-32.6592,50.3065,-0.6106,-0.1614,-1,92.2427
167807,1161829694,G,67.0696,37.3628,24.2084,-50.1626,44.5199,-0.9682,0.5749,1,G,35.9681,-30.5478,-18.59,3.8648,35.7597,0.1079,-2.5949,-1,91.6257
167807,1162046588,G,67.3535,30.5868,16.1661,57.7892,34.5962,1.2857,0.4862,1,G,50.2957,-43.0739,-19.5156,17.1298,47.2887,0.3548,-2.7162,-1,89.785
167807,1163206739,G,129.915,-24.6542,19.7695,126.012,31.6016,2.0917,2.4657,1,G,52.7862,31.1643,-13.9926,40.2414,34.1615,1.0018,-0.422,-1,75.2563
167807,1162638479,G,39.8664,25.3183,-28.4704,11.736,38.0996,0.3034,-0.8439,-1,G,60.6933,-35.7754,25.4418,41.9106,43.8994,0.849,2.5234,1,84.3549
167807,1163117847,G,95.0443,-45.5469,-10.2389,82.7892,46.6836,1.3375,-2.9205,1,G,68.2001,45.4845,1.2932,50.8009,45.5029,0.9614,0.0284,-1,93.3938
167807,1162580306,G,47.4096,-43.821,-12.8796,12.7082,45.6745,0.2748,-2.8557,1,G,45.8632,41.2513,14.6678,13.6607,43.7814,0.3072,0.3416,-1,89.4131
167807,1162676886,G,93.9748,-40.4043,2.4776,84.8092,40.4802,1.4854,3.0804,1,G,52.3059,42.9296,2.1798,29.8026,42.9849,0.6472,0.0507,-1,90.742
167807,1163157345,G,151.145,-41.0842,-12.3918,144.926,42.9123,1.9314,-2.8487,-1,G,83.8456,33.5976,5.0436,76.654,33.974,1.5527,0.149,1,77.5445
167807,1162978018,G,353.245,12.6226,66.0058,346.794,67.2019,2.3434,1.3818,1,G,66.2181,-4.6317,-28.4345,59.6225,28.8093,1.4743,-1.7323,-1,96.4344
167807,1162507872,G,54.7707,-28.8509,-33.8725,31.939,44.494,0.6672,-2.2763,-1,G,137.936,82.8851,-78.0727,77.8535,113.865,0.6393,-0.7555,1,98.1338
167807,1163990459,G,35.4137,-1.4737,-24.4744,-25.5529,24.5187,-0.9109,-1.6309,1,G,56.6647,26.8856,49.6594,4.6885,56.4703,0.0829,1.0746,-1,82.2378
167807,1164507899,G,199.841,38.2126,14.1252,-195.645,40.7397,-2.2729,0.3541,1,G,80.4139,-35.6424,-10.8031,-71.2692,37.2436,-1.4043,-2.8473,-1,85.3368
167807,1163871686,G,107.529,0.8439,-30.6004,-103.079,30.612,-1.9286,-1.5432,1,G,32.5611,-9.5397,30.928,-3.5585,32.3659,-0.1097,1.87,-1,90.4313
167807,1164372014,G,70.6806,-28.9662,-0.3141,64.4716,28.9679,1.5402,-3.1307,-1,G,49.7492,43.7424,-22.6316,7.0277,49.2503,0.1422,-0.4775,1,92.9858
167807,1163946226,G,42.332,14.0215,-32.2984,23.4988,35.2107,0.6257,-1.1612,1,G,36.2269,-13.9062,32.1765,-9.1471,35.0529,-0.2581,1.9787,-1,77.2366
167807,1163575349,G,74.7193,-11.1178,-46.8376,57.1454,48.139,1.0077,-1.8038,-1,G,46.2664,11.693,40.8747,18.2509,42.5144,0.4171,1.2922,1,94.4301
167807,1163704909,G,102.105,9.3994,31.1868,-96.77,32.5725,-1.8092,1.2781,1,G,41.8724,-1.9645,-38.5637,-16.1948,38.6137,-0.408,-1.6217,-1,88.6494
167807,1163560173,G,47.7596,-26.5092,-39.4608,4.5912,47.5383,0.0964,-2.1623,1,G,42.9506,20.3922,37.4315,5.2707,42.6258,0.1233,1.072,-1,89.9419
167807,1164031429,G,44.1036,-14.4456,39.5236,-13.2032,42.0808,-0.3088,1.9212,1,G,47.6267,12.6632,-39.3794,23.605,41.3654,0.5435,-1.2597,-1,91.1211
167807,1163630628,G,92.7713,-41.0282,-33.6199,-76.111,53.0435,-1.1581,-2.4551,-1,G,41.7572,28.5746,21.7474,-21.3117,35.909,-0.5632,0.6505,1,91.1628
167807,1163956361,G,68.4393,31.9546,18.0402,-57.7701,36.6953,-1.2353,0.514,-1,G,184.215,-43.7649,-14.9306,-178.317,46.2417,-2.0592,-2.8128,1,89.1519
167807,1164742206,G,75.4275,-7.8197,-50.4916,-55.4865,51.0935,-0.9409,-1.7245,1,G,48.2999,16.889,40.4079,-20.3675,43.7954,-0.4497,1.1749,-1,96.8025
167807,1165173974,G,75.2226,-16.282,34.2737,-64.9511,37.9446,-1.3068,2.0143,1,G,27.6989,-8.0593,-19.511,17.933,21.1099,0.7709,-1.9625,-1,87.0156
167807,1164539035,G,200.577,-20.3074,32.6688,196.854,38.4661,2.3352,2.127,-1,G,58.5463,17.8623,-32.3763,45.3913,36.9769,1.0335,-1.0666,1,91.9569
167807,1165022617,G,41.2755,-21.0658,9.5032,34.1991,23.1101,1.1835,2.7178,-1,G,68.5529,38.7678,-25.7794,50.3187,46.5566,0.9374,-0.5868,1,65.8844
167807,1165069297,G,201.494,37.9265,1.3646,197.888,37.9511,2.3536,0.036,-1,G,111.51,-41.7309,-18.9308,101.659,45.824,1.5373,-2.7157,1,88.9946
167807,1165271632,G,105.072,-10.0964,35.6833,98.31,37.0841,1.7019,1.8465,1,G,58.4059,11.4326,-43.408,37.3667,44.8883,0.7578,-1.3133,-1,90.8589
167807,1165246141,G,72.6717,-22.8804,7.6552,-68.5496,24.127,-1.767,2.8187,-1,G,117.684,63.6955,-43.2753,-88.992,77.0057,-0.9873,-0.5968,1,92.0932
167807,1165020330,G,93.6698,34.5793,9.4409,86.5399,35.8449,1.6149,0.2665,-1,G,60.5968,-43.5246,29.3359,30.2816,52.488,0.5489,2.5485,1,92.5594
167807,1166641458,G,45.4609,32.309,31.9799,0.3047,45.4597,0.0067,0.7803,-1,G,49.9213,-30.3652,-17.5211,-35.54,35.0576,-0.8911,-2.6183,1,87.4266
167807,1166508392,G,101.574,20.6442,-32.3824,-94.0342,38.4032,-1.628,-1.0032,1,G,53.8713,-24.3505,35.8007,-32.054,43.2971,-0.6854,2.1681,-1,90.7718
167807,1166671176,G,86.5084,-37.4878,-7.4905,77.6032,38.2289,1.457,-2.9444,-1,G,98.4103,41.4143,12.7953,88.35,43.3459,1.4606,0.2997,1,81.3077
167807,1166315388,G,44.9248,16.2915,15.8711,-38.7417,22.7443,-1.3025,0.7723,-1,G,59.3311,-8.931,23.5409,53.7236,25.1781,1.5019,1.9334,1,95.0649
167807,1166786819,G,144.188,51.973,-16.5167,-133.478,54.5343,-1.6276,-0.3077,-1,G,30.1795,-18.7643,-17.7285,-15.6329,25.8147,-0.5736,-2.3846,1,76.7764
167807,1165829306,G,160.603,-69.9746,-8.603,144.301,70.5015,1.4644,-3.0193,1,G,44.0765,27.2457,-17.4901,29.9081,32.3764,0.8264,-0.5707,-1,95.0692
167807,1167636829,G,51.6931,7.454,27.7116,42.9962,28.6966,1.1938,1.308,1,G,64.9987,-11.0725,-60.2152,21.8252,61.2248,0.3493,-1.7527,-1,91.3541
167807,1167759349,G,43.416,35.5008,-5.6497,24.3457,35.9476,0.6339,-0.1578,1,G,37.3976,-33.2677,1.7494,-16.9934,33.3136,-0.4902,3.0891,-1,80.3529
167807,1167702788,G,66.4802,20.1412,22.8098,59.1071,30.4295,1.4176,0.8475,-1,G,36.0874,-21.038,-24.2909,-16.4209,32.1348,-0.491,-2.2846,1,93.247
167807,1168015517,G,86.1224,16.1394,-15.1798,83.2235,22.1564,2.0338,-0.7548,-1,G,37.4926,-23.939,26.9785,-10.2356,36.0682,-0.2801,2.2966,1,98.7593
167807,1167279129,G,57.8976,54.6291,-17.5837,-7.6549,57.3892,-0.133,-0.3114,1,G,34.9333,-27.5388,21.0085,4.5372,34.6373,0.1306,2.4899,-1,88.6693
167807,1167308895,G,151.296,-17.5261,41.5867,144.409,45.1289,1.8798,1.9696,-1,G,130.354,18.6214,-43.1226,121.597,46.9714,1.6797,-1.1632,1,92.5427
167807,1167388418,G,59.1905,-22.1435,-25.0396,-48.8486,33.4263,-1.1731,-2.2949,-1,G,36.0374,20.251,24.4485,17.0544,31.7464,0.5142,0.879,1,89.7415
167807,1168620646,G,80.2884,28.5439,68.1189,31.4846,73.8576,0.4143,1.174,-1,G,69.8196,-48.7121,22.2168,44.8142,53.5393,0.7613,2.7137,1,90.242
167807,1169202478,G,67.288,-22.2013,31.4805,-55.1701,38.5217,-1.1565,2.185,1,G,71.5114,21.1489,-47.0416,-49.5347,51.577,-0.8531,-1.1483,-1,89.7715
167807,1169044023,G,68.5645,23.056,0.8078,-64.5666,23.0702,-1.7528,0.035,1,G,31.8064,-23.352,1.4019,21.5489,23.3941,0.8245,3.0816,-1,90.6578
167807,1169121802,G,39.4403,17.8528,22.7472,-26.821,28.9164,-0.8292,0.9054,1,G,61.4003,-30.5628,-26.2462,46.3361,40.2859,0.9837,-2.432,-1,98.052
167807,1168222323,G,156.279,46.9354,-8.6996,148.811,47.7349,1.855,-0.1833,1,G,128.482,-41.301,14.2614,120.824,43.694,1.7415,2.8091,-1,91.2331
167807,1168482264,G,58.6315,-7.1466,22.5206,53.66,23.6273,1.5587,1.8781,1,G,34.7736,7.6133,-24.3197,-23.6597,25.4836,-0.8298,-1.2674,-1,88.4367
167807,1168917488,G,127.658,-22.6303,-14.0248,-124.851,26.6237,-2.2496,-2.5868,1,G,41.3529,37.3785,10.092,-14.5274,38.717,-0.3669,0.2637,-1,94.3684
167807,1169081784,G,140.927,30.2303,20.0892,-136.172,36.2967,-2.0326,0.5865,1,G,59.7693,-43.4685,-22.5783,-34.2501,48.9825,-0.652,-2.6625,-1,105.136
167807,1169095028,G,72.5521,39.7187,-15.7238,-58.6429,42.7179,-1.1221,-0.3769,-1,G,79.5885,-43.1838,25.569,-61.7713,50.1858,-1.0356,2.607,1,92.4027
167807,1169116836,G,128.059,48.4025,-9.096,-118.209,49.2497,-1.6095,-0.1858,-1,G,54.525,-37.3533,3.5643,-39.5599,37.523,-0.9192,3.0465,1,91.0655
167807,1168229171,G,76.2972,38.7773,-41.647,50.8243,56.9048,0.8038,-0.8211,-1,G,31.1418,-6.0931,30.533,0.6422,31.135,0.0206,1.7678,1,87.7642
167807,1168649446,G,105.958,-44.267,9.4956,-95.7985,45.274,-1.4943,2.9303,-1,G,26.5729,25.9944,-5.271,1.6171,26.5235,0.0609,-0.2001,1,91.3377
167807,1168560568,G,142.946,22.0318,41.8264,-134.902,47.2742,-1.7711,1.086,1,G,103.259,-18.4765,-37.9714,-94.2291,42.228,-1.5426,-2.0237,-1,89.9327
167807,1169071597,G,186.232,-43.2614,-11.1778,180.792,44.6821,2.1059,-2.8887,-1,G,148.606,44.0248,7.9886,141.71,44.7437,1.87,0.1795,1,89.9888
167807,1168289991,G,301.244,-20.0768,53.3833,-295.796,57.0338,-2.3483,1.9305,1,G,185.226,6.1562,-46.7562,-179.121,47.1597,-2.0446,-1.4399,-1,104.253
167807,1168452447,G,47.4279,-37.244,1.7637,29.3115,37.2858,0.7218,3.0943,-1,G,40.8528,33.0675,-4.772,-23.5098,33.41,-0.6557,-0.1433,1,87.9393
167807,1169127927,G,50.8019,13.5756,-34.4653,34.7659,37.0426,0.8372,-1.1956,-1,G,52.4282,-8.9761,50.6712,10.0281,51.4601,0.1937,1.7461,1,91.4667
167807,1170264335,G,153.835,-33.0257,-10.5306,-149.879,34.6639,-2.1704,-2.8329,1,G,42.3237,33.5007,-5.3712,-25.301,33.9285,-0.6897,-0.159,-1,86.8173
167807,1169963962,G,44.7331,12.5347,19.8659,-38.0692,23.4898,-1.2599,1.0079,1,G,46.5621,-14.9005,-15.6842,41.2311,21.6337,1.4007,-2.3306,-1,91.1138
167807,1170210778,G,91.8684,31.2313,-23.0251,-83.2721,38.8014,-1.5071,-0.6353,1,G,55.8332,-30.1782,33.7227,-32.7016,45.2542,-0.6711,2.3008,-1,90.8313
167807,1170524228,G,67.3685,-22.0958,31.6005,-55.242,38.5593,-1.1568,2.181,-1,G,36.1536,18.0844,-31.0752,3.7891,35.9543,0.1052,-1.0437,1,89.7387
167807,1171499941,G,116.499,-10.509,27.9949,-112.596,29.9024,-2.0362,1.9299,-1,G,26.896,10.9568,-24.4984,1.7771,26.837,0.0662,-1.1502,1,90.9335
167807,1171402233,G,44.7197,-17.186,-39.7525,11.1456,43.3084,0.2546,-1.9789,-1,G,61.1212,24.3957,38.089,41.108,45.2319,0.8154,1.0011,1,91.7448
167807,1170684983,G,105.613,-24.7939,1.7363,102.647,24.8546,2.1258,3.0717,-1,G,35.7408,-8.5938,-34.3081,-5.1475,35.368,-0.145,-1.8162,1,91.0997
167807,1171634564,G,41.4637,5.7131,-40.8589,4.14,41.2563,0.1002,-1.4319,1,G,54.7888,-13.0664,53.1944,-1.1921,54.7757,-0.0218,1.8117,-1,95.1294
167807,1171740932,G,59.7278,27.5713,24.4263,-47.0168,36.835,-1.064,0.725,1,G,42.9385,-33.63,-26.6766,-1.0413,42.9257,-0.0243,-2.471,-1,90.4931
167807,1171984036,G,47.1657,-32.3796,4.5056,-33.9978,32.6916,-0.9093,3.0033,1,G,42.9531,30.6252,-4.2264,29.8193,30.9155,0.8561,-0.1371,-1,90.0043
167807,1172018530,G,74.064,41.4216,20.7952,57.7692,46.3486,1.0454,0.4653,1,G,42.9098,-37.7605,-14.7227,14.0936,40.5291,0.3411,-2.7698,-1,92.0236
167807,1172330562,G,117.697,11.6126,31.9897,112.669,34.0322,1.9124,1.2226,1,G,35.9157,-7.8403,-32.775,12.42,33.6997,0.3607,-1.8056,-1,89.0768
167807,1171675879,G,93.436,-40.9292,21.1636,81.2845,46.0771,1.3329,2.6644,-1,G,33.1712,24.3814,-22.2706,3.1438,33.0217,0.0951,-0.7402,1,92.8773
167807,1171679125,G,75.9432,-18.451,-44.6295,-58.6099,48.2932,-1.0247,-1.9628,-1,G,61.445,18.6463,37.8359,-44.6793,42.181,-0.9226,1.1129,1,90.3363
167807,1172045419,G,171.849,22.0622,43.114,-164.883,48.431,-1.9391,1.0978,-1,G,55.5609,-11.3522,-33.6426,-42.7353,35.5063,-1.0183,-1.8962,1,91.6808
167807,1172155739,G,296.553,13.721,84.9832,-283.784,86.0837,-1.9083,1.4107,-1,G,38.6964,5.7179,-22.581,-30.8999,23.2937,-1.0945,-1.3228,1,95.3646
167807,1171731101,G,159.565,-49.2248,19.6688,-150.503,53.0088,-1.7663,2.7615,1,G,64.4316,34.6578,-6.485,-53.9278,35.2593,-1.211,-0.185,-1,89.4242
167807,1172662773,G,97.4348,29.8907,-20.2595,-90.4966,36.1095,-1.6495,-0.5957,1,G,49.8079,-27.6698,34.477,-22.9463,44.2073,-0.4982,2.2471,-1,92.7581
167807,1172690262,G,94.6809,-19.249,31.0981,87.3318,36.5735,1.6047,2.125,1,G,49.1405,21.5867,-37.0085,24.0658,42.844,0.5357,-1.0428,-1,90.7456
167807,1171575722,G,35.0323,-8.2778,32.8449,-8.9408,33.872,-0.261,1.8177,-1,G,38.0391,17.0756,-33.202,7.2812,37.3356,0.1938,-1.0958,1,72.52
167807,1172117103,G,77.9167,56.8157,-9.1501,-52.5286,57.5478,-0.8183,-0.1597,-1,G,37.5651,-30.7206,17.7115,-12.3966,35.4606,-0.3428,2.6186,1,91.4687
167807,1173680759,G,49.4461,44.4578,-0.7423,-21.6301,44.464,-0.4691,-0.0167,-1,G,62.6206,-42.8704,24.7076,-38.3795,49.4807,-0.7135,2.6188,1,91.5474
167807,1173147819,G,88.6051,11.7205,-21.5492,-85.1417,24.5303,-1.9577,-1.0727,1,G,31.3583,-19.5738,23.0737,8.2341,30.2577,0.2689,2.2743,-1,91.7193
167807,1173536941,G,54.2408,-46.4496,-21.4332,18.0309,51.1561,0.3456,-2.7093,1,G,39.6747,27.9874,12.0209,-25.4219,30.4598,-0.7595,0.4057,-1,91.302
167807,1172934107,G,50.3575,-37.2965,25.8651,-21.8136,45.3876,-0.4638,2.5352,1,G,46.0855,31.8204,-32.221,-8.5519,45.285,-0.1877,-0.7917,-1,91.1527
167807,1173723859,G,86.7424,-9.7091,42.7515,-74.8484,43.8401,-1.3045,1.7941,-1,G,50.9055,1.144,-44.512,-24.6725,44.5267,-0.5291,-1.5451,1,94.6894
167807,1173741083,G,92.7032,-18.8607,-33.7191,-84.2684,38.6355,-1.5218,-2.0808,1,G,69.4958,38.6355,31.4461,-48.4571,49.8153,-0.862,0.6832,-1,91.0837
167807,1173499770,G,76.0819,-15.3366,33.751,66.4388,37.0721,1.3466,1.9973,-1,G,67.0307,11.5075,-48.3757,44.9497,49.7255,0.8118,-1.3373,1,88.5736
167807,1173592246,G,115.137,28.1286,-29.7962,107.599,40.976,1.693,-0.8142,1,G,69.5892,-29.5888,31.9371,54.2879,43.537,1.0457,2.318,-1,88.937
167807,1172955088,G,41.4894,16.1337,-38.22,-0.5399,41.4857,-0.013,-1.1714,1,G,49.9748,-18.4054,41.4762,20.9387,45.3766,0.4465,1.9885,-1,89.072
167807,1173341269,G,40.3258,-28.8124,5.4594,27.6803,29.3251,0.8412,2.9543,-1,G,56.7534,55.5817,6.2557,-9.6168,55.9326,-0.1711,0.1121,1,90.7979
167807,1173317178,G,156.644,-41.9904,14.4269,-150.219,44.3996,-1.9332,2.8106,1,G,102.571,42.8082,-18.7623,-91.3034,46.7394,-1.4226,-0.4131,-1,94.0195
167807,1173264807,G,201.952,-2.2807,-71.9624,188.682,71.9985,1.6911,-1.6025,1,G,86.3395,24.6198,24.4048,79.0745,34.666,1.5627,0.781,-1,93.0474
167807,1174511696,G,69.7216,-43.1585,-13.8015,52.9901,45.3116,0.9963,-2.8321,-1,G,72.5788,41.9103,25.4011,53.5349,49.007,0.9452,0.5449,1,93.6254
167807,1173999330,G,87.1178,22.9978,8.8544,83.5596,24.6434,1.9353,0.3675,1,G,114.164,-41.6062,-15.7093,105.145,44.4731,1.5956,-2.7806,-1,67.168
167807,1174973454,G,76.4501,-15.4518,33.3952,67.012,36.7967,1.3607,2.0042,1,G,57.5353,7.2317,-37.4699,43.0581,38.1614,0.9693,-1.3801,-1,75.8451
167807,1174260016,G,100.936,10.1468,24.363,97.4242,26.3915,2.017,1.1762,-1,G,55.0816,30.7496,-39.7904,22.4758,50.2873,0.4333,-0.9129,1,89.7488
167807,1174947696,G,115.936,-5.7372,45.7464,-106.375,46.1048,-1.5732,1.6956,1,G,87.4669,3.461,-42.583,-76.3226,42.7234,-1.3438,-1.4897,-1,89.3272
167807,1174947456,G,196.336,22.8301,35.8924,-191.673,42.5379,-2.2106,1.0043,1,G,98.6413,-20.5383,-38.5606,-88.4385,43.6891,-1.4544,-2.0602,-1,92.3966
167807,1174805699,G,91.1431,19.1317,38.3312,-80.4472,42.8404,-1.3876,1.1079,-1,G,31.0097,-9.8405,-29.0709,-4.4314,30.6913,-0.1439,-1.8972,1,86.8611
167807,1175418960,G,46.6871,-40.6071,-22.1898,6.1929,46.2745,0.1334,-2.6415,-1,G,49.5047,37.2405,18.4092,26.9248,41.5422,0.6097,0.4591,1,90.1691
167807,1175906109,G,46.4331,-27.6368,4.2319,37.0718,27.959,1.0942,2.9897,-1,G,38.4702,29.4355,-1.8399,-24.7004,29.493,-0.7617,-0.0624,1,83.9438
167807,1175927439,G,58.9374,24.0478,26.0177,-47.0998,35.429,-1.0963,0.8247,1,G,37.6143,-29.4203,-19.748,12.6209,35.4336,0.3491,-2.5504,-1,89.8068
167807,1176015311,G,59.7713,-26.7486,3.4621,-53.3397,26.9717,-1.4336,3.0129,1,G,35.5788,24.9405,4.4688,24.9768,25.3377,0.8713,0.1773,-1,90.6698
167807,1175252665,G,158.695,2.631,-36.2528,-154.476,36.3482,-2.1536,-1.4984,1,G,81.4583,-3.2465,43.8879,-68.5475,44.0078,-1.2263,1.6446,-1,88.7432
167807,1175932804,G,46.4792,-34.2685,28.5388,-13.0964,44.5958,-0.2896,2.4472,-1,G,62.305,39.8919,-21.1333,-42.9409,45.144,-0.8464,-0.4872,1,92.7759
167807,1175431738,G,71.6847,-42.657,-24.7453,52.0263,49.3148,0.9197,-2.6159,-1,G,40.5759,33.7019,17.5724,14.205,38.008,0.3655,0.4806,1,89.9122
167807,1176048326,G,118.042,38.178,-28.0053,108.13,47.3483,1.5638,-0.6329,-1,G,34.9231,-22.3437,23.0407,13.7657,32.0954,0.4167,2.3408,1,90.909
167807,1175454808,G,47.0048,16.8166,-39.9969,18.0803,43.3883,0.4055,-1.1728,1,G,45.0703,-19.3662,40.4381,4.5856,44.8363,0.1021,2.0174,-1,89.2042
167807,1175411222,G,61.3999,-11.149,21.7789,-56.3144,24.4667,-1.5709,2.0439,-1,G,39.3777,5.2206,-36.4501,13.9545,36.8221,0.3704,-1.4285,1,90.0631
167807,1176304451,G,104.083,-10.9897,-22.4242,101.042,24.9724,2.1059,-2.0265,1,G,25.1431,17.9977,13.7525,-10.914,22.6506,-0.4649,0.6525,-1,91.934
167807,1176869822,G,58.5715,12.0652,-53.078,21.6279,54.432,0.3876,-1.3473,1,G,36.3502,-8.3407,23.5207,-26.4298,24.9558,-0.9225,1.9116,-1,89.9975
167807,1177394449,G,52.1877,12.7559,-42.6749,-27.1971,44.5405,-0.5779,-1.2803,1,G,40.0114,-16.331,36.5238,0.4555,40.0086,0.0114,1.9913,-1,87.9484
167807,1176659693,G,83.5142,16.7725,20.688,79.1536,26.6329,1.8096,0.8895,-1,G,108.715,31.9414,-71.9639,74.9653,78.7341,0.8471,-1.1531,1,90.5373
167807,1176576663,G,83.3819,24.227,45.6853,65.4097,51.7117,1.0569,1.0832,-1,G,69.1134,-30.2042,-32.5559,52.9572,44.4093,1.0111,-2.3187,1,95.0577
167807,1176650169,G,78.1415,13.8675,-35.785,68.0677,38.378,1.3376,-1.2011,1,G,37.2483,-18.1568,31.7415,7.0876,36.5676,0.1926,2.0904,-1,87.3599
167807,1177409328,G,108.938,-0.8456,33.8183,103.552,33.8289,1.8376,1.5958,-1,G,21.5834,-3.3882,-19.9625,-7.4733,20.248,-0.3612,-1.7389,1,87.1479
167807,1177416664,G,80.2273,41.7379,-7.7863,-68.0715,42.458,-1.2507,-0.1844,1,G,44.5352,-40.9044,6.3378,-16.4328,41.3925,-0.3872,2.9879,-1,91.7711
167807,1178209607,G,53.8443,13.5965,-39.8875,33.516,42.1411,0.729,-1.2423,-1,G,39.7385,-10.5246,35.9745,-13.1985,37.4824,-0.3452,1.8554,1,91.215
167807,1178537837,G,142.443,-9.4738,-26.264,-139.679,27.9204,-2.313,-1.917,1,G,45.4518,8.3568,36.8898,-25.2024,37.8245,-0.6248,1.348,-1,89.4658
167807,1177426345,G,146.172,34.4542,11.6114,-141.578,36.3582,-2.0687,0.3251,-1,G,58.5501,-40.3203,-7.7022,-41.7499,41.0494,-0.8934,-2.9528,1,90.8423
167807,1178432977,G,82.0891,-3.0092,-28.8367,-76.7985,28.9933,-1.7011,-1.6748,-1,G,30.2895,-1.0293,28.6324,9.8269,28.6509,0.3366,1.6067,1,90.1521
167807,1178284160,G,37.6884,-35.7305,-7.9783,-8.9488,36.6104,-0.2421,-2.9219,1,G,52.928,40.718,28.455,18.2681,49.6753,0.3599,0.6099,-1,87.6373
167807,1179396708,G,52.6227,-41.9295,19.7658,24.9072,46.3548,0.5143,2.7011,1,G,57.3707,38.5749,-15.3719,39.5862,41.5249,0.848,-0.3792,-1,88.9303
167807,1179714116,G,85.8488,17.945,37.8087,-74.9565,41.8511,-1.3461,1.1277,-1,G,75.4444,-18.8916,-47.5668,-55.4288,51.1809,-0.9389,-1.9488,1,94.4406
167807,1179565533,G,64.8285,-38.5142,-31.2277,-41.7636,49.5834,-0.7654,-2.4603,-1,G,45.949,42.2665,6.7707,-16.7034,42.8054,-0.3809,0.1588,1,90.7801
167807,1179662792,G,238.818,-22.3386,-38.4959,234.634,44.5078,2.3644,-2.0966,-1,G,88.21,20.5099,32.9603,79.2083,38.8206,1.4615,1.0142,1,91.7409
167807,1178684327,G,39.7573,24.953,-19.4975,-24.0381,31.6671,-0.7004,-0.6633,-1,G,53.1152,-13.8983,39.8733,32.2207,42.2261,0.7036,1.9062,1,89.5599
167807,1180616366,G,64.0179,-8.1286,42.5685,47.1182,43.3377,0.9417,1.7595,1,G,42.7707,9.8161,-40.7357,8.5773,41.9017,0.2033,-1.3343,-1,91.0802
167807,1179808400,G,80.1212,37.337,18.319,-68.4818,41.5889,-1.2734,0.4561,-1,G,46.0391,-4.3628,-45.8273,-0.641,46.0345,-0.0139,-1.6657,1,96.4078
167807,1180244739,G,52.7194,18.6099,-45.4904,-19.0687,49.1498,-0.3788,-1.1825,-1,G,47.7389,-6.9485,41.8687,-21.8569,42.4414,-0.4946,1.7353,1,90.9278
167807,1180781290,G,43.863,6.2386,-42.0814,-10.6859,42.5413,-0.2486,-1.4236,1,G,57.1119,-10.0456,54.8211,-12.4698,55.7339,-0.2219,1.752,-1,97.3805
167807,1180010318,G,68.8134,-31.4015,-0.4861,-61.2289,31.4052,-1.4209,-3.1261,1,G,32.0696,29.2897,4.7444,-12.1676,29.6715,-0.3994,0.1606,-1,69.0488
167807,1181248125,G,55.5372,23.9107,-24.3485,-43.8155,34.1258,-1.0686,-0.7945,-1,G,37.4788,-25.2588,22.336,16.3629,33.7181,0.468,2.4175,1,88.8395
167807,1181345227,G,32.9146,26.3576,-16.3078,11.0764,30.9947,0.3502,-0.5541,-1,G,66.2832,-35.8869,52.6703,-18.2051,63.7341,-0.2819,2.1689,1,91.5224
167807,1181619105,G,173.792,19.8006,46.7585,-166.209,50.7782,-1.9015,1.1702,-1,G,61.6305,-0.2781,-35.1806,-50.6019,35.1817,-1.16,-1.5787,1,88.8925
167807,1181161462,G,50.7829,19.7505,-12.3456,45.1264,23.2916,1.4153,-0.5587,-1,G,44.4295,-39.906,10.6909,-16.3459,41.3133,-0.386,2.8798,1,88.4766
167807,1181592902,G,59.7699,-32.468,-10.5627,-49.0579,34.143,-1.1592,-2.8271,1,G,74.1148,52.9323,-46.9364,-22.0938,70.745,-0.3074,-0.7254,-1,95.5908
167807,1181778168,G,38.3212,-10.9158,-35.925,-7.6648,37.5467,-0.2027,-1.8658,1,G,61.6651,13.3687,42.0343,-43.0926,44.1091,-0.865,1.2629,-1,85.8931
167807,1181908233,G,58.327,4.8019,-56.4138,14.0162,56.6178,0.2451,-1.4859,1,G,55.0126,-36.145,22.8189,34.6296,42.7453,0.7406,2.5785,-1,91.4792
167807,1181290167,G,46.1474,-21.4195,10.1551,39.5935,23.7049,1.2856,2.6989,-1,G,31.7834,22.7219,-7.1086,-21.056,23.8079,-0.7972,-0.3032,1,75.6213
167807,1181438719,G,99.0505,18.7102,40.4239,88.4693,44.5439,1.4374,1.1373,-1,G,30.0265,-29.1037,-7.2584,-1.367,29.9952,-0.0456,-2.8972,1,88.6908
167807,1181837559,G,44.4721,29.2928,27.9812,-18.3506,40.5094,-0.4388,0.7625,1,G,47.2322,-27.3182,-31.1315,22.7028,41.418,0.5238,-2.291,-1,91.5254
167807,1181650715,G,58.3434,32.8988,-4.6016,47.9629,33.2191,1.1632,-0.139,-1,G,40.6815,-38.5055,-0.5914,-13.1131,38.51,-0.3343,-3.1262,1,92.3744
167807,1182777262,G,61.088,-57.0161,-9.81,-19.6129,57.8538,-0.3328,-2.9712,1,G,36.2181,24.3895,12.9583,23.4302,27.6182,0.77,0.4884,-1,91.5396
167807,1182857502,G,56.7753,-45.1898,-11.1309,-32.5179,46.5405,-0.6516,-2.9001,-1,G,52.351,49.3917,-11.67,-12.8409,50.7516,-0.2504,-0.232,1,96.507
167807,1182869662,G,88.753,-24.1236,48.2937,-70.4475,53.9836,-1.0815,2.0341,-1,G,36.5656,11.9906,-31.0509,-15.1358,33.2857,-0.4404,-1.2023,1,89.0826
167807,1182244467,G,39.7555,-18.867,28.547,20.2384,34.2184,0.5615,2.1548,1,G,92.6953,-10.0609,-65.8812,64.4272,66.645,0.8576,-1.7223,-1,90.2457
167807,1182147656,G,157.423,-34.7951,34.9916,-149.488,49.3468,-1.8277,2.3534,1,G,70.1056,12.0945,-37.6299,-57.9008,39.5257,-1.1751,-1.2598,-1,90.7556
167807,1182492021,G,138.086,0.338,48.2823,-129.37,48.2834,-1.7119,1.5638,1,G,47.2817,7.1499,-32.6659,-33.427,33.4392,-0.8811,-1.3553,-1,86.94
167807,1183576440,G,31.3698,-16.7361,-19.6833,-17.7911,25.8366,-0.6433,-2.2755,-1,G,30.4518,22.5607,17.4284,10.7035,28.5085,0.3671,0.6578,1,61.0955
167807,1183556628,G,38.3982,-29.9278,-19.606,13.9405,35.7781,0.3804,-2.5616,-1,G,64.5419,61.4743,13.2007,14.5705,62.8756,0.2297,0.2115,1,93.5284
167807,1184054971,G,65.9281,-10.8781,-21.9473,61.2085,24.4952,1.6468,-2.0309,-1,G,139.388,57.6818,30.9018,123.073,65.4378,1.389,0.4918,1,76.9697
167807,1184327267,G,90.18,-1.8435,-35.982,82.67,36.0292,1.5681,-1.622,1,G,26.3732,5.7904,25.6944,-1.3431,26.3388,-0.051,1.3491,-1,82.7598
167807,1185494403,G,73.5621,23.5586,33.747,60.9713,41.1566,1.1844,0.9614,1,G,40.7177,-23.591,-32.0695,8.5397,39.8119,0.2129,-2.205,-1,90.6933
167807,1185079469,G,103.398,29.5146,-29.976,-94.4538,42.0675,-1.5482,-0.7932,-1,G,68.7092,-30.3374,32.4666,-52.4071,44.4347,-1.0027,2.3223,1,89.6994
167807,1184427597,G,28.7467,26.6371,8.4266,-6.7693,27.9381,-0.24,0.3064,-1,G,80.934,-65.6283,25.0906,-40.1706,70.2611,-0.5444,2.7764,1,84.7513
167807,1184844577,G,44.4553,-12.4949,39.5347,16.0358,41.4622,0.3777,1.8769,1,G,26.4528,7.2818,-25.0026,-4.6458,26.0414,-0.1775,-1.2874,-1,68.2632
167807,1184527980,G,45.1716,24.3885,-32.6989,-19.4023,40.7924,-0.4593,-0.93,-1,G,49.3174,-26.0858,38.6241,16.1217,46.6078,0.3393,2.1648,1,94.2307
167807,1185112708,G,122.899,74.0556,39.8439,89.6239,84.0938,0.9271,0.4936,1,G,52.7171,-27.5415,7.8894,44.2528,28.6492,1.2193,2.8626,-1,92.0658
167807,1184673100,G,141.764,2.4981,38.0259,136.546,38.1079,1.9883,1.5052,1,G,73.3809,-6.0149,-43.7453,58.6082,44.1569,1.095,-1.7074,-1,90.3168
167807,1184889916,G,71.1158,-33.1013,17.7027,-60.4017,37.5377,-1.2538,2.6505,1,G,37.3702,17.7329,-32.424,5.5452,36.9563,0.1495,-1.0703,-1,91.1431
167807,1185075916,G,67.9243,-55.1135,-19.7205,34.4574,58.5354,0.5591,-2.798,-1,G,50.0323,31.7174,16.688,34.9105,35.8396,0.8629,0.4843,1,92.4408
167807,1184786270,G,162.273,-38.119,47.6393,150.367,61.0128,1.634,2.2456,1,G,44.8905,-26.7813,35.8541,3.5203,44.7521,0.0786,2.2123,-1,89.7359
167807,1184770255,G,73.17,12.8239,42.7392,57.9892,44.6217,1.0782,1.2793,-1,G,34.2417,-2.9293,-34.116,-0.0187,34.2415,-0.0005,-1.6564,1,89.4675
167807,1185140167,G,66.4428,-2.3704,40.5287,52.597,40.5979,1.0757,1.6292,1,G,37.9877,0.9295,-36.354,10.981,36.3659,0.2975,-1.5452,-1,82.7289
167807,1186024778,G,102.289,18.4269,-33.0797,95.0223,37.8658,1.6507,-1.0626,-1,G,44.4447,-19.2538,33.7544,21.5697,38.8596,0.5299,2.0892,1,89.0841
167807,1186192643,G,61.6113,-45.146,-27.162,31.9375,52.6871,0.5741,-2.6,-1,G,54.7758,42.483,2.3791,34.4952,42.5496,0.741,0.0559,1,92.2571
167807,1185756090,G,143.729,21.82,35.0954,137.66,41.3255,1.9183,1.0146,-1,G,198.728,-22.2061,-34.8716,194.38,41.3417,2.2522,-2.1378,1,83.8215
167807,1186063847,G,180.557,37.8117,-20.1692,175.398,42.8547,2.117,-0.49,1,G,39.7923,-16.8306,-32.0094,16.5995,36.1645,0.4442,-2.0549,-1,92.3479
167807,1186464039,G,150.328,-53.9421,51.1589,-130.659,74.3437,-1.3296,2.3827,-1,G,22.262,14.1617,-15.7406,-6.8753,21.1735,-0.3193,-0.8382,1,89.6381
167807,1186586303,G,117.473,-22.4379,11.5239,-114.733,25.2242,-2.2198,2.6671,-1,G,24.6733,20.188,-11.7826,7.8977,23.3749,0.3318,-0.5283,1,93.7374
167807,1186126416,G,52.7145,40.5344,-31.5188,11.9303,51.3466,0.2303,-0.6609,-1,G,46.0293,-24.8033,31.1979,23.0254,39.8561,0.5496,2.2425,1,90.9992
167807,1186693120,G,122.087,39.2956,19.1341,113.995,43.7065,1.6867,0.4531,-1,G,105.159,-33.9117,-33.3783,93.7779,47.5827,1.4305,-2.3641,1,90.7695
167807,1186087067,G,48.1714,-5.7994,-39.9289,-26.3159,40.3478,-0.6131,-1.715,-1,G,37.3311,6.4118,29.9558,21.334,30.6343,0.6497,1.3599,1,84.7705
167807,1187490832,G,36.4534,30.7358,-16.536,-10.5219,34.9017,-0.2971,-0.4936,-1,G,69.7023,-58.6171,16.7563,-33.7884,60.9651,-0.5292,2.8632,1,92.3483
167807,1187748489,G,38.1765,-30.0243,-19.3997,13.4026,35.7464,0.3667,-2.5679,1,G,55.1583,48.4417,25.3898,7.1543,54.6922,0.1304,0.4828,-1,88.959
167807,1187009458,G,267.173,32.2506,-43.4226,-261.641,54.0891,-2.28,-0.932,-1,G,72.8277,-15.7044,36.6001,-60.9727,39.827,-1.2118,1.9761,1,105.834
167807,1187775538,G,154.767,40.471,-36.1008,-144.954,54.2326,-1.7096,-0.7284,-1,G,80.024,-11.7861,44.7751,-65.2694,46.3003,-1.1436,1.8282,1,100.174
167807,1187188029,G,45.8083,-19.2083,-39.3644,13.4119,43.8008,0.3016,-2.0248,1,G,38.9677,11.5155,37.1192,-2.8332,38.8644,-0.0728,1.27,-1,83.7308
167807,1186928673,G,59.7804,-16.9015,22.9131,-52.5644,28.4722,-1.3726,2.2063,1,G,38.3262,20.4415,-31.2718,8.5501,37.3601,0.2269,-0.9918,-1,87.208
167807,1186896827,G,79.8776,-18.731,40.1376,66.4721,44.2931,1.1952,2.0074,1,G,52.8564,17.2917,-39.2401,30.903,42.8811,0.6695,-1.1557,-1,90.1861
167807,1187138459,G,79.9254,-29.8115,0.9704,-74.1511,29.8273,-1.642,3.109,1,G,25.9004,25.8468,-1.3421,-0.9798,25.8816,-0.0378,-0.0519,-1,74.4217
167807,1187494299,G,108.169,38.4275,12.1098,-100.385,40.2904,-1.6441,0.3053,-1,G,89.5931,-47.8707,-9.1913,-75.172,48.7451,-1.2179,-2.9519,1,90.5086
167807,1187779734,G,145.57,-3.8143,38.1836,-140.421,38.3737,-2.0086,1.6704,-1,G,239.982,12.2063,-49.141,-234.579,50.6343,-2.2378,-1.3273,1,88.5125
167807,1188511624,G,113.961,-43.2274,7.4815,-105.179,43.8701,-1.6085,2.9702,1,G,46.1263,32.8787,-18.2281,-26.7274,37.5935,-0.6616,-0.5062,-1,89.4773
167807,1188269437,G,56.5462,-5.169,-33.5725,-45.2066,33.9681,-1.0971,-1.7236,-1,G,37.7765,-1.1191,27.1584,26.234,27.1815,0.8565,1.612,1,91.9573
167807,1188124940,G,100.0,-39.2419,-22.0676,89.2926,45.0212,1.4362,-2.6293,1,G,121.915,26.9201,39.834,112.035,48.0774,1.5823,0.9765,-1,90.8088
167807,1188184524,G,55.9527,-19.002,-23.4088,47.1343,30.1505,1.2294,-2.2527,1,G,38.1135,23.6519,20.522,-21.727,31.314,-0.6476,0.7147,-1,90.4045
167807,1188615111,G,103.356,18.4386,43.2214,92.0562,46.9902,1.4252,1.1676,-1,G,95.357,-22.1283,-36.7217,85.1752,42.8736,1.4377,-2.1131,1,89.5544
167807,1189430646,G,230.932,56.5571,-30.352,-221.832,64.1869,-1.9536,-0.4925,-1,G,146.158,-32.3742,5.7386,-142.412,32.8789,-2.1721,2.9662,1,91.2818
167807,1190229199,G,39.9119,-28.9435,-18.3599,-20.4484,34.2755,-0.5659,-2.5763,1,G,53.8096,36.0094,34.8419,19.6171,50.1062,0.3821,0.7689,-1,91.9861
167807,1189824244,G,76.8249,34.4939,-9.3918,68.0001,35.7496,1.399,-0.2658,1,G,46.3106,-41.0106,16.7241,13.531,44.2896,0.3009,2.7544,-1,91.7539
167807,1189808797,G,142.406,-31.4681,5.8508,-138.762,32.0074,-2.173,2.9578,-1,G,101.84,44.1929,-29.1404,-87.0013,52.9356,-1.2718,-0.5829,1,89.3455
173692,516445849,G,38.7613,-0.022,31.6116,22.4306,31.6116,0.6605,1.5715,1,G,53.7583,5.7608,-37.8594,-37.7282,38.2952,-0.8709,-1.4198,-1,90.8509
173692,516369660,G,45.5982,38.7316,-23.9103,2.7116,45.5174,0.0595,-0.5531,-1,G,45.6272,-39.4993,22.6076,-3.246,45.5115,-0.0713,2.6218,1,91.2114
173692,516050141,G,57.0438,22.6449,1.9373,52.3205,22.7277,1.5711,0.0853,-1,G,41.1143,-12.9898,-28.3861,-26.7558,31.217,-0.7766,-2.0,1,90.4915
173692,515832205,G,142.777,32.0538,19.8369,-137.711,37.6955,-2.007,0.5542,-1,G,25.1304,-22.7415,-10.1922,-3.2362,24.921,-0.1295,-2.7203,1,90.2611
173692,516736637,G,58.4785,31.429,-35.8644,33.848,47.6869,0.6607,-0.8512,-1,G,45.1963,-20.3583,35.4638,19.2499,40.8918,0.4549,2.0919,1,88.3536
173692,516874181,G,116.177,-34.9406,36.752,-104.525,50.7105,-1.4707,2.3309,-1,G,34.5402,32.1256,-7.815,-9.9944,33.0625,-0.2979,-0.2386,1,93.5716
173692,516741520,G,53.4127,-10.1994,-44.5338,27.6698,45.6869,0.5737,-1.7959,-1,G,49.9108,7.48,49.1773,4.0882,49.743,0.0821,1.4199,1,98.1744
173692,515827583,G,80.2271,-12.9459,39.7846,-68.4541,41.8379,-1.268,1.8854,1,G,65.4505,13.4527,-36.563,-52.592,38.9593,-1.1085,-1.2182,-1,80.9886
173692,516196960,G,80.7415,-27.6786,-32.967,-68.31,43.0456,-1.242,-2.2692,1,G,83.2326,26.5083,24.4937,-75.0002,36.092,-1.478,0.7459,-1,79.2246
173692,516148586,G,46.2228,-31.0454,-34.1383,-2.7005,46.1437,-0.0585,-2.3088,1,G,46.4166,31.5167,33.9157,-3.304,46.2988,-0.0713,0.822,-1,92.4432
173692,518002502,G,53.5452,-3.126,-47.7546,24.0167,47.8568,0.4829,-1.6362,-1,G,51.8651,1.2422,45.6086,24.6636,45.6255,0.5172,1.5436,1,93.4528
173692,517296355,G,135.277,34.0758,-4.1738,-130.848,34.3305,-2.0479,-0.1219,-1,G,35.8272,-32.3219,6.1627,-14.1736,32.9042,-0.4184,2.9532,1,90.7649
173692,517427307,G,88.9145,-46.1077,-8.3093,-75.5699,46.8504,-1.2559,-2.9633,1,G,78.3179,41.575,12.7853,-65.1286,43.4965,-1.1933,0.2983,-1,90.1666
173692,517888107,G,59.7448,-35.6267,17.9215,44.4858,39.8804,0.9607,2.6755,-1,G,106.602,48.8818,-8.3132,94.3692,49.5837,1.3995,-0.1685,1,90.1261
173692,518567999,G,183.744,47.9719,13.229,-176.877,49.7625,-1.9806,0.2691,-1,G,131.805,-50.5501,-11.9352,-121.14,51.94,-1.5831,-2.9097,1,103.677
173692,517849821,G,149.6,-36.8673,4.5212,-144.915,37.1435,-2.0705,3.0196,-1,G,213.552,50.6913,-10.5422,-207.18,51.7759,-2.0951,-0.205,1,87.6385
173692,517353988,G,47.6223,26.6764,34.4765,19.1732,43.592,0.4268,0.9123,1,G,47.4705,-33.7746,-32.1808,-8.7815,46.6511,-0.1871,-2.3803,-1,94.2284
173692,517730297,G,41.0337,-2.3036,-39.7873,-9.7681,39.854,-0.2427,-1.6286,1,G,77.2236,4.1136,49.9503,-58.7496,50.1194,-0.998,1.4886,-1,95.8308
173692,517445856,G,40.5103,29.8775,20.8456,-17.7164,36.4308,-0.4689,0.6092,1,G,53.6726,-15.1526,-50.5509,9.785,52.773,0.1844,-1.862,-1,87.7969
173692,518149128,G,52.4657,-8.6286,-45.0285,25.5072,45.8478,0.531,-1.7601,1,G,50.5505,9.3194,46.0974,18.5343,47.03,0.3845,1.3713,-1,93.1186
173692,517739074,G,122.181,-21.4789,27.1377,-117.177,34.6092,-1.9338,2.2403,-1,G,28.9611,11.8658,-26.3173,-2.3098,28.8686,-0.0799,-1.1472,1,92.0534
173692,517305058,G,37.6487,3.5969,-31.0605,-20.9695,31.2681,-0.6284,-1.4555,1,G,56.0058,4.9546,50.4776,23.7509,50.7201,0.4527,1.473,-1,91.1772
173692,517818074,G,63.4113,47.506,-7.6366,-41.3019,48.1158,-0.7776,-0.1594,-1,G,57.6619,-39.6492,11.0981,-40.369,41.1731,-0.8675,2.8687,1,88.9655
173692,518659370,G,59.6425,10.3084,28.9733,-51.1029,30.7525,-1.2813,1.229,1,G,43.7655,-14.1183,-40.9276,6.4043,43.2943,0.1474,-1.903,-1,92.4005
173692,518927228,G,78.0232,28.1169,-19.3432,-70.1633,34.1279,-1.4684,-0.6026,-1,G,31.1198,-19.2115,-16.3406,18.2301,25.221,0.6713,-2.4368,1,88.6708
173692,519645884,G,40.8155,36.2104,-18.8077,-0.9867,40.8034,-0.0242,-0.479,1,G,52.7684,-41.0833,21.8653,-24.8709,46.5396,-0.5118,2.6525,-1,89.7565
173692,520268826,G,85.0276,10.8974,-36.374,76.078,37.9713,1.4452,-1.2797,-1,G,47.3486,-41.9472,16.2871,14.7325,44.9982,0.3218,2.7712,1,88.9344
173692,519647220,G,74.6004,0.3634,-40.489,62.6556,40.4906,1.2208,-1.5618,-1,G,31.5358,0.9887,31.2775,3.9037,31.2931,0.1244,1.5392,1,82.1467
173692,518875119,G,69.9717,2.7506,-66.8208,-20.5779,66.8774,-0.303,-1.5297,-1,G,38.6899,-32.8452,15.0276,13.8656,36.1198,0.375,2.7125,1,90.4105
173692,520234080,G,195.845,20.0482,31.7404,-192.213,37.5418,-2.3357,1.0074,-1,G,44.2259,-34.188,9.5342,-26.3856,35.4925,-0.6879,2.8696,1,89.1355
173692,519428566,G,41.9973,-39.3684,-10.5384,-10.1408,40.7545,-0.2463,-2.88,1,G,50.5956,35.4436,6.8425,35.4519,36.098,0.8687,0.1907,-1,88.903
173692,520130005,G,48.2421,3.963,-35.1488,32.8047,35.3715,0.8291,-1.4585,1,G,44.1687,0.8589,38.5236,-21.5882,38.5332,-0.5344,1.5485,-1,91.5385
173692,519651217,G,63.2196,49.5611,-24.2405,30.8674,55.1716,0.5338,-0.4549,-1,G,101.096,-0.5865,85.7895,53.4805,85.7915,0.5888,1.5776,1,117.039
173692,521353734,G,47.7558,7.1678,-43.7774,17.6852,44.3603,0.3888,-1.4085,-1,G,54.573,4.577,42.4418,33.9992,42.6879,0.7299,1.4634,1,87.5224
173692,520751151,G,128.931,-28.0093,23.85,-123.571,36.7878,-1.9263,2.4362,1,G,32.3101,25.3932,-18.3268,-7.9526,31.316,-0.2513,-0.6252,-1,93.0744
173692,520960341,G,113.593,13.1714,31.2628,-108.409,33.9242,-1.8786,1.1721,1,G,67.6279,-7.1786,-46.6393,-48.4435,47.1885,-0.9001,-1.7235,-1,89.2523
173692,521040549,G,33.4646,-9.7872,29.0497,-13.4236,30.6541,-0.425,1.8958,-1,G,54.7388,17.7136,-30.7753,-41.6586,35.509,-0.9987,-1.0485,1,68.4104
173692,520664110,G,141.912,20.3605,-20.1835,-138.986,28.6692,-2.2822,-0.781,-1,G,23.4822,-18.3234,14.6848,0.0987,23.4817,0.0042,2.466,1,89.617
173692,521542793,G,116.006,31.3628,-37.6045,-105.165,48.9666,-1.5078,-0.8757,-1,G,80.9459,-23.2907,35.7836,-68.7699,42.6957,-1.2546,2.1478,1,92.0231
173692,521537076,G,34.9862,-19.1864,-28.9046,-4.52,34.6928,-0.1299,-2.1568,1,G,74.3726,18.4942,50.0652,-51.7949,53.3719,-0.8603,1.2169,-1,91.3221
173692,520451066,G,54.5833,-12.6975,-50.9478,-14.914,52.5062,-0.2804,-1.8151,-1,G,42.5366,2.0348,35.8604,-22.7869,35.9181,-0.5981,1.5141,1,87.5763
173692,520323923,G,70.1186,-22.5992,-31.7009,58.3175,38.9316,1.1936,-2.1901,-1,G,40.4849,-34.2328,-4.252,-21.1907,34.4959,-0.581,-3.018,1,79.5753
173692,520862203,G,122.961,31.6427,-31.1597,114.661,44.4094,1.6772,-0.7777,1,G,93.6074,-27.9171,30.5714,83.9545,41.4002,1.456,2.3108,-1,86.2521
173692,521337540,G,337.504,63.4528,57.8,326.408,85.8318,2.0458,0.7388,-1,G,45.6246,-21.6034,21.4114,34.0064,30.4164,0.9624,2.3607,1,94.1464
173692,522067978,G,152.973,-44.3436,14.6948,145.665,46.715,1.8552,2.8216,1,G,66.4684,34.5218,-17.2688,54.1117,38.6001,1.1391,-0.4638,-1,90.2248
173692,522108106,G,166.502,-42.4547,-13.792,160.407,44.6387,1.9911,-2.8275,1,G,104.2,42.0674,14.9206,94.1556,44.6351,1.4915,0.3408,-1,92.0655
173692,522384170,G,67.7009,30.4309,26.5535,-54.3347,40.3873,-1.1058,0.7175,1,G,38.2393,-26.4844,-27.5817,-0.2302,38.2384,-0.006,-2.3359,-1,90.7157
173692,522655462,G,66.2861,10.2247,-39.6558,52.1221,40.9527,1.0617,-1.3185,1,G,38.4175,-7.7709,37.3108,-4.8387,38.1114,-0.1266,1.7761,-1,93.3574
173692,522763411,G,49.8211,44.7187,10.3302,-19.3819,45.8963,-0.4107,0.227,-1,G,51.0067,-44.5901,7.305,-23.665,45.1846,-0.5023,2.9792,1,89.455
173692,522071453,G,165.97,-0.1704,43.8581,-160.07,43.8584,-2.0061,1.5747,-1,G,114.431,12.3342,-47.057,-103.576,48.6467,-1.4999,-1.3144,1,94.6431
173692,522688819,G,55.5588,50.6046,-12.4275,-19.2744,52.1083,-0.3619,-0.2408,1,G,70.4997,-47.4467,15.2655,-49.8595,49.842,-0.8816,2.8303,-1,105.324
173692,523241771,G,108.866,-32.8222,-30.1602,99.3226,44.575,1.5413,-2.3984,-1,G,151.359,31.1606,35.9638,143.684,47.5855,1.8246,0.8568,1,92.8901
173692,521864099,G,56.5955,10.5485,-32.4561,45.1483,34.1273,1.0924,-1.2566,1,G,33.504,-11.0274,30.9296,-6.653,32.8366,-0.2012,1.9133,-1,81.4461
173692,522994916,G,88.4846,-37.6054,27.0961,75.3734,46.3504,1.2628,2.5172,1,G,44.4421,40.0928,-9.5466,16.629,41.2137,0.3933,-0.2338,-1,94.2916
173692,522039220,G,35.2788,26.4842,-5.3078,-22.6935,27.0109,-0.7637,-0.1978,-1,G,64.666,-52.8187,31.1817,20.4832,61.3361,0.328,2.6083,1,92.8499
173692,523112983,G,44.9818,21.0672,-38.1942,-10.9877,43.6191,-0.2493,-1.0667,1,G,46.7959,-17.0371,40.2867,16.6301,43.7411,0.3716,1.9709,-1,91.4915
173692,523159800,G,83.3349,26.9404,-38.7099,-68.7056,47.1619,-1.1706,-0.9628,1,G,56.1445,-30.6458,26.8151,-38.652,40.7211,-0.845,2.4228,-1,88.1682
173692,524355011,G,106.699,-37.3632,-15.9006,98.6706,40.6058,1.6209,-2.7392,1,G,36.0709,33.3922,-8.4562,10.7029,34.4463,0.3059,-0.248,-1,88.3841
173692,524245916,G,64.9868,-4.0973,41.8611,49.5393,42.0611,1.0017,1.6684,1,G,43.0792,4.276,-41.1661,11.9528,41.3876,0.2849,-1.4673,-1,88.8621
173692,523925788,G,151.561,2.7088,-44.885,144.736,44.9666,1.8854,-1.5105,-1,G,153.93,-9.1,47.6158,146.097,48.4776,1.8228,1.7596,1,93.2316
173692,524295207,G,44.5879,-42.3342,-13.6196,-3.2232,44.4711,-0.0724,-2.8303,-1,G,21.2574,17.174,11.7499,4.3425,20.8088,0.2072,0.6,1,60.8097
173692,524337601,G,54.2036,26.7599,-34.4072,-32.2192,43.5884,-0.6845,-0.9098,-1,G,45.2004,-30.8193,31.7151,-9.348,44.2231,-0.2098,2.3419,1,90.1644
173692,523919442,G,48.6246,-31.6082,-36.9489,0.2081,48.6241,0.0043,-2.2784,1,G,49.6535,17.4014,31.9337,-33.8066,36.3672,-0.8307,1.0719,-1,91.1194
173692,523925578,G,53.2467,3.7786,-52.3012,-9.2468,52.4375,-0.1754,-1.4987,1,G,43.1991,-10.7124,41.2904,-6.819,42.6574,-0.1592,1.8246,-1,94.2039
173692,523488310,G,134.548,1.3464,28.1958,-131.554,28.2279,-2.2436,1.5231,-1,G,25.826,-7.0566,-24.7651,1.9662,25.7509,0.0763,-1.8484,1,94.2475
173692,523825872,G,303.742,-55.6337,-5.3204,298.556,55.8875,2.3774,-3.0463,1,G,46.0964,34.3661,6.0297,30.1245,34.8911,0.7814,0.1737,-1,117.912
173692,523991944,G,69.4438,24.9669,26.7882,-59.0041,36.619,-1.255,0.8206,-1,G,40.1682,-31.4663,-24.65,-3.9653,39.9718,-0.099,-2.4771,1,89.4586
173692,524771544,G,124.375,-8.6906,54.7335,111.345,55.4192,1.4477,1.7283,-1,G,30.1037,14.4235,-22.0896,14.4995,26.3816,0.5251,-0.9923,1,83.2358
173692,524822328,G,73.7498,-24.8419,33.182,-60.9988,41.4508,-1.1789,2.2134,-1,G,36.3667,21.3228,-29.4595,0.0116,36.3666,0.0003,-0.9443,1,91.5421
173692,523526511,G,72.4341,-43.1543,38.1247,-43.9421,57.5828,-0.7036,2.418,-1,G,59.602,33.7953,-47.9464,-10.5553,58.6598,-0.179,-0.9568,1,119.497
173692,523900943,G,40.0368,10.1823,-38.6616,-2.1292,39.98,-0.0532,-1.3133,1,G,55.3805,-4.5761,51.4824,-19.8901,51.6853,-0.3759,1.6595,-1,91.7813
173692,523514984,G,41.4753,-35.3916,-10.0256,-19.1601,36.7842,-0.4998,-2.8655,1,G,39.8343,36.3378,9.5236,13.2524,37.565,0.3458,0.2563,-1,81.0876
173692,523919064,G,65.8722,38.1508,3.473,53.5872,38.3085,1.1373,0.0908,1,G,69.0208,-5.7493,-67.1802,14.7523,67.4257,0.2171,-1.6562,-1,91.7462
173692,524228853,G,85.1693,-32.8004,-57.8563,53.2032,66.5073,0.7326,-2.0865,1,G,28.1496,5.2442,27.5595,-2.3161,28.054,-0.0825,1.3828,-1,92.5983
173692,526296599,G,104.258,-43.5097,-43.8517,-83.9855,61.7743,-1.1142,-2.3523,1,G,23.6591,21.0595,9.162,5.6832,22.9662,0.245,0.4104,-1,92.3258
173692,525302209,G,32.5513,21.8353,2.2277,-24.0381,21.9487,-0.9471,0.1017,-1,G,62.561,-40.3294,-10.418,46.6784,41.6533,0.9642,-2.8888,1,90.1369
173692,525110265,G,97.1577,-10.2036,-41.6788,-87.1687,42.9097,-1.4576,-1.8109,-1,G,34.0023,33.4371,4.2351,4.4907,33.7042,0.1328,0.126,1,91.7903
173692,525195473,G,61.1132,8.9819,-28.1932,53.4722,29.5893,1.3539,-1.2624,1,G,40.1966,-25.7687,28.3423,-12.1838,38.3055,-0.3129,2.3087,-1,90.9786
173692,525339598,G,70.24,34.3245,-22.5828,56.9692,41.0872,1.1301,-0.5819,-1,G,52.7771,-37.5512,25.7196,26.7174,45.5147,0.5577,2.5411,1,90.0528
173692,525823243,G,52.3623,12.5769,26.6012,-43.3128,29.4245,-1.1791,1.1292,1,G,41.5677,-23.7087,-24.8055,23.4616,34.3135,0.6393,-2.3336,-1,91.1133
173692,526411781,G,171.085,-1.039,60.7189,159.944,60.7277,1.6958,1.5879,1,G,37.0703,1.6611,-27.6416,24.645,27.6915,0.8014,-1.5108,-1,90.3376
173692,527321409,G,94.8153,-4.7362,-36.6064,87.3354,36.9115,1.5963,-1.6995,-1,G,30.0535,3.1723,29.8854,0.0614,30.0533,0.002,1.465,1,88.9179
173692,527657569,G,99.301,-17.0262,-35.8097,91.0409,39.6513,1.5687,-2.0146,1,G,60.0919,23.9222,35.5012,42.1714,42.809,0.8708,0.9778,-1,87.2522
173692,527202980,G,44.5695,20.649,36.1485,-15.9167,41.6304,-0.3736,1.0518,-1,G,43.8332,-19.5071,-38.6676,-6.755,43.3095,-0.1553,-2.038,1,85.4014
173692,526739063,G,182.149,-7.7247,-36.6742,178.252,37.4788,2.2634,-1.7784,1,G,49.3298,18.2597,28.5953,35.8095,33.9279,0.92,1.0025,-1,87.0869
173692,527029399,G,185.021,16.5235,51.1943,177.028,53.7948,1.9066,1.2586,-1,G,86.8724,-46.3406,-31.1186,66.5656,55.8196,1.0112,-2.5502,1,115.309
173692,527309703,G,295.312,-42.1875,37.0285,289.928,56.1328,2.3443,2.4212,-1,G,44.9954,9.698,-22.0517,38.0032,24.09,1.237,-1.1565,1,83.6082
173692,527222343,G,43.1299,-28.9126,-30.227,-10.5149,41.8283,-0.2488,-2.334,1,G,52.0092,29.9164,34.8985,-24.3322,45.9662,-0.5073,0.8621,-1,88.3985
173692,527311279,G,101.469,18.5437,-27.6178,-95.8606,33.2657,-1.7804,-0.9795,1,G,42.4244,-24.8944,30.3221,-16.1449,39.2321,-0.4007,2.2582,-1,90.0683
173692,526964506,G,46.9669,28.1499,2.0111,37.5422,28.2217,1.0968,0.0713,1,G,44.6883,-43.5411,-8.5069,-5.3702,44.3643,-0.1208,-2.9487,-1,84.1817
173692,526646048,G,75.7658,22.5924,30.3642,-65.6358,37.8471,-1.318,0.9311,1,G,81.1974,-34.0082,-39.2886,-62.3927,51.963,-1.0164,-2.2843,-1,89.6448
173692,528087681,G,31.2594,-8.1573,30.1136,1.9424,31.1989,0.0622,1.8353,-1,G,42.3201,12.853,-34.7344,20.4767,37.0362,0.528,-1.2164,1,69.7705
173692,528941745,G,73.8603,-2.171,-32.5806,66.2504,32.6529,1.4565,-1.6373,-1,G,49.5209,-30.8271,37.6672,9.1202,48.6737,0.1863,2.2567,1,91.801
173692,528813983,G,30.9805,22.7513,-20.9019,-2.2958,30.8951,-0.0742,-0.7431,1,G,72.3203,-47.1333,38.5422,-39.0277,60.8855,-0.6037,2.4561,-1,89.765
173692,527932664,G,76.1826,-23.2004,28.3715,-66.7875,36.6498,-1.3612,2.2563,1,G,50.6988,27.3688,-37.161,-20.9849,46.1518,-0.4403,-0.936,-1,91.1058
173692,528112466,G,114.362,1.7302,-47.1345,-104.183,47.1662,-1.5333,-1.5341,1,G,115.992,-14.1548,48.8457,-104.249,50.8553,-1.4657,1.8529,-1,97.2724
173692,528159664,G,47.5602,3.7318,23.4433,41.2122,23.7385,1.319,1.4129,1,G,48.7332,-13.6627,-46.4883,-5.2048,48.4544,-0.1072,-1.8566,-1,85.71
173692,528995824,G,117.603,-31.2352,-28.1891,109.818,42.0746,1.6874,-2.4074,1,G,133.401,38.0642,28.6702,124.6,47.6536,1.689,0.6456,-1,89.4669
173692,530600259,G,59.5285,0.9767,46.3703,-37.3159,46.3806,-0.7362,1.5497,1,G,58.3824,-2.9379,-44.7239,-37.4117,44.8203,-0.7595,-1.6364,-1,91.1713
173692,529539203,G,85.9492,-1.0648,-46.6366,72.1883,46.6487,1.2208,-1.5936,-1,G,54.7776,3.3037,43.0876,33.6618,43.2141,0.7161,1.4943,1,92.64
173692,529549362,G,60.6195,27.4431,22.2024,49.2813,35.2997,1.1357,0.6802,1,G,44.9767,-37.4715,-24.7667,2.3196,44.9167,0.0516,-2.5576,-1,91.5465
173692,529837962,G,52.3175,16.5129,24.8191,42.9936,29.8105,1.1623,0.9837,-1,G,35.3975,-14.7343,-27.633,-16.5012,31.3158,-0.5052,-2.0607,1,83.5524
173692,530597056,G,55.7794,-25.9117,-10.6711,48.229,28.023,1.3114,-2.7509,1,G,39.364,31.0092,11.2886,-21.4595,33.0001,-0.6115,0.3491,-1,91.1553
173692,530577809,G,53.3296,40.6402,1.5917,-34.4945,40.6714,-0.7698,0.0391,-1,G,77.1961,-53.6137,7.1713,-55.076,54.0912,-0.8942,3.0086,1,93.6428
173692,530615988,G,33.3435,10.0144,-30.6045,-8.6516,32.2013,-0.2655,-1.2546,-1,G,69.6011,-10.1168,68.2481,-9.1732,68.9939,-0.1326,1.718,1,94.1425
173692,530057060,G,50.7535,7.9675,21.0871,45.4727,22.5421,1.4513,1.2095,-1,G,42.5698,-11.9519,-30.9175,-26.7102,33.1473,-0.7372,-1.9397,1,90.8004
173692,529623973,G,146.848,65.0308,73.6255,109.155,98.233,0.9578,0.8473,-1,G,21.7265,-20.0199,-7.65,-3.5652,21.4317,-0.1656,-2.7766,1,104.353
173692,529978173,G,32.2247,-15.582,-14.7143,-24.0647,21.4315,-0.9656,-2.3848,-1,G,68.7188,11.1406,18.8985,65.1229,21.9378,1.8084,1.0381,1,92.0141
173692,530069565,G,44.1874,28.1099,-33.9755,2.8311,44.0965,0.0642,-0.8796,1,G,47.1749,-28.3271,32.4716,-19.1998,43.0909,-0.432,2.2881,-1,89.8712
173692,530914932,G,66.5408,-17.5337,37.0214,-52.4371,40.9636,-1.0662,2.0131,1,G,52.8599,18.5851,-42.1713,-25.8909,46.085,-0.5358,-1.1557,-1,89.9646
173692,531884620,G,53.9114,45.7798,-13.8347,24.8844,47.8246,0.4993,-0.2935,-1,G,58.5233,-30.7126,30.992,39.0025,43.6322,0.8043,2.3517,1,89.6584
173692,531938658,G,51.7071,-14.852,40.8395,28.0208,43.4563,0.6069,1.9196,-1,G,51.1465,16.8117,-37.13,30.898,40.7586,0.6996,-1.1456,1,84.2011
173692,532319333,G,55.5258,-35.0037,-30.7771,-30.1765,46.6099,-0.6091,-2.4204,1,G,40.0029,14.631,35.7289,10.4688,38.6086,0.2679,1.1821,-1,91.0921
173692,531324510,G,64.8616,-26.2999,-51.9525,28.5705,58.2301,0.4728,-2.0394,-1,G,32.8996,3.2798,32.4171,-4.5546,32.5826,-0.1393,1.47,1,89.8273
173692,531569310,G,39.9535,16.0757,13.935,-33.818,21.2747,-1.2434,0.7142,1,G,54.8682,-33.2494,-6.4672,43.1643,33.8726,1.0627,-2.9495,-1,92.4829
173692,530908283,G,71.9906,21.5406,35.6532,58.7153,41.6551,1.1435,1.0273,-1,G,21.6784,-7.527,-19.9614,-3.8507,21.3334,-0.1795,-1.9314,1,72.9462
173692,530914707,G,97.6508,-42.9237,28.2558,-83.0352,51.389,-1.2573,2.5594,1,G,27.7373,12.7113,-24.6148,1.3711,27.7032,0.0495,-1.0941,-1,90.1505
173692,532451561,G,145.625,-17.1232,36.0979,-140.037,39.9533,-1.9671,2.0137,-1,G,104.857,16.3913,-39.8752,-95.5834,43.1127,-1.5367,-1.1808,1,84.9072
173692,533346760,G,79.902,-44.2092,32.0028,-58.3582,54.5769,-0.9295,2.515,-1,G,57.0068,16.6635,-39.1155,-37.9747,42.517,-0.8038,-1.1681,1,93.0303
173692,533497752,G,136.121,-46.1809,0.3974,-128.047,46.1826,-1.744,3.133,1,G,90.4311,43.597,-11.7772,-78.3477,45.1597,-1.3184,-0.2638,-1,92.6865
173692,533041726,G,69.2413,-1.6625,-26.0825,-64.1193,26.1354,-1.6298,-1.6344,1,G,94.9348,-43.5389,62.1603,-57.0357,75.8916,-0.6944,2.1818,-1,94.5013
173692,532967419,G,80.0056,43.4927,-11.0915,-66.2288,44.8847,-1.1811,-0.2497,-1,G,33.7997,-32.4123,9.4972,1.2847,33.7751,0.038,2.8566,1,92.7825
173692,533137587,G,87.7783,-3.5637,59.9961,-63.975,60.1018,-0.9262,1.6301,-1,G,48.2247,1.4418,-35.9005,-32.1666,35.9294,-0.8053,-1.5307,1,93.1049
173692,532709034,G,52.6739,15.7546,24.541,-43.8641,29.1628,-1.197,1.0001,-1,G,40.1262,-17.0306,-17.8163,31.6645,24.6467,1.0691,-2.3337,1,91.7398
173692,533384542,G,50.9439,24.4379,-3.5381,-44.5594,24.6927,-1.3526,-0.1438,-1,G,34.4095,-24.8586,9.8248,21.6686,26.7297,0.741,2.7652,1,81.9849
173692,532452614,G,150.638,31.1874,14.1976,-146.688,34.267,-2.1606,0.4272,-1,G,29.1188,-26.1583,-11.5179,-5.5654,28.5818,-0.1935,-2.7268,1,95.3871
173692,533128429,G,55.8107,13.968,-26.1699,-47.2742,29.6643,-1.2456,-1.0805,1,G,40.7248,-22.251,33.1913,7.8568,39.9596,0.1954,2.1614,-1,87.4497
173692,533702773,G,74.0374,26.1687,15.9566,67.3952,30.6498,1.5292,0.5476,1,G,31.4467,-26.0599,-12.6426,-12.2447,28.9647,-0.4111,-2.6899,-1,89.8573
173692,532438428,G,73.7352,-13.3392,30.8881,-65.6114,33.6453,-1.4211,1.9785,1,G,31.4508,16.46,-25.0915,9.4142,30.0086,0.3088,-0.9902,-1,88.6714
173692,532509700,G,57.0518,36.1919,4.0754,-43.9139,36.4206,-1.0196,0.1121,1,G,49.3498,-45.4626,-16.1725,-10.3436,48.2535,-0.2128,-2.7998,-1,90.2503
173692,533427474,G,64.1786,19.4359,-30.0044,53.2998,35.7493,1.1897,-0.996,1,G,45.689,-26.2531,36.885,6.1439,45.2739,0.1353,2.1894,-1,91.8887
173692,532667177,G,60.5503,23.3643,3.5377,55.7488,23.6306,1.5936,0.1503,-1,G,22.5404,-17.5316,-13.3035,-4.8701,22.0077,-0.2195,-2.4925,1,64.6996
173692,532955689,G,70.274,7.7286,-37.5971,58.8656,38.3832,1.2133,-1.3681,-1,G,182.928,-2.5716,44.6299,177.382,44.704,2.0869,1.6283,1,90.6782
173692,534530692,G,62.999,-6.7625,23.5344,-58.0453,24.4867,-1.598,1.8506,1,G,38.9843,-29.0247,-18.5346,18.2702,34.4379,0.5083,-2.5733,-1,86.6765
173692,534931004,G,90.1151,39.8561,-23.9695,77.1859,46.5085,1.2802,-0.5414,-1,G,42.9541,-27.6897,21.7005,24.6458,35.1799,0.6531,2.4769,1,84.7616
173692,534282593,G,56.5437,-39.5584,-13.6272,-38.0343,41.8398,-0.8156,-2.8098,-1,G,54.7783,43.3446,21.0388,-26.0628,48.1807,-0.5175,0.4519,1,90.636
173692,534520097,G,41.4841,-22.9059,-21.464,27.1208,31.3908,0.7818,-2.3887,-1,G,32.6498,22.6859,21.2193,-10.0543,31.063,-0.3183,0.752,1,72.142
173692,534739962,G,205.051,38.9912,17.7172,-200.528,42.8277,-2.2481,0.4265,-1,G,233.05,-41.5584,-16.1898,-228.742,44.6006,-2.3374,-2.7701,1,87.4645
173692,534087479,G,50.0489,7.3179,-46.0915,-18.0805,46.6688,-0.3783,-1.4133,-1,G,66.9854,-45.7973,22.4704,-43.4134,51.0129,-0.772,2.6854,1,88.752
173692,534034220,G,181.365,39.7879,13.9586,176.395,42.1654,2.1383,0.3374,-1,G,76.4089,-38.7603,-12.2159,64.7049,40.6398,1.2448,-2.8363,1,91.1809
173692,535332807,G,58.8828,54.4076,-19.0003,12.0819,57.6299,0.2081,-0.336,-1,G,33.3213,-27.4519,18.7331,2.4006,33.2346,0.0722,2.5428,1,86.9781
173692,536148961,G,87.5957,40.042,14.447,76.5566,42.5685,1.3497,0.3463,1,G,34.2339,-29.8926,-11.8107,11.7851,32.1412,0.3589,-2.7653,-1,83.236
173692,536186889,G,110.009,2.6052,31.88,-105.256,31.9863,-1.9066,1.4893,-1,G,26.5703,-5.5022,-25.3757,5.6364,25.9654,0.2154,-1.7843,1,93.1618
173692,535505398,G,96.2166,6.4793,-44.6997,-84.9563,45.1668,-1.3891,-1.4268,1,G,91.6373,-7.8966,45.5383,-79.1283,46.2179,-1.3069,1.7425,-1,91.4472
173692,536008030,G,47.1339,-21.3714,-28.2489,31.0943,35.4223,0.7923,-2.2185,-1,G,48.9929,32.6041,22.8313,28.5658,39.8032,0.6671,0.6109,1,74.3338
173692,536323478,G,50.5776,-4.283,-40.6232,29.8243,40.8484,0.6772,-1.6758,1,G,41.3536,4.1499,36.5684,-18.8585,36.8031,-0.4923,1.4578,-1,91.1846
173692,535537908,G,107.564,-23.0392,-48.0342,93.4444,53.2737,1.3279,-2.018,-1,G,96.5663,27.5318,27.603,88.3465,38.9863,1.5567,0.7867,1,90.4628
173692,536567196,G,51.6546,-0.3316,-22.4837,46.5034,22.4861,1.4737,-1.5856,-1,G,64.3892,59.4028,7.1637,-23.7897,59.8332,-0.3878,0.12,1,96.0529
173692,535455128,G,99.6496,27.9206,-17.3131,94.0783,32.8528,1.7744,-0.5551,1,G,32.3394,-28.7909,14.6899,1.0571,32.322,0.0327,2.6698,-1,91.4479
173692,535660992,G,64.4189,-29.1088,-39.0075,42.2004,48.6714,0.7842,-2.2119,-1,G,45.934,26.6294,35.4548,11.9896,44.3415,0.2672,0.9266,1,96.0334
173692,535471626,G,52.5821,19.1593,35.1735,-34.0678,40.0532,-0.7717,1.072,-1,G,53.2975,-28.8333,-41.1556,-17.7614,50.2508,-0.3465,-2.1819,1,91.6235
173692,536023930,G,63.3681,-7.0245,19.9985,-59.7179,21.1963,-1.7591,1.9086,1,G,110.702,38.7348,-70.8293,-75.7477,80.729,-0.8371,-1.0703,-1,91.4337
173692,536776138,G,93.9719,-38.4484,26.6488,81.5002,46.7807,1.322,2.5355,-1,G,28.9179,22.4523,-18.1568,-1.5683,28.8751,-0.0543,-0.68,1,91.5686
173692,536946075,G,78.4395,-28.4519,-28.017,-67.515,39.9308,-1.2961,-2.3639,1,G,33.3889,31.2286,10.6539,5.1067,32.9959,0.1542,0.3288,-1,91.1132
173692,538360019,G,46.7659,-1.1647,40.0949,24.0434,40.1118,0.5683,1.5998,1,G,47.1538,0.8627,-46.3801,-8.4625,46.3881,-0.1814,-1.5522,-1,92.4044
173692,538190501,G,61.0646,-3.6186,-38.3059,-47.4177,38.4764,-1.0365,-1.665,-1,G,41.0181,5.1971,40.4035,-4.798,40.7364,-0.1175,1.4429,1,87.6785
173692,537389252,G,21.3105,-18.9842,-9.3543,-2.4947,21.1637,-0.1176,-2.6838,-1,G,117.772,23.9836,93.1803,-67.915,96.2174,-0.6575,1.3189,1,85.6423
173692,538119325,G,98.3958,14.6681,-38.037,89.5531,40.7673,1.5283,-1.2027,-1,G,49.2385,-17.7312,33.58,31.3433,37.9738,0.7524,2.0566,1,84.5618
173692,539857281,G,41.7659,-25.4717,-25.329,21.3077,35.9217,0.563,-2.359,-1,G,63.2087,50.1044,25.7739,28.6457,56.3449,0.4887,0.4751,1,88.9796
173692,539126056,G,103.769,-28.9142,-29.2477,95.271,41.1274,1.5768,-2.3505,-1,G,49.4675,35.3448,22.264,26.4969,41.7725,0.598,0.5621,1,92.5415
173692,539508712,G,108.405,-61.9425,22.5535,86.0588,65.9207,1.0818,2.7924,-1,G,52.783,30.7881,22.5532,36.4621,38.1648,0.8495,0.6322,1,89.247
173692,539055396,G,89.1359,30.7667,9.0576,83.1659,32.0723,1.6813,0.2863,-1,G,31.2657,-29.6502,-7.3574,-6.6535,30.5494,-0.2161,-2.8984,1,92.9423
173692,538518762,G,39.4476,-0.2029,-37.0522,-13.5351,37.0527,-0.3576,-1.5763,-1,G,68.3546,-4.6281,54.8419,-40.5375,55.0369,-0.6824,1.655,1,91.4202
173692,538663782,G,61.4656,30.2138,19.0361,-50.0276,35.7106,-1.1385,0.5622,1,G,39.1028,-28.2575,-25.7358,8.2582,38.2207,0.2144,-2.4029,-1,91.2173
173692,538929291,G,133.531,58.2772,17.5228,118.859,60.8546,1.4225,0.2921,1,G,55.0823,-34.0202,2.7311,43.2344,34.1296,1.058,3.0615,-1,91.1174
173692,539161907,G,46.73,-38.5258,-8.1497,25.16,39.3784,0.6019,-2.9331,-1,G,36.2233,32.3492,6.587,14.9083,33.013,0.4375,0.2009,1,72.3546
173692,539275465,G,96.6751,-46.7507,16.4976,-82.9956,49.5762,-1.2876,2.8024,-1,G,106.637,33.9137,-19.9805,-99.1066,39.3619,-1.6538,-0.5324,1,89.4302
173692,538508525,G,36.9575,27.0827,-25.108,1.4004,36.9309,0.0379,-0.7476,1,G,57.3126,-21.7278,52.4617,7.7712,56.7832,0.1364,1.9634,-1,89.5871
173692,539761445,G,108.918,-32.6787,41.5409,-95.2346,52.8539,-1.3513,2.2374,1,G,78.8376,43.7093,-25.8688,-60.2964,50.7907,-1.0077,-0.5344,-1,103.417
173692,540399403,G,39.6236,-25.2312,-21.8928,21.3099,33.4052,0.6011,-2.4269,1,G,72.8862,48.1249,37.9959,39.4042,61.3163,0.605,0.6683,-1,90.4921
173692,540431091,G,40.3715,36.7709,-15.8963,-5.0054,40.0599,-0.1246,-0.408,-1,G,52.7443,-50.2707,14.9214,-5.6707,52.4384,-0.1079,2.8531,1,91.5061
173692,540335047,G,74.4551,8.1226,37.558,63.7728,38.4263,1.2802,1.3578,-1,G,28.357,-7.9063,-27.1781,-1.7162,28.3048,-0.0606,-1.8539,1,81.3112
173692,540518599,G,52.1401,10.469,31.0373,40.5668,32.7554,1.0404,1.2455,-1,G,39.7576,-16.9579,-33.9942,-11.725,37.9892,-0.3039,-2.0335,1,86.9625
173692,541231369,G,50.8724,-33.5585,-19.1643,33.0839,38.6451,0.7759,-2.6227,-1,G,41.1201,34.6483,18.2721,-12.5091,39.1711,-0.3142,0.4853,1,89.6511
173692,540225045,G,67.6914,26.278,-21.2931,58.636,33.822,1.3178,-0.681,1,G,33.7005,-24.4275,18.6616,-13.8113,30.7402,-0.4354,2.4892,-1,90.8884
173692,540188441,G,135.488,37.4896,-15.1564,-129.312,40.4374,-1.8792,-0.3842,1,G,41.6824,-31.6302,15.0789,-22.5737,35.0406,-0.6064,2.6967,-1,91.0247
173692,541261336,G,143.578,20.6473,36.4776,-137.324,41.9157,-1.9023,1.0557,-1,G,101.686,-23.0617,-42.0849,-89.6492,47.9894,-1.383,-2.0721,1,92.7386
173692,540686616,G,55.5301,-7.9507,-40.6518,36.9837,41.422,0.8035,-1.7639,1,G,54.1435,23.0103,44.8851,19.6814,50.4396,0.3809,1.0971,-1,92.5886
173692,540637048,G,70.8544,-1.8019,-42.0497,-56.9992,42.0883,-1.1111,-1.6136,-1,G,83.5368,5.1909,51.6074,-65.4837,51.8678,-1.0554,1.4706,1,93.4438
173692,540957887,G,73.4739,40.0656,8.6072,-60.9841,40.9797,-1.1882,0.2116,1,G,45.5057,-39.5296,-18.5126,-12.8628,43.6499,-0.2906,-2.7036,-1,92.7598
173692,540456164,G,51.7403,-17.6089,17.6409,-45.3407,24.9254,-1.3597,2.3553,-1,G,44.4083,-3.7056,-21.2022,38.8436,21.5236,1.3527,-1.7438,1,93.4632
173692,541052123,G,161.884,46.9284,-1.3802,-154.926,46.9487,-1.9092,-0.0294,-1,G,116.016,-53.7684,-9.1408,-102.397,54.5399,-1.3875,-2.9732,1,104.19
173692,540832834,G,76.3837,-32.8167,-32.3954,60.8938,46.1129,1.0909,-2.3627,1,G,67.3965,34.9692,35.0245,45.7463,49.493,0.8268,0.7862,-1,96.38
173692,542459588,G,81.8405,-44.0832,3.5281,68.8627,44.2241,1.226,3.0617,1,G,78.8029,49.5534,-7.111,60.8587,50.061,1.026,-0.1425,-1,94.5298
173692,542821810,G,49.271,10.8679,-22.0946,-42.6771,24.6228,-1.3175,-1.1137,1,G,39.1169,-9.1354,22.3704,30.7609,24.1638,1.0619,1.9585,-1,87.5634
173692,542135440,G,34.5208,-24.8933,15.3843,18.3118,29.2635,0.5908,2.588,-1,G,92.1983,85.2018,29.5971,19.1093,90.1961,0.2103,0.3343,1,94.8521
173692,541755256,G,46.8143,-37.7517,7.1163,26.7532,38.4166,0.6497,2.9553,-1,G,51.8622,49.1491,-11.7045,11.7068,50.5235,0.2297,-0.2338,1,90.0384
173692,542734288,G,61.5929,7.9586,25.576,-55.4635,26.7856,-1.4748,1.2691,-1,G,38.7952,-32.29,-6.9342,20.3551,33.0261,0.5828,-2.9301,1,88.9136
173692,542215821,G,31.2002,18.665,-21.2587,-13.1577,28.2899,-0.4498,-0.8503,1,G,77.3531,-57.5838,47.098,-21.1984,74.3916,-0.2812,2.456,-1,91.7668
173692,541959306,G,184.582,-53.5793,-25.0588,-174.848,59.1496,-1.8045,-2.7041,-1,G,29.7174,4.1357,24.9374,-15.6248,25.278,-0.5843,1.4064,1,84.8508
173692,542174274,G,38.1751,17.4655,-28.6108,-18.2676,33.5205,-0.5211,-1.0227,1,G,55.1604,-40.0936,32.7728,19.0027,51.7838,0.3592,2.4563,-1,90.4523
173692,542237297,G,76.7327,35.8578,-23.7841,63.533,43.0287,1.1817,-0.5857,1,G,96.984,-34.6823,32.9918,84.3479,47.8678,1.3319,2.3812,-1,90.6786
173692,542589921,G,107.692,-36.1851,22.0879,-98.9971,42.3938,-1.5842,2.5936,-1,G,63.9798,41.2879,-16.6835,-45.9389,44.5312,-0.9035,-0.384,1,91.7045
173692,542585761,G,121.997,27.2371,12.4793,-118.261,29.9599,-2.0819,0.4296,1,G,44.3759,-38.6715,11.4046,-18.5381,40.3181,-0.445,2.8548,-1,90.9109
173692,542743577,G,57.0733,45.6654,-8.5908,33.1393,46.4665,0.6634,-0.186,1,G,64.3963,-46.1337,10.2045,43.7541,47.2488,0.8281,2.9239,-1,94.0183
173692,543623587,G,72.2802,-28.5936,-5.9333,66.1182,29.2027,1.5559,-2.937,1,G,48.9178,38.4259,28.5734,9.9976,47.8851,0.2073,0.6394,-1,91.0279
173692,543220814,G,65.8476,11.6116,25.4496,59.6103,27.9734,1.5007,1.1427,-1,G,35.7691,-13.384,-29.6559,-14.8599,32.5362,-0.4422,-1.9947,1,91.1182
173692,543834518,G,147.614,23.7745,-91.1488,-113.651,94.1983,-1.0201,-1.3156,1,G,55.4501,-30.5063,19.1522,-42.1575,36.02,-0.9969,2.581,-1,108.305
173692,544147029,G,46.9811,-41.3015,-22.2751,-2.2857,46.9254,-0.0487,-2.647,1,G,49.9887,39.7963,15.3986,-26.0384,42.6715,-0.5776,0.3692,-1,92.4735
173692,544374082,G,56.5818,-27.6086,26.805,-41.4819,38.4804,-0.9355,2.371,1,G,63.0735,17.5386,-51.0175,-32.6784,53.948,-0.5737,-1.2397,-1,90.1666
173692,543287301,G,51.666,-23.872,-39.3063,-23.548,45.9876,-0.492,-2.1166,1,G,61.281,26.8796,34.3926,-43.0115,43.6504,-0.871,0.9074,-1,91.0696
173692,543579584,G,92.7736,41.389,-9.1544,-82.5231,42.3893,-1.4196,-0.2177,-1,G,52.0309,-41.0493,9.1739,-30.6267,42.062,-0.6756,2.9217,1,90.3622
173692,543267963,G,38.8175,21.6804,-7.7953,-31.2407,23.0393,-1.1121,-0.3452,1,G,33.7106,1.3655,27.3972,19.5938,27.4312,0.6643,1.521,-1,64.8793
173692,543907042,G,158.686,-21.8642,47.0597,-149.962,51.8908,-1.7831,2.0057,-1,G,68.079,22.5243,-29.2245,-57.213,36.8973,-1.2225,-0.9142,1,90.4566
173692,543698102,G,51.0157,-43.1522,10.3426,-25.1695,44.3743,-0.5405,2.9064,-1,G,47.6108,46.3428,-6.4348,-8.8157,46.7874,-0.1873,-0.138,1,92.4485
173692,543887894,G,72.2953,-35.0225,-39.9966,48.9928,53.163,0.8248,-2.29,1,G,77.6323,-6.9725,50.3413,58.6848,50.8218,0.9867,1.7084,-1,94.938
173692,545397281,G,125.509,19.8492,-13.4063,-123.202,23.9524,-2.3402,-0.594,-1,G,32.6537,-27.3016,14.0827,-11.0704,30.7197,-0.353,2.6654,1,83.2484
173692,545774009,G,68.5444,-41.9135,-13.4042,52.5539,44.0047,1.0123,-2.8321,1,G,50.2367,44.4457,8.2363,21.9193,45.2024,0.4677,0.1832,-1,92.3557
173692,545052611,G,84.7043,-7.4902,36.1941,-76.2148,36.961,-1.471,1.7749,1,G,49.8475,24.3242,-35.4831,-25.1802,43.02,-0.5562,-0.9699,-1,86.8295
173692,544971750,G,75.4393,28.1576,-55.7281,42.3391,62.4378,0.6346,-1.1029,1,G,33.297,-4.498,32.9871,-0.5438,33.2924,-0.0163,1.7063,-1,94.8673
173692,545014228,G,82.9817,73.6779,-4.1478,-37.9515,73.7945,-0.494,-0.0562,-1,G,33.9207,-17.5806,28.8245,3.267,33.7628,0.0966,2.1185,1,93.3129
173692,545300564,G,167.534,44.805,3.2505,161.398,44.9227,1.9909,0.0724,-1,G,146.44,-45.8084,-9.1235,138.792,46.7081,1.8094,-2.945,1,91.8155
173692,545223965,G,191.525,10.7057,33.4574,188.276,35.1285,2.3806,1.2611,1,G,93.5989,-19.6759,-41.6283,81.4905,46.044,1.3357,-2.0123,-1,91.5125
173692,545556261,G,138.821,-28.3123,-27.3942,133.113,39.3958,1.9319,-2.3727,-1,G,63.9269,26.7736,30.7415,49.242,40.766,1.021,0.8543,1,88.5414
173692,546094312,G,36.2403,18.8459,13.387,-27.91,23.1166,-1.0207,0.6176,-1,G,59.6159,-14.7709,-32.5694,47.698,35.7624,1.0989,-1.9966,1,91.7185
173692,546251834,G,48.5646,-47.5207,-7.348,-6.8047,48.0854,-0.141,-2.9882,1,G,43.4966,43.3305,3.5105,1.4467,43.4724,0.0333,0.0808,-1,91.7294
173692,546900817,G,49.6154,-31.2275,-34.1917,17.817,46.3058,0.3759,-2.3109,1,G,42.1008,29.4459,28.8908,-8.4099,41.2521,-0.2025,0.7759,-1,91.0609
173692,546263590,G,133.153,-16.7544,-30.865,-128.438,35.1192,-2.008,-2.0681,-1,G,37.0912,14.1687,30.8601,-14.9215,33.9573,-0.4264,1.1404,1,91.7846
173692,547185886,G,39.1351,35.7818,6.8186,-14.3078,36.4257,-0.3833,0.1883,1,G,52.0051,-37.4892,-6.1458,35.5149,37.9896,0.8346,-2.9791,-1,88.6195
173692,546280941,G,84.0255,40.3918,-12.0815,-72.6829,42.1599,-1.3129,-0.2906,1,G,39.3993,-36.7141,13.9245,-3.2378,39.2659,-0.0824,2.7791,-1,97.2255
173692,547355997,G,77.6938,13.5998,-31.0748,69.8978,33.9205,1.4704,-1.1583,-1,G,70.6991,-10.6258,54.3929,43.8959,55.4211,0.7264,1.7637,1,92.2976
173692,546123385,G,91.9637,-4.3385,26.5051,-87.9544,26.8578,-1.9019,1.733,-1,G,36.2469,15.508,-32.11,-6.5022,35.6588,-0.1813,-1.1209,1,85.789
173692,546104069,G,61.8768,-41.4018,30.1079,-34.7581,51.1918,-0.6354,2.5128,-1,G,58.0648,34.6703,-20.9124,-41.619,40.489,-0.901,-0.5428,1,91.7749
173692,548073893,G,72.0955,19.2023,42.7107,54.8163,46.8287,0.997,1.1483,1,G,179.254,-47.8975,-7.9151,172.554,48.5471,1.9806,-2.9778,-1,97.1845
173692,548267229,G,55.1229,-24.6889,-39.6858,29.2236,46.7387,0.5904,-2.1273,-1,G,47.2549,15.9914,40.0206,19.3815,43.0973,0.4358,1.1906,1,89.6828
173692,547957702,G,183.049,-33.7039,0.0071,179.92,33.7039,2.3767,3.1414,-1,G,37.1851,29.9252,1.8286,21.9967,29.981,0.68,0.061,1,87.8368
173692,547977422,G,103.371,-21.9056,28.5867,-96.8941,36.0146,-1.7157,2.2246,1,G,28.3038,15.3678,-23.7037,-1.7488,28.2495,-0.0619,-0.9956,-1,86.8401
173692,548740626,G,96.9205,-33.496,-31.8674,85.1825,46.2332,1.3709,-2.3811,-1,G,94.7746,29.8852,32.5612,83.8383,44.1968,1.3966,0.8282,1,90.3629
173692,547588707,G,44.9032,-17.5049,-40.8699,-6.2857,44.4609,-0.1409,-1.9755,1,G,27.4476,-1.9215,20.4982,-18.1518,20.5881,-0.7952,1.6643,-1,62.0085
173692,548260211,G,55.5352,-46.3709,6.8523,-29.7815,46.8745,-0.5989,2.9949,-1,G,39.7602,39.2726,-5.0742,3.5741,39.599,0.0901,-0.1285,1,91.3282
173692,547904626,G,44.8168,-44.1983,-6.9963,2.4689,44.7487,0.0551,-2.9846,-1,G,48.6136,43.654,5.2436,20.739,43.9678,0.4557,0.1195,1,90.4835
173692,548232254,G,101.358,4.0905,20.2525,99.2299,20.6615,2.273,1.3715,-1,G,24.3834,-3.795,-21.5334,-10.7912,21.8653,-0.4754,-1.7452,1,89.3746
173692,547889343,G,99.4854,-19.7123,44.6177,-86.7066,48.7782,-1.3395,1.9868,1,G,79.5406,-4.6901,-46.1832,-64.5895,46.4208,-1.133,-1.672,-1,92.5305
173692,548096703,G,180.248,-32.0091,-16.2497,176.637,35.8975,2.2967,-2.6718,1,G,73.7651,37.8904,15.6122,61.334,40.9808,1.1929,0.3908,-1,88.6419
173692,547984609,G,49.8119,19.3852,-7.4301,-45.2794,20.7604,-1.5218,-0.366,1,G,42.9635,-26.2118,3.8294,33.8249,26.49,1.0643,2.9965,-1,91.7415
173692,547600452,G,93.4332,-13.8443,24.2672,89.1582,27.9385,1.8772,2.0892,-1,G,36.0763,13.1722,-33.3558,3.9202,35.8625,0.1091,-1.1947,1,89.5883
173692,547565761,G,113.784,2.0577,34.9933,108.25,35.0538,1.8459,1.5121,-1,G,130.906,-0.6599,-56.6778,117.999,56.6816,1.4796,-1.5824,1,90.625
173692,547950385,G,115.431,-23.9782,-1.1431,-112.907,24.0055,-2.2525,-3.0939,1,G,75.2747,43.5507,32.1872,-52.2837,54.1542,-0.8567,0.6365,-1,87.942
173692,549691891,G,149.967,-11.8482,-34.2701,-145.517,36.2605,-2.0979,-1.9037,1,G,258.435,2.7212,57.5962,-251.92,57.6604,-2.1805,1.5236,-1,90.5984
173692,549039281,G,100.323,-15.0424,41.5016,-90.0887,44.1436,-1.4617,1.9185,-1,G,58.8086,8.0557,-39.816,-42.5232,40.6228,-0.9141,-1.3712,1,87.6651
173692,550365109,G,107.297,-30.7172,24.7396,-99.7853,39.441,-1.6583,2.4636,-1,G,61.6362,38.6694,-19.8091,-43.7183,43.4479,-0.8858,-0.4734,1,88.6437
173692,550394000,G,81.4529,23.5375,20.7359,75.1703,31.3687,1.608,0.7222,-1,G,29.2258,-21.515,-9.9754,-17.0802,23.7151,-0.6692,-2.7075,1,93.5705
173692,549568053,G,69.3785,5.0259,-30.1848,62.2654,30.6004,1.4591,-1.4058,-1,G,49.4267,-21.4143,42.5906,13.0559,47.6711,0.2706,2.0367,1,89.5482
173692,550041429,G,122.35,29.0729,-14.3887,117.972,32.4387,2.0026,-0.4596,1,G,27.0531,-23.0684,14.1231,-0.4963,27.0483,-0.0183,2.5922,-1,92.1129
173692,549353486,G,66.9053,25.7378,-31.3616,53.2007,40.5707,1.0853,-0.8836,1,G,77.9181,-30.9064,46.4566,54.3856,55.7981,0.8634,2.1578,-1,95.6264
173692,549346802,G,67.0558,-4.0557,34.3328,57.4567,34.5716,1.2814,1.6884,1,G,34.2754,-9.7942,-29.2565,-14.9306,30.8524,-0.4668,-1.8938,-1,90.7852
173692,550369815,G,90.744,15.8196,46.4469,-76.334,49.067,-1.2253,1.2425,-1,G,79.4279,-16.4849,-46.0349,-62.5925,48.8974,-1.0662,-1.9147,1,98.2714
173692,550457111,G,43.0646,25.0736,-26.5006,-22.8819,36.4824,-0.592,-0.8131,1,G,48.1847,-27.9118,31.4268,23.5593,42.0323,0.5347,2.297,-1,91.0695
173692,549070807,G,38.5126,-19.9317,4.6173,-32.6284,20.4596,-1.2462,2.9139,-1,G,35.6254,22.9014,-25.1577,10.5721,34.0204,0.306,-0.8323,1,67.67
173692,551208724,G,172.508,-20.5339,-30.9626,168.459,37.1527,2.2168,-2.1564,-1,G,59.9569,-34.1835,34.1109,35.5353,48.2915,0.6818,2.3573,1,97.0673
173692,551948572,G,30.0893,-15.2402,-21.6871,-14.2394,26.5065,-0.5142,-2.1833,-1,G,78.8527,49.4201,60.1216,-12.6805,77.8264,-0.1622,0.8828,1,92.1858
173692,551091555,G,49.1522,-29.8227,-23.5492,31.1765,37.9994,0.7486,-2.4732,1,G,46.0249,31.1849,22.9239,-24.9053,38.7041,-0.6057,0.6339,-1,94.9584
173692,551915083,G,54.9592,-23.2516,-23.5924,-43.855,33.1246,-1.093,-2.3489,1,G,36.2239,25.3707,22.2469,13.1744,33.7431,0.3811,0.7199,-1,85.8298
173692,550979617,G,172.634,-36.4666,38.1423,-164.371,52.7698,-1.8542,2.3337,-1,G,138.606,8.9855,-30.2802,-134.959,31.5853,-2.1589,-1.2823,1,80.3414
173692,550966077,G,48.0085,40.6723,-16.6032,19.3624,43.9306,0.4276,-0.3876,-1,G,31.1399,-28.8302,7.2112,-9.3006,29.7184,-0.3081,2.8965,1,77.0376
173692,550875568,G,78.6954,-38.552,15.4571,66.8414,41.5353,1.2539,2.7603,1,G,40.6183,21.5328,-29.8514,17.1775,36.8071,0.4512,-0.9459,-1,81.7296
173692,551030960,G,39.5117,23.9155,-7.6394,-30.5099,25.1059,-1.0257,-0.3092,1,G,55.1344,-24.3512,8.3125,48.7618,25.7309,1.3957,2.8126,-1,92.8661
173692,551558590,G,150.746,-5.6738,-44.0061,144.069,44.3704,1.8938,-1.699,-1,G,84.8136,3.1826,40.9877,74.1837,41.1111,1.3526,1.4933,1,88.5392
173692,551819526,G,41.1341,17.8942,-36.976,2.1407,41.0783,0.0521,-1.1201,1,G,53.1587,-25.9104,34.6662,-30.8665,43.2793,-0.6634,2.2127,-1,89.4225
173692,551301393,G,61.7636,-48.8558,-37.7855,-0.3236,61.7627,-0.0052,-2.4833,1,G,63.5956,37.3231,-44.8959,-25.2137,58.3837,-0.4195,-0.8772,-1,89.9642
173692,552329134,G,101.906,2.2445,-46.7319,-90.5314,46.7857,-1.4142,-1.5228,1,G,93.5098,1.6737,42.8697,-83.087,42.9024,-1.4149,1.5318,-1,89.5195
173692,553410292,G,99.9768,43.4701,0.7157,-90.0288,43.476,-1.4748,0.0165,-1,G,66.0795,-45.5864,0.2526,-47.8363,45.5871,-0.9158,3.1361,1,92.5338
173692,552458862,G,91.8537,-33.1123,-28.828,-80.6822,43.903,-1.3686,-2.4253,1,G,57.3871,-35.2933,34.0353,-29.8203,49.0308,-0.5758,2.3743,-1,73.1819
173692,552759398,G,76.9185,30.4046,5.396,-70.4477,30.8797,-1.5628,0.1756,1,G,31.0568,-26.6829,-8.8157,13.2221,28.1015,0.4547,-2.8225,-1,91.424
173692,553159777,G,237.832,-24.2073,-35.4042,233.933,42.8888,2.3979,-2.1705,1,G,120.483,21.8693,35.7374,112.963,41.8979,1.7177,1.0216,-1,89.7055
173692,552421603,G,75.026,-26.3449,19.7182,67.4242,32.9068,1.4653,2.4991,-1,G,56.6793,47.653,-18.4972,24.4862,51.1171,0.4624,-0.3703,1,91.887
173692,553045859,G,114.773,32.5123,85.6532,-69.132,91.6162,-0.6968,1.208,1,G,50.4944,-3.6644,42.8818,26.4083,43.0381,0.5805,1.656,-1,90.1911
173692,552730916,G,55.6501,12.7944,27.5638,46.6204,30.3885,1.2136,1.1362,-1,G,101.003,88.2396,-38.7938,30.1717,96.3908,0.3081,-0.4142,1,91.154
173692,552849900,G,64.5007,-48.6252,3.1343,-42.2621,48.7262,-0.7844,3.0772,-1,G,51.3596,39.2997,3.8533,-32.8402,39.4881,-0.7572,0.0977,1,87.4496
173692,553361196,G,122.626,-8.2475,45.2855,113.658,46.0304,1.6357,1.751,1,G,21.3703,19.9253,-7.3625,2.3354,21.2421,0.1097,-0.3539,-1,75.5363
173692,552323626,G,48.8766,-40.9763,-22.1527,-14.8025,46.5811,-0.3127,-2.646,1,G,49.0879,38.2536,11.6562,-28.4676,39.99,-0.6624,0.2958,-1,87.219
173692,552039765,G,69.2461,-36.7659,-9.2142,57.9515,37.903,1.2107,-2.896,1,G,37.4049,34.2452,14.8316,2.5319,37.319,0.0678,0.4087,-1,87.6258
173692,553389981,G,131.129,23.7828,49.778,-118.959,55.1676,-1.5114,1.1251,1,G,25.5366,-7.6467,-23.4393,-6.6508,24.6551,-0.2666,-1.8861,-1,88.3859
173692,552732415,G,122.573,22.0584,-21.8804,-118.57,31.0696,-2.0492,-0.7813,-1,G,38.1767,-30.1361,17.5621,-15.5189,34.88,-0.4314,2.6139,1,88.1862
173692,553253985,G,77.4559,-5.3752,43.8311,63.6345,44.1595,1.1616,1.6928,-1,G,57.1066,2.9628,-45.4817,34.4063,45.5781,0.6971,-1.5057,1,92.1224
173692,553139144,G,67.5731,-5.5861,42.5489,-52.1968,42.914,-1.0264,1.7013,-1,G,45.2725,-0.2546,-45.2504,-1.3874,45.2511,-0.0307,-1.5764,1,99.1032
173692,554366700,G,93.6888,-45.0227,11.2038,-81.3942,46.3957,-1.328,2.8977,-1,G,87.2782,39.1502,-14.9106,-76.5664,41.8935,-1.3638,-0.3639,1,88.03
173692,554226098,G,73.7771,23.3095,-12.5093,68.8711,26.454,1.685,-0.4925,1,G,39.0076,10.1782,-27.0718,-26.1744,28.922,-0.8126,-1.2112,-1,90.605
173692,554504666,G,86.0443,-12.9859,44.9637,-72.2028,46.8014,-1.2183,1.852,-1,G,72.1529,12.7163,-41.6738,-57.5119,43.5707,-1.0906,-1.2746,1,90.4961
173692,553792098,G,94.5061,-38.1735,15.2455,85.0984,41.1053,1.4746,2.7616,1,G,65.6565,40.2819,-14.7559,49.703,42.8995,0.9892,-0.3511,-1,86.4634
173692,554108777,G,132.559,-19.3657,-19.7798,129.637,27.6816,2.2483,-2.3456,-1,G,51.7744,6.628,40.7336,31.2636,41.2694,0.6992,1.4095,1,86.5371
173692,553932229,G,65.4385,8.4582,-40.729,50.5153,41.598,1.0251,-1.366,-1,G,53.8963,-12.3794,42.3262,30.9846,44.0994,0.6548,1.8553,1,87.0669
173692,554646731,G,227.095,1.6096,40.8619,-223.383,40.8936,-2.3993,1.5314,-1,G,64.6065,-1.434,-35.6934,-53.8323,35.7222,-1.1986,-1.611,1,90.6358
173692,553587473,G,90.8599,9.4147,-44.425,-78.6975,45.4116,-1.3174,-1.362,-1,G,104.629,-12.0326,32.5182,-98.7166,34.6729,-1.769,1.9252,1,81.1878
173692,554933694,G,145.821,-1.0195,-29.4483,-142.813,29.4659,-2.2819,-1.6054,1,G,34.5101,-18.4691,28.6683,-5.2873,34.1025,-0.1544,2.1431,-1,101.021
173692,553876280,G,88.7196,-4.0075,-32.8544,-82.3145,33.0979,-1.6424,-1.6922,1,G,32.3722,8.3316,31.2472,-1.4645,32.3389,-0.0453,1.3102,-1,87.3099
173692,554118848,G,51.5858,41.6986,-16.33,-25.6054,44.7822,-0.5445,-0.3733,-1,G,57.3322,-48.7724,8.9346,-28.7819,49.584,-0.552,2.9604,1,93.8106
173692,554231528,G,115.379,-41.9109,-16.8483,106.17,45.1706,1.5902,-2.7594,1,G,39.7683,34.5734,2.5908,19.4801,34.6703,0.5359,0.0748,-1,89.587
173692,554134971,G,144.054,-15.5211,42.1883,-136.86,44.9529,-1.8324,1.9233,1,G,45.2546,18.1776,-31.3454,-27.1111,36.2347,-0.6917,-1.0453,-1,93.9491
173692,554195279,G,67.8666,45.9767,-5.3378,49.6338,46.2855,0.9316,-0.1156,-1,G,47.452,-43.2123,2.5758,19.4356,43.289,0.4351,3.0821,1,92.2634
173692,554919591,G,51.5919,24.8468,-41.0735,-18.9027,48.0041,-0.3842,-1.0268,1,G,43.9635,-21.7328,35.9185,-13.0507,41.9816,-0.3061,2.1149,-1,89.8529
173692,554614500,G,215.5,30.2374,24.7558,211.927,39.0788,2.3922,0.686,-1,G,33.5282,-26.4747,-12.0646,16.6632,29.0941,0.5453,-2.714,1,97.9096
173692,554868988,G,50.3966,18.8878,-18.7687,42.7878,26.6273,1.2526,-0.7822,1,G,35.9944,-25.921,23.4277,-8.6507,34.9393,-0.2451,2.4067,-1,78.9107
173692,556197094,G,134.258,-36.2778,-21.6024,127.446,42.2225,1.8243,-2.6045,-1,G,169.824,44.3894,16.6672,163.07,47.4153,1.9489,0.3592,1,89.3082
173692,556308299,G,50.3629,3.2779,-25.3275,-43.4072,25.5388,-1.3007,-1.4421,-1,G,35.6015,-7.4032,22.4089,26.6551,23.6001,0.97,1.8899,1,84.1648
173692,555086629,G,69.693,-28.4941,32.109,-54.9018,42.9291,-1.0655,2.2966,1,G,51.534,27.8736,-33.2623,-27.7924,43.3973,-0.6032,-0.8733,-1,88.6338
173692,555543997,G,36.7726,27.9259,-6.5033,-23.0231,28.6732,-0.735,-0.2288,1,G,28.8345,-24.2065,15.6484,-0.7671,28.6504,-0.0265,2.5676,-1,60.3394
173692,555437658,G,68.2793,-26.2582,-35.8011,-51.8733,44.3983,-0.9956,-2.2036,-1,G,64.4496,25.4185,34.0951,-48.4269,42.5274,-0.9761,0.9302,1,86.9093
173692,556483344,G,56.6638,20.785,-33.1585,-40.979,39.1344,-0.9143,-1.0109,1,G,41.4467,-23.6759,34.0148,0.513,41.4434,0.0124,2.1789,-1,89.3257
173692,555623951,G,47.2906,6.0413,-31.2625,34.965,31.8409,0.9491,-1.3799,1,G,100.023,10.253,66.3318,74.1591,67.1195,0.9536,1.4174,-1,91.0928
173692,555748215,G,88.3082,20.861,-38.4726,-76.7007,43.7644,-1.3272,-1.0739,1,G,99.1345,94.5368,-2.7815,-29.7102,94.5777,-0.3092,-0.0294,-1,93.7706
173692,555947044,G,52.0339,-7.3228,32.039,40.341,32.8651,1.0334,1.7955,1,G,41.269,10.0781,-32.1676,-23.8074,33.7094,-0.6578,-1.2672,-1,91.7848
173692,556538596,G,69.747,7.4016,-34.8841,-59.9412,35.6607,-1.2911,-1.3617,-1,G,54.8931,-38.3084,31.797,-23.1226,49.7854,-0.4492,2.4488,1,87.5831
173692,557957857,G,46.8611,-20.2595,38.438,17.5505,43.4503,0.3937,2.0559,-1,G,121.149,90.4242,78.0516,20.2127,119.451,0.1684,0.7121,1,91.151
173692,556666094,G,99.9524,-31.6794,-27.0918,-90.8457,41.6839,-1.5211,-2.4341,1,G,30.6,18.9446,23.938,-2.1024,30.5275,-0.0688,0.9013,-1,90.733
173692,557143966,G,38.6752,-9.3446,37.5123,-1.1234,38.6587,-0.0291,1.8149,-1,G,52.8847,12.3622,-36.6563,36.0593,38.6847,0.8326,-1.2455,1,84.5745
173692,557386809,G,190.645,47.5153,-41.0951,179.998,62.8213,1.775,-0.7131,-1,G,110.767,-30.9617,-55.0248,91.0114,63.1376,1.1619,-2.0833,1,88.8302
173692,557465545,G,73.7201,27.0683,-32.5647,-60.3448,42.3457,-1.1525,-0.8773,-1,G,58.2313,-32.6088,26.7011,-40.1819,42.146,-0.848,2.4555,1,85.091
173692,557042123,G,146.899,-14.0434,-51.1987,136.97,53.0897,1.6765,-1.8385,1,G,84.6483,54.5149,-3.7455,64.6484,54.6435,1.0051,-0.0686,-1,91.1447
173692,556790780,G,90.9116,22.2373,-2.6619,-88.1097,22.3961,-2.0786,-0.1191,-1,G,111.294,-65.6686,-33.6796,-83.304,73.8016,-0.9696,-2.6677,1,91.0893
173692,557118170,G,90.3827,22.8579,-37.9816,-78.7651,44.3293,-1.3391,-1.029,-1,G,89.4124,4.967,52.0775,-72.5109,52.3139,-1.1299,1.4757,1,92.0269
173692,557837279,G,60.4743,28.2284,22.4965,-48.52,36.0962,-1.1051,0.6729,1,G,37.0736,-23.7966,4.3905,28.0872,24.1982,0.9906,2.9591,-1,91.4086
173692,559034848,G,177.627,-12.3828,42.2701,172.079,44.0465,2.0718,1.8558,-1,G,223.096,12.6784,-45.6981,217.997,47.4243,2.2301,-1.3002,1,91.6926
173692,559152714,G,136.338,19.8426,31.1563,-131.238,36.9384,-1.9802,1.0037,1,G,32.8122,-14.1885,-27.3425,-11.3007,30.8046,-0.3591,-2.0495,-1,90.8173
173692,558427350,G,166.016,-0.6085,37.5582,-161.711,37.5632,-2.1662,1.587,-1,G,36.2159,-5.8068,-30.4431,-18.7372,30.9919,-0.5727,-1.7593,1,90.7997
173692,559017126,G,67.1686,33.041,13.2671,-56.9551,35.6051,-1.2488,0.3818,-1,G,33.3995,-27.2959,-5.965,18.2993,27.9401,0.6154,-2.9264,1,92.3761
173692,558267829,G,44.0383,-17.6364,39.8323,6.4581,43.5621,0.1477,1.9876,-1,G,57.3331,21.7786,-34.9482,39.8923,41.1787,0.8591,-1.0135,1,89.9267
173692,559314914,G,166.494,-7.1299,-35.9787,-162.404,36.6783,-2.1936,-1.7664,-1,G,49.1621,1.6359,36.0285,-33.4092,36.0656,-0.8283,1.5254,1,90.1926
173692,559399666,G,96.4188,-3.8256,-52.8979,-80.5218,53.036,-1.2048,-1.643,-1,G,54.3178,3.7376,38.7526,-37.8771,38.9324,-0.8621,1.4747,1,92.2123
173692,559380327,G,45.3183,15.7959,-13.9819,-40.109,21.0951,-1.3986,-0.7246,-1,G,45.2027,-17.1064,15.0089,39.0561,22.7573,1.309,2.4214,1,90.4996
173692,558655973,G,179.136,21.7025,38.8221,-173.527,44.4765,-2.0705,1.0611,1,G,117.836,-36.5331,-25.1436,-109.172,44.3494,-1.6329,-2.5388,-1,88.6957
173692,558794420,G,127.92,-3.7102,44.8769,119.732,45.0301,1.7047,1.6533,1,G,44.1259,-8.0025,-34.551,26.2539,35.4657,0.6853,-1.7984,-1,89.6884
173692,559324483,G,62.9184,4.6561,38.2898,49.7084,38.5719,1.0716,1.4498,-1,G,74.6146,9.2872,-51.1225,53.5497,51.9592,0.9029,-1.3911,1,88.8482
173692,558140164,G,53.3255,26.1131,-1.9123,-46.4548,26.1831,-1.3379,-0.0731,-1,G,57.0121,-35.0544,42.6601,-14.2012,55.215,-0.2544,2.2586,1,82.1883
173692,559923670,G,43.7438,-34.2428,-9.0293,-25.679,35.4132,-0.6731,-2.8838,-1,G,47.3875,35.8146,-4.6893,30.6739,36.1203,0.7706,-0.1302,1,89.9405
173692,560964710,G,70.5603,-25.6735,-45.4609,-47.465,52.2094,-0.8156,-2.0849,-1,G,46.4959,46.0094,-6.7041,-0.2207,46.4953,-0.0047,-0.1447,1,91.0687
173692,559721205,G,95.0226,-27.1166,33.6414,84.63,43.2095,1.425,2.2492,-1,G,62.8111,41.0026,-19.916,43.213,45.5836,0.8441,-0.4522,1,90.479
173692,560236789,G,38.4394,-35.7041,-1.8251,-14.1231,35.7507,-0.3854,-3.0905,1,G,74.5734,51.7482,1.4916,-53.6757,51.7697,-0.9072,0.0288,-1,88.9814
173692,560975557,G,89.2754,13.3897,35.4841,-80.8188,37.9264,-1.5007,1.21,-1,G,57.4175,-11.901,-42.311,-36.9446,43.9529,-0.764,-1.845,1,87.1882
173692,561057640,G,74.9377,24.1734,30.3287,-64.1207,38.7839,-1.2769,0.8979,1,G,35.3131,-29.5433,-18.8711,4.2524,35.056,0.121,-2.5732,-1,91.7111
173692,559684874,G,88.0091,31.0257,11.3275,-81.5763,33.0289,-1.636,0.3501,1,G,35.3227,-34.3806,-6.6063,-4.6917,35.0096,-0.1336,-2.9518,-1,87.9491
173692,559694689,G,89.1192,-6.8013,34.4832,81.8955,35.1476,1.5822,1.7655,-1,G,32.8516,11.8895,-30.6036,-1.1296,32.832,-0.0344,-1.2002,1,91.1747
173692,559679652,G,63.5861,25.6441,13.9338,-56.4925,29.1851,-1.4145,0.4977,1,G,36.5054,-33.5373,0.7039,14.401,33.5447,0.4171,3.1206,-1,89.2751
173692,560863468,G,46.659,-14.692,42.976,10.6893,45.418,0.2332,1.9002,-1,G,47.4303,9.6159,-45.4355,9.6319,46.4419,0.2059,-1.3622,1,91.6954
173692,562324324,G,51.6637,-14.9657,-26.5374,41.7243,30.4664,1.1201,-2.0843,1,G,51.135,43.9635,24.681,-8.5342,50.4177,-0.1685,0.5116,-1,92.8529
173692,562477628,G,95.2898,30.5778,42.5396,-79.596,52.3891,-1.2054,0.9476,1,G,85.1411,-32.2421,-25.7827,-74.4627,41.2832,-1.3522,-2.4671,-1,92.3995
173692,561181849,G,159.406,-3.3003,-31.381,-156.252,31.554,-2.303,-1.6756,-1,G,24.2418,4.0429,23.7169,-2.9691,24.0591,-0.1231,1.402,1,91.1919
173692,561577537,G,42.6516,34.0205,-20.9552,-14.921,39.9564,-0.3653,-0.5521,-1,G,48.1237,-35.3583,7.5623,31.7566,36.158,0.7926,2.9309,1,88.1792
173692,561883753,G,66.4803,34.97,-36.1141,-43.5028,49.3084,-0.7828,-0.8016,-1,G,56.8379,-30.037,29.9049,-37.8683,42.3854,-0.804,2.3584,1,92.3214
173692,562044825,G,86.5784,10.6395,45.3917,72.9534,46.622,1.2302,1.3406,-1,G,74.5714,-14.1178,-37.8417,62.6864,40.3894,1.2233,-1.9279,1,86.6142
173692,562253305,G,126.473,-36.2148,12.8343,120.495,38.4218,1.8606,2.801,1,G,55.4909,39.7651,-11.956,36.8106,41.5236,0.7988,-0.2921,-1,91.3907
173692,561283791,G,36.9407,-33.9363,13.5573,-5.3971,36.5441,-0.1472,2.7615,-1,G,55.5962,37.5863,5.9754,40.5278,38.0583,0.9265,0.1577,1,83.2711
173692,561559962,G,120.771,44.4327,-0.9335,112.296,44.4425,1.6571,-0.021,-1,G,119.986,-47.077,-2.6973,110.331,47.1542,1.586,-3.0844,1,91.5446
173692,561732741,G,66.2694,3.0436,26.8521,-60.5089,27.024,-1.5457,1.4579,1,G,32.4566,5.807,-23.2974,21.8387,24.0102,0.816,-1.3265,-1,90.3353
173692,561320604,G,160.081,31.4544,17.6148,155.969,36.0508,2.171,0.5105,1,G,57.0383,-35.2007,-17.2969,41.4136,39.2208,0.9204,-2.6849,-1,90.3708
173692,562586983,G,210.92,18.2242,33.9562,-207.369,38.5376,-2.3845,1.0782,1,G,32.2034,-22.6255,-20.8455,-9.5186,30.7643,-0.3047,-2.3971,-1,108.983
173692,562577295,G,44.8388,-44.3636,-0.5064,-6.4904,44.3665,-0.1458,-3.1302,1,G,50.1923,39.5624,30.167,-6.6347,49.7517,-0.133,0.6515,-1,89.1955
173692,561956192,G,170.041,-40.8001,-2.1875,165.059,40.8586,2.1043,-3.088,-1,G,30.3657,27.9851,5.5124,10.417,28.5229,0.3575,0.1945,1,95.8943
173692,562102475,G,47.3707,41.6933,-21.3353,7.1024,46.8351,0.1511,-0.473,-1,G,48.619,-22.9396,24.9183,-34.8805,33.8695,-0.9023,2.3149,1,89.8768
173692,561917406,G,136.978,25.8669,-18.6667,-133.212,31.8989,-2.1366,-0.6251,1,G,33.07,-27.5734,16.0007,-8.7919,31.8797,-0.2724,2.6158,-1,93.4944
173692,561924206,G,65.5737,3.5636,-34.191,-55.8406,34.3762,-1.2618,-1.4669,-1,G,38.7061,23.9762,29.9203,5.2979,38.3416,0.1377,0.8952,1,86.8506
173692,562063182,G,117.61,-43.4035,-12.6105,108.578,45.1984,1.6103,-2.8588,-1,G,51.2165,37.0947,5.7008,34.8511,37.5302,0.83,0.1525,1,88.5601
173692,563897044,G,93.5582,42.1594,-27.0023,-79.0353,50.0654,-1.2376,-0.5697,-1,G,60.8136,-44.3747,6.3693,-41.0926,44.8295,-0.8212,2.999,1,94.7064
173692,564046416,G,108.34,-45.2148,-15.5635,-97.2163,47.8184,-1.4583,-2.8101,-1,G,62.8462,35.3679,18.3459,-48.6022,39.843,-1.0286,0.4785,1,89.0903
173692,563827155,G,59.5779,-3.0027,27.9671,-52.5199,28.1278,-1.3826,1.6778,-1,G,38.3225,-18.3285,-26.2038,21.1194,31.9777,0.62,-2.1812,1,90.224
173692,564066187,G,90.8256,-3.4059,53.213,-73.5258,53.3219,-1.1257,1.6347,-1,G,53.6684,-2.4606,-39.6252,-36.1121,39.7015,-0.816,-1.6328,1,92.9462
173692,562952213,G,75.7424,37.2805,-6.8258,65.578,37.9002,1.3161,-0.1811,-1,G,106.375,-53.5675,8.9234,91.4692,54.3056,1.2929,2.9765,1,90.7381
173692,563878609,G,115.7,-73.0288,-23.2455,-86.6774,76.6392,-0.971,-2.8334,-1,G,40.998,20.6322,17.437,-30.8396,27.0137,-0.9781,0.7017,1,89.2465
173692,563150195,G,56.9484,-9.6493,29.3472,-47.8408,30.8928,-1.2214,1.8885,-1,G,31.1386,4.6456,-30.4359,4.6552,30.7884,0.1506,-1.4193,1,76.6035
173692,564132986,G,76.2668,16.0766,14.0468,-73.2177,21.3488,-1.9462,0.7181,1,G,58.5234,-38.3211,-0.3695,-44.2305,38.3229,-0.9863,-3.1319,-1,60.7653
173692,563193094,G,125.692,-10.6976,-52.0636,113.901,53.1513,1.5058,-1.7734,-1,G,45.4461,19.1561,24.6224,33.0471,31.1965,0.9227,0.9096,1,82.8852
173692,563353374,G,140.247,13.6928,-40.5872,-133.545,42.8347,-1.855,-1.2454,1,G,46.9457,-15.074,34.5549,-27.9754,37.6996,-0.6868,1.9821,-1,94.4129
173692,563715662,G,56.8067,-4.7192,-52.3054,-21.6532,52.5178,-0.4014,-1.6608,-1,G,41.1457,-0.0232,37.7058,-16.4688,37.7058,-0.424,1.5714,1,88.9142
173692,563989430,G,63.9627,-17.907,-23.6281,-56.6768,29.6471,-1.4034,-2.2193,-1,G,34.7829,4.5389,30.6595,15.7872,30.9937,0.4896,1.4238,1,88.6035
173692,563090961,G,105.144,-49.927,30.2176,87.4609,58.3593,1.194,2.5973,1,G,32.818,20.9282,-22.7452,11.0307,30.9085,0.3497,-0.827,-1,91.8483
173692,565068686,G,198.567,29.4575,61.995,-186.327,68.6377,-1.7241,1.1272,1,G,36.7291,29.6762,-14.5523,-16.0176,33.0522,-0.4674,-0.4559,-1,93.1306
173692,565180478,G,44.4821,-23.1824,-35.0761,14.5219,42.0447,0.3389,-2.1548,-1,G,61.9661,29.6483,35.955,40.8412,46.6024,0.7912,0.8812,1,90.6839
173692,564764115,G,42.1492,36.1828,18.2466,-11.5937,40.5232,-0.2823,0.4671,1,G,42.1257,-24.6938,31.2215,-13.7838,39.8066,-0.3397,2.24,-1,62.2828
173692,564895282,G,107.199,-47.728,17.3226,-94.4113,50.7743,-1.3789,2.7934,-1,G,32.8127,-26.1084,-4.9104,19.2588,26.5662,0.673,-2.9557,1,91.3751
173692,565459178,G,48.3079,-33.5056,-34.0949,-6.9681,47.8026,-0.1453,-2.3475,1,G,53.187,43.0371,17.5575,-25.8531,46.4808,-0.5309,0.3874,-1,94.1257
173692,564569662,G,87.6493,9.9297,27.0997,-82.7611,28.8616,-1.7757,1.2196,-1,G,33.6495,-28.8392,10.6548,13.6768,30.7445,0.4314,2.7877,1,90.3205
173692,564771174,G,87.8697,43.0339,-10.6246,-75.8701,44.3261,-1.3067,-0.242,1,G,69.2568,-44.5959,7.2284,-52.4923,45.1779,-0.9914,2.9809,-1,90.5419
173692,564504496,G,211.527,39.8531,13.0471,-207.328,41.9344,-2.3014,0.3164,1,G,73.503,-35.8052,-10.7708,-63.2824,37.3901,-1.297,-2.8494,-1,89.388
173692,566536286,G,105.024,-26.7361,35.4473,95.1775,44.3997,1.5061,2.217,-1,G,97.3342,27.5118,-37.494,85.5057,46.5049,1.3691,-0.9378,1,91.0919
173692,566157094,G,49.3023,43.0528,10.9665,21.3751,44.4276,0.4643,0.2494,1,G,46.096,-42.7008,-14.6314,9.3486,45.138,0.2057,-2.8115,-1,90.2404
173692,566854420,G,68.7851,-10.1071,-40.7091,54.516,41.945,1.0783,-1.8141,1,G,35.8339,9.091,34.6609,-0.1949,35.8332,-0.0054,1.3143,-1,89.2006
173692,567076088,G,63.1865,36.4049,4.168,-51.4765,36.6428,-1.1408,0.114,1,G,49.4578,-41.5528,24.1853,-11.5976,48.0787,-0.2389,2.6145,-1,88.7693
173692,566646226,G,78.1701,-1.7133,-41.3534,66.3137,41.3889,1.2502,-1.6122,1,G,69.1817,-11.312,47.1733,49.3235,48.5106,0.8932,1.8061,-1,90.2055
173692,566614597,G,73.3346,-9.0562,-42.7307,58.9069,43.6798,1.1077,-1.7796,1,G,80.8598,14.2465,44.1941,66.1983,46.4336,1.1528,1.259,-1,89.975
173692,566759963,G,58.5934,19.0217,-19.4012,-51.9128,27.1704,-1.4029,-0.7953,1,G,83.8044,-33.8863,58.6306,-49.3693,67.7187,-0.6763,2.0949,-1,90.8798
173692,566929043,G,65.453,17.5991,24.4788,58.0959,30.1487,1.4105,0.9475,-1,G,46.8821,-10.2645,-45.6656,-2.6859,46.805,-0.0574,-1.7919,1,95.1116
173692,566072727,G,52.0804,9.6806,-39.072,-33.0457,40.2534,-0.7489,-1.3279,-1,G,41.1139,-8.7684,33.0908,22.7696,34.2328,0.6239,1.8298,1,92.4282
173692,566027639,G,42.2553,-17.9826,-29.2854,-24.5863,34.3658,-0.6653,-2.1215,-1,G,61.429,-25.7171,34.7602,43.6334,43.2394,0.8878,2.2078,1,91.913
173692,566609583,G,35.8076,-24.3029,-21.9417,14.4951,32.7424,0.4294,-2.4072,-1,G,42.8089,35.6841,-9.5331,21.6415,36.9356,0.5567,-0.2611,1,61.2741
173692,565686443,G,155.833,13.4962,30.1729,-152.287,33.0538,-2.2323,1.1502,-1,G,43.9882,-4.2826,-34.3186,-27.1817,34.5848,-0.7217,-1.6949,1,87.2776
173692,567070219,G,195.75,-39.6055,-24.6153,190.115,46.6316,2.1132,-2.5855,-1,G,66.2579,32.7468,17.218,54.9662,36.9975,1.1868,0.4841,1,92.0967
173692,568539969,G,43.7406,6.9792,-35.2274,24.9709,35.9121,0.6488,-1.3752,-1,G,45.7164,-22.3886,33.4454,21.6826,40.2474,0.5156,2.1607,1,74.7355
173692,567217561,G,51.0501,23.7521,-15.1405,-42.5759,28.1673,-1.2011,-0.5675,-1,G,46.8377,-36.6476,28.5799,-5.8219,46.4743,-0.1249,2.4792,1,83.0227
173692,567753039,G,132.326,-31.0889,19.4235,127.147,36.6578,1.957,2.5832,-1,G,46.5763,30.1105,-22.7155,27.3258,37.7179,0.6726,-0.6463,1,90.1797
173692,568332831,G,56.152,25.6129,-16.946,47.009,30.7113,1.2117,-0.5845,-1,G,37.8048,-29.8548,15.9191,-16.8662,33.8338,-0.4799,2.6517,1,88.8834
173692,568430838,G,124.473,11.6095,40.2521,117.212,41.8928,1.7525,1.29,-1,G,43.2273,-5.7911,-36.6722,22.1407,37.1266,0.5657,-1.7274,1,93.0471
173692,567827164,G,81.5881,-21.4222,6.6884,-78.4408,22.4421,-1.9644,2.839,-1,G,28.9613,19.947,-13.7758,15.8459,24.2416,0.6143,-0.6044,1,90.8331
173692,567319456,G,193.025,37.152,-18.3085,-188.529,41.4183,-2.2205,-0.4579,1,G,33.1481,24.9201,20.4074,-7.8301,32.2099,-0.2408,0.6862,-1,93.4881
173692,568157408,G,46.9959,42.805,-11.7745,15.4175,44.3949,0.3407,-0.2684,-1,G,43.6583,-34.3639,3.0044,26.7607,34.495,0.7136,3.0544,1,79.3161
173692,568169624,G,220.711,-43.056,6.4293,216.376,43.5334,2.3066,2.9934,1,G,93.1537,37.5768,-8.4609,84.8174,38.5176,1.5305,-0.2215,-1,88.0907
173692,567782482,G,61.4773,-39.8251,-21.6677,-41.5202,45.3379,-0.8206,-2.6433,1,G,67.7968,49.0684,0.97,-46.7733,49.0779,-0.8478,0.0198,-1,91.6636
173692,568055618,G,278.398,21.1389,55.8988,271.908,59.7623,2.2201,1.2092,1,G,67.9099,-34.2413,0.7236,58.6408,34.2489,1.307,3.1205,-1,85.375
173692,568323898,G,110.297,-5.6284,46.9703,99.637,47.3063,1.4902,1.6901,-1,G,74.941,3.8086,-42.124,61.8644,42.2958,1.1739,-1.4806,1,90.5739
173692,568526541,G,50.0115,28.9804,6.1958,-40.285,29.6354,-1.1141,0.2106,1,G,37.345,-24.0908,27.6363,-7.1068,36.6624,-0.1927,2.2878,-1,64.9357
173692,569189702,G,84.1739,9.1513,-24.5745,79.9849,26.2231,1.8342,-1.2143,-1,G,301.205,-55.4678,52.471,291.367,76.3537,2.0491,2.384,1,87.701
173692,569353905,G,61.3547,53.0215,-0.9894,-30.8564,53.0308,-0.5532,-0.0187,1,G,43.3607,-32.2978,17.6356,-22.9341,36.799,-0.5886,2.6418,-1,85.8214
173692,569118546,G,117.421,-27.2558,60.045,-97.1566,65.9415,-1.1799,1.9969,-1,G,26.7239,-22.6951,-7.8211,11.7438,24.0049,0.4716,-2.8097,1,90.8844
173692,568736130,G,43.4076,-31.536,25.2924,-15.8107,40.4256,-0.3818,2.4656,-1,G,51.6463,29.9716,-22.8825,35.2905,37.7082,0.8353,-0.6521,1,92.9921
173692,569137098,G,79.7513,-20.423,35.2689,-68.5512,40.7553,-1.2917,2.0957,1,G,36.0701,9.8332,-34.5934,2.7645,35.9638,0.0768,-1.2938,-1,94.7317
173692,569552676,G,98.9659,37.2032,-2.2259,91.6799,37.2698,1.6322,-0.0598,-1,G,37.8487,-35.7346,4.4124,11.6656,36.0059,0.3186,3.0187,1,89.6159
173692,570158658,G,170.66,-29.1498,32.2283,-165.034,43.4554,-2.0445,2.3061,1,G,79.3775,2.3062,-43.4398,-66.3961,43.501,-1.2093,-1.5178,-1,90.068
173692,570332358,G,138.0,42.5148,13.6986,-130.571,44.6672,-1.7939,0.3117,-1,G,97.1113,-42.6282,-15.5837,-85.852,45.3874,-1.3941,-2.7911,1,91.8409
173692,570645720,G,162.061,-37.43,12.4124,157.19,39.4344,2.0913,2.8214,-1,G,73.8044,37.1378,-15.6395,61.8326,40.2965,1.2137,-0.3986,1,87.4706
173692,570318752,G,152.972,-3.8186,-39.1935,147.816,39.3791,2.0332,-1.6679,-1,G,39.5315,26.2351,22.3804,19.3278,34.4843,0.5346,0.7063,1,91.2974
173692,570242330,G,100.365,-14.5108,44.0231,89.0201,46.353,1.4075,1.8892,-1,G,52.4017,9.53,-40.526,31.8236,41.6315,0.7046,-1.3398,1,93.2604
173692,570343531,G,76.8003,-41.9922,8.2363,63.7737,42.7923,1.1894,2.9479,-1,G,48.0309,43.0147,-9.7035,19.0403,44.0956,0.4194,-0.2219,1,93.3887
173692,570469884,G,82.9198,-31.55,-19.5511,-74.1487,37.1167,-1.4426,-2.5868,-1,G,42.4985,34.8173,23.4328,-6.6915,41.9683,-0.1588,0.5924,1,95.7542
173692,571126735,G,72.865,27.5607,-36.7538,-56.5585,45.9394,-1.0358,-0.9274,-1,G,59.1449,-20.9086,37.621,-40.5659,43.0408,-0.8401,2.0781,1,89.154
173692,570540654,G,101.993,40.2891,-16.6054,-92.2155,43.577,-1.4944,-0.3909,1,G,112.352,-45.0088,6.7223,-102.723,45.508,-1.5531,2.9933,-1,88.4481
173692,570810470,G,63.7387,9.7051,-18.668,60.1658,21.04,1.7731,-1.0914,1,G,35.2562,-18.4183,24.2675,-17.7438,30.4655,-0.5537,2.22,-1,88.843
173692,570197123,G,68.2821,-31.7408,31.0862,-51.8517,44.4278,-0.9947,2.3666,-1,G,42.8163,36.601,-20.5537,-8.434,41.9773,-0.1996,-0.5117,1,92.5955
173692,570112492,G,75.9274,-38.93,24.3678,-60.4617,45.9275,-1.0884,2.5823,-1,G,108.595,28.6003,-22.5392,-102.308,36.4142,-1.7564,-0.6674,1,86.2819
173692,570526085,G,76.693,30.0714,29.6034,-64.0403,42.1978,-1.2045,0.7776,-1,G,47.6447,-28.0955,-32.3499,-20.8358,42.8471,-0.4689,-2.2859,1,90.799
173692,569917193,G,57.6099,33.2935,-1.0093,-47.0044,33.3088,-1.1445,-0.0303,-1,G,117.761,-59.5104,39.4409,-93.651,71.3938,-1.0856,2.5563,1,93.8436
173692,570111905,G,44.0781,26.8543,-34.9047,-1.8382,44.0396,-0.0417,-0.915,-1,G,47.0578,-30.8503,35.4568,2.3455,46.9992,0.0499,2.2868,1,91.0452
173692,572162013,G,159.968,-32.3054,-20.0376,155.385,38.0151,2.1157,-2.5864,1,G,39.7058,25.935,21.7813,20.7241,33.8681,0.579,0.6986,-1,93.8694
173692,572574731,G,45.0693,-14.9097,-33.2889,26.4723,36.4753,0.6736,-1.9919,1,G,45.7791,16.0162,36.403,-22.6719,39.7706,-0.543,1.1563,-1,90.7087
173692,572443623,G,145.569,-31.4729,-5.1405,142.033,31.8899,2.1993,-2.9797,-1,G,33.7035,30.6908,2.961,13.6095,30.8333,0.4282,0.0962,1,88.9308
173692,572325530,G,191.096,-45.9607,10.2999,-185.201,47.1007,-2.0781,2.9211,-1,G,71.5398,37.9648,-1.3418,-60.6201,37.9885,-1.2467,-0.0353,1,91.6822
173692,571380572,G,73.652,1.893,-29.2022,-67.5889,29.2635,-1.5741,-1.5061,-1,G,38.3155,-12.1498,31.5414,-18.0442,33.8005,-0.5113,1.9385,1,71.3655
173692,571194201,G,52.7959,-41.0147,-10.9384,-31.3934,42.4483,-0.6848,-2.881,1,G,44.6558,44.1644,5.6206,-3.4714,44.5206,-0.0779,0.1266,-1,90.7915
173692,572492457,G,75.1195,29.6679,28.2733,-62.9553,40.9825,-1.2147,0.7613,1,G,34.0916,-22.1434,-25.9198,-0.2415,34.0906,-0.0071,-2.2778,-1,88.7191
173692,573207383,G,38.7374,-38.3282,-2.0581,-5.2234,38.3835,-0.1357,-3.088,1,G,61.2376,46.0196,-2.0348,40.3496,46.0646,0.7909,-0.0442,-1,93.1946
173692,573485551,G,80.6629,47.2481,-45.068,47.3601,65.2956,0.6733,-0.7618,1,G,39.1108,-7.6332,34.0009,17.7571,34.8472,0.4898,1.7916,-1,91.726
173692,573779807,G,28.2408,-10.2162,-24.6808,9.1663,26.7116,0.3368,-1.9633,1,G,47.0881,13.6985,33.3124,-30.33,36.019,-0.7652,1.1807,-1,71.6932
173692,573196081,G,134.076,21.5716,30.2634,128.822,37.1646,1.9564,0.9515,1,G,52.8006,-27.8592,-29.1776,34.0649,40.3419,0.767,-2.3331,-1,91.3779
173692,573061248,G,58.5,-12.3003,29.0401,-49.2709,31.5376,-1.2288,1.9714,1,G,42.5107,26.1199,-32.478,8.3714,41.6782,0.1995,-0.8935,-1,91.2557
173692,573889391,G,154.944,9.4893,47.882,147.054,48.8133,1.8224,1.3752,-1,G,131.677,-16.2811,-56.5158,117.812,58.8142,1.445,-1.8513,1,108.981
173692,574127010,G,43.5412,27.8043,-33.5071,0.1445,43.5408,0.0033,-0.8781,-1,G,50.8703,-38.8993,30.6374,11.6606,49.5157,0.2334,2.4745,1,92.9668
173692,572961357,G,73.2788,21.1985,-46.778,52.2706,51.3571,0.8939,-1.1453,1,G,55.5366,-6.2347,35.7895,42.0065,36.3285,0.9877,1.7433,-1,85.7938
173692,573465286,G,153.081,-46.2244,2.7738,-145.908,46.3076,-1.8651,3.0817,1,G,103.44,39.5307,14.7597,-94.4419,42.1963,-1.5453,0.3573,-1,87.6485
173692,572715198,G,205.822,45.592,12.0825,-200.345,47.1659,-2.1531,0.2591,-1,G,137.076,-48.607,-9.9291,-127.783,49.6108,-1.675,-2.9401,1,99.4845
173692,573914814,G,109.041,-10.1071,-29.1522,-104.585,30.8545,-1.9349,-1.9045,1,G,33.917,10.3931,31.9421,-4.6946,33.5904,-0.1393,1.2562,-1,92.1261
173692,573091971,G,29.0579,-13.8995,-25.1518,-4.3054,28.7369,-0.1493,-2.0756,-1,G,74.8832,19.4333,64.7371,32.2325,67.5911,0.4604,1.2792,1,91.7944
173692,572816642,G,55.7747,-45.0326,10.3313,-31.2431,46.2025,-0.6331,2.9161,-1,G,42.7759,41.0871,-9.5295,-7.1281,42.1777,-0.1682,-0.2279,1,90.6844
173692,574240558,G,105.331,-30.9863,29.5251,96.243,42.8005,1.5496,2.3803,1,G,89.1995,30.0482,-31.9334,77.6782,43.8479,1.3365,-0.8158,-1,87.1024
173692,575464020,G,173.444,-5.8888,-55.1517,-164.337,55.4652,-1.8066,-1.6772,1,G,76.3444,11.1371,35.007,-66.9248,36.7359,-1.361,1.2628,-1,92.0825
173692,574274088,G,113.535,13.8621,34.8584,107.158,37.5135,1.7721,1.1923,-1,G,44.5531,-18.2336,-34.2614,21.8782,38.8112,0.5375,-2.0599,1,91.2246
173692,574785848,G,38.5918,26.642,-0.5557,-27.9144,26.6478,-0.9146,-0.0209,1,G,53.5906,-21.0564,-8.7167,48.5035,22.7893,1.4996,-2.7491,-1,89.1993
173692,574542282,G,61.1408,11.3475,-35.4442,48.5091,37.2163,1.0805,-1.261,1,G,40.3032,-7.3147,39.5487,-2.5932,40.2195,-0.0644,1.7537,-1,90.2746
173692,575691523,G,190.821,-56.1429,20.741,181.192,59.8516,1.8271,2.7877,-1,G,64.2482,28.6015,-14.1402,55.7659,31.9059,1.3248,-0.4591,1,90.0517
173692,575329147,G,131.196,5.8929,-43.8681,123.504,44.2621,1.7499,-1.4373,1,G,26.0399,-4.0534,23.5271,10.3975,23.8737,0.4228,1.7414,-1,79.852
173692,574257592,G,128.875,-47.4988,8.3322,119.512,48.2241,1.6391,2.9679,-1,G,62.2143,40.0584,-18.2216,43.9762,44.008,0.8809,-0.4269,1,98.1502
173692,574687664,G,107.656,-17.7768,14.1004,-105.237,22.69,-2.2389,2.471,-1,G,33.6905,18.6649,-28.0464,-0.2377,33.6895,-0.0071,-0.9836,1,93.0509
173692,574986706,G,156.548,32.2554,18.1439,-152.111,37.0082,-2.1211,0.5124,1,G,101.009,-36.3213,-20.9104,-91.9041,41.9104,-1.5267,-2.6192,-1,82.2698
173692,575135490,G,75.4304,18.4894,-39.9287,-61.2665,44.0018,-1.1335,-1.1371,1,G,47.7385,-23.2721,39.7985,-12.3871,46.1033,-0.2656,2.0999,-1,98.6044
173692,575318881,G,62.3775,35.6341,11.1204,-49.9749,37.329,-1.1019,0.3025,1,G,30.5399,-27.6227,-11.534,-6.0522,29.934,-0.2008,-2.746,-1,73.6903
173692,575607544,G,128.826,-28.2607,-23.6148,-123.449,36.8283,-1.9243,-2.4455,-1,G,51.7338,34.9183,19.4938,-32.8189,39.9912,-0.7487,0.5092,1,90.1149
173692,575084191,G,39.1355,26.5929,-14.9393,-24.5196,30.5018,-0.7357,-0.5118,1,G,57.1858,-50.9137,18.5515,18.2711,54.1883,0.3311,2.7922,-1,92.9203
173692,575590166,G,50.4381,-39.4789,-6.8427,30.6363,40.0676,0.7048,-2.97,1,G,49.5491,44.7722,17.125,12.5412,47.9356,0.2587,0.3653,-1,89.4393
173692,574634694,G,92.2193,26.8176,-1.1714,88.226,26.8432,1.9054,-0.0437,1,G,26.1511,-23.8657,1.8799,-10.5243,23.9396,-0.4266,3.063,-1,89.2456
173692,574942067,G,98.025,39.1207,-18.3005,87.9974,43.1895,1.4603,-0.4376,-1,G,58.2093,-40.1521,15.5617,39.1657,43.0623,0.8159,2.7719,1,90.72
173692,575307571,G,147.946,-27.0644,4.5596,145.378,27.4458,2.3691,2.9747,1,G,28.9837,28.1062,-5.1067,4.8993,28.5664,0.1707,-0.1797,-1,93.3782
173692,576048205,G,41.3114,-12.1842,-37.3268,12.8402,39.2651,0.3215,-1.8863,1,G,58.2843,44.2427,35.0454,14.5417,56.441,0.2549,0.6699,-1,90.203
173692,577196812,G,187.72,-9.7188,-44.4945,-182.111,45.5436,-2.0944,-1.7858,1,G,242.898,8.4056,49.3462,-237.684,50.057,-2.2618,1.4021,-1,95.8036
173692,576019029,G,112.985,31.5133,-21.4607,106.357,38.1268,1.7497,-0.5979,-1,G,99.7368,-43.7272,31.4357,83.9472,53.8542,1.2269,2.5183,1,93.7333
173692,576490733,G,50.9623,25.7847,1.3533,43.9371,25.8202,1.3017,0.0524,1,G,41.1522,-32.7689,0.2993,-24.8917,32.7703,-0.7008,3.1325,-1,89.8379
173692,576717109,G,52.1421,17.4208,20.2095,44.7982,26.6816,1.2901,0.8594,-1,G,42.5112,-35.3254,-12.8233,-19.8713,37.5808,-0.5068,-2.7934,1,89.2343
173692,575792538,G,133.427,29.4813,8.516,-129.85,30.6866,-2.1494,0.2812,1,G,40.8928,-36.3149,-6.7659,-17.5402,36.9398,-0.4586,-2.9574,-1,92.81
173692,575766943,G,36.974,16.307,-16.5137,28.7827,23.2082,1.0414,-0.7917,-1,G,57.5902,-16.215,40.0386,-38.0868,43.1974,-0.7952,1.9556,1,91.1175
173692,576448569,G,70.3676,-13.5526,35.3441,59.3187,37.8534,1.2314,1.9369,-1,G,42.4487,14.4009,-39.0489,8.347,41.6198,0.1992,-1.2175,1,90.191
173692,576974677,G,45.2134,-37.3173,-11.1716,22.9533,38.9537,0.5596,-2.8507,1,G,63.8114,29.4689,54.2093,16.2732,61.7014,0.2608,1.0729,-1,91.836
173692,575951198,G,49.7152,41.9533,-26.1616,5.2044,49.4419,0.1051,-0.5576,-1,G,40.9558,-28.9075,27.4413,9.4178,39.8581,0.2341,2.3822,1,88.5189
173692,576777191,G,37.1524,-33.9521,-12.694,-8.149,36.2475,-0.223,-2.7838,1,G,70.3781,51.3231,0.0171,48.1561,51.3231,0.8371,0.0003,-1,97.4668
173692,578629305,G,62.771,1.0741,56.2391,-27.8605,56.2493,-0.477,1.5517,1,G,33.4022,-8.6645,-22.1956,23.4088,23.8269,0.8689,-1.943,-1,89.5148
173692,577657646,G,111.042,15.9485,-38.5252,102.916,41.6959,1.6354,-1.1783,1,G,62.0142,-28.5035,32.5156,44.4525,43.2402,0.9011,2.2905,-1,89.65
173692,578526303,G,77.1356,40.2185,-20.7679,-62.4584,45.264,-1.1262,-0.4767,-1,G,52.7298,-45.1594,26.5791,5.8819,52.4006,0.112,2.6096,1,116.644
173692,578015603,G,107.345,-19.0967,-48.1421,94.0242,51.7914,1.3579,-1.9484,1,G,47.2547,35.2247,18.2921,25.644,39.691,0.6079,0.479,-1,91.8118
173692,577514754,G,60.6969,29.7911,39.9577,-34.6406,49.841,-0.6486,0.9301,-1,G,45.6929,-31.1664,-25.0448,-22.1189,39.9823,-0.5283,-2.4647,1,88.7291
173692,578613548,G,70.3767,32.8663,5.4123,-61.995,33.309,-1.3798,0.1632,-1,G,33.2799,-10.3155,-23.6774,20.9883,25.827,0.7425,-1.9817,1,90.6697
173692,579903836,G,117.728,-15.5666,39.8823,109.668,42.8125,1.6699,1.9429,-1,G,186.148,45.2079,-39.5797,176.184,60.0858,1.7968,-0.7191,1,98.7467
173692,578746554,G,39.3511,-14.5878,36.482,-2.1828,39.2904,-0.0555,1.9512,1,G,59.8729,17.6216,-38.888,41.9757,42.6942,0.8694,-1.1453,-1,90.8127
173692,580160010,G,74.3257,30.4332,27.3187,62.063,40.8961,1.2045,0.7315,-1,G,66.5857,-39.5743,-29.9328,44.4022,49.6195,0.805,-2.494,1,91.8195
173692,579582271,G,131.019,-95.3773,-20.9679,87.3462,97.6549,0.8047,-2.9252,1,G,54.6408,29.9138,-23.5167,39.2139,38.0509,0.9028,-0.6662,-1,110.397
173692,579274579,G,59.0916,-31.4748,5.6116,49.6956,31.9711,1.2246,2.9652,1,G,36.1451,32.4604,-1.5297,-15.8254,32.4964,-0.4695,-0.0471,-1,88.9112
173692,580193362,G,146.866,-1.3313,37.5895,-141.968,37.613,-2.0385,1.6062,-1,G,46.393,-4.5374,-36.4555,-28.3322,36.3134,-0.71,-1.6946,1,91.1659
173692,579709804,G,194.343,8.4467,-45.7099,188.702,46.4838,2.109,-1.3881,-1,G,40.0392,-23.3226,20.5942,25.2004,31.1137,0.7404,2.4182,1,91.2615
173692,579915772,G,88.5133,26.3516,27.7532,-79.8119,38.2707,-1.4812,0.8113,1,G,74.4929,-41.3865,-28.4878,-54.998,50.2434,-0.9467,-2.5387,-1,90.3919
173692,578856383,G,107.156,46.0958,23.969,93.7177,51.9552,1.3523,0.4795,-1,G,61.5305,-35.4591,-14.344,48.1964,38.2504,1.0538,-2.7572,1,90.0536
173692,579093998,G,151.639,1.1021,-42.9113,145.436,42.9255,1.9345,-1.5451,-1,G,63.4849,-3.1018,42.9042,46.6897,43.0162,0.9405,1.643,1,96.7564
173692,579251291,G,113.167,20.1319,-4.2851,111.28,20.5829,2.3892,-0.2097,-1,G,28.8399,-24.7917,14.7213,0.6202,28.8331,0.0215,2.6057,1,86.6824
173692,579973931,G,100.255,12.309,33.0401,-93.8507,35.2585,-1.7057,1.2142,-1,G,31.8339,-13.8198,-28.6649,-0.8515,31.8224,-0.0268,-2.02,1,91.9654
173692,580271396,G,43.9475,39.2019,-13.4009,14.6628,41.4292,0.3469,-0.3294,-1,G,68.3969,-48.3145,0.9871,48.4032,48.3245,0.8825,3.1212,1,91.6887
173692,581075663,G,63.2701,1.9243,-39.8958,-49.0685,39.9422,-1.0341,-1.5226,-1,G,51.0467,1.0017,46.8364,-20.2757,46.8471,-0.4203,1.5494,1,90.5704
173692,580734593,G,92.7985,-23.8514,-19.6914,-87.4923,30.9296,-1.7629,-2.4514,1,G,56.482,34.716,35.8812,-26.4111,49.9266,-0.507,0.8019,-1,94.5015
173692,581002705,G,175.005,-38.2762,12.8009,-170.288,40.36,-2.1465,2.8188,-1,G,170.503,37.7366,-6.0032,-166.166,38.2111,-2.176,-0.1578,1,78.2835
173692,580988730,G,125.641,-36.1605,30.7911,116.319,47.4939,1.6282,2.4362,-1,G,34.6871,5.756,-32.2112,11.5105,32.7214,0.3449,-1.394,1,91.8609
173692,580830317,G,62.9497,32.216,-14.7982,52.0172,35.4522,1.1765,-0.4306,-1,G,60.2829,-37.2121,21.1018,42.4734,42.7788,0.8763,2.6257,1,78.6962
173692,580851659,G,95.9568,16.0157,-38.3697,-86.481,41.5781,-1.4788,-1.1754,1,G,47.6403,-6.7537,37.7062,-28.3235,38.3063,-0.6846,1.748,-1,85.7546
173692,580367672,G,82.0445,-8.7062,-45.057,-68.0099,45.8905,-1.1847,-1.7617,1,G,62.7576,1.7595,47.0559,-41.4868,47.0888,-0.7947,1.5334,-1,94.4768
173692,582706325,G,149.816,-7.5176,34.1595,-145.675,34.9769,-2.134,1.7874,-1,G,106.328,9.5966,-43.0264,-96.7584,44.0836,-1.5275,-1.3514,1,82.1722
173692,582382490,G,42.5564,-36.0332,-18.1999,-13.4687,40.3686,-0.3277,-2.6739,1,G,73.7113,51.8246,-8.1483,-51.7799,52.4612,-0.8722,-0.156,-1,91.1986
173692,583225572,G,66.7736,29.719,-4.6572,59.6137,30.0817,1.4354,-0.1554,-1,G,23.5522,-22.4926,-0.3413,6.9757,22.4952,0.3053,-3.1264,1,60.3936
173692,582393659,G,96.535,-7.2085,-49.9836,-82.2719,50.5007,-1.2643,-1.714,-1,G,48.9462,17.9021,45.5514,-0.5534,48.943,-0.0113,1.1963,1,119.041
173692,582750059,G,146.712,44.5893,3.8879,139.718,44.7584,1.8562,0.087,1,G,106.475,-39.4013,-4.2393,98.8255,39.6287,1.6449,-3.0344,-1,84.6976
173692,582443696,G,54.612,22.2071,2.3456,-49.8378,22.3306,-1.5428,0.1052,-1,G,28.1753,-19.4762,-5.1178,19.7058,20.1374,0.8661,-2.8846,1,77.0108
173692,582332608,G,56.542,15.4726,-46.037,28.9514,48.5675,0.5655,-1.2466,1,G,50.8499,-23.4223,36.5393,26.4947,43.4019,0.5778,2.1408,-1,91.1336
173692,582673784,G,171.568,41.9148,-30.2502,163.596,51.6907,1.8693,-0.6251,-1,G,61.8588,-34.8318,20.6976,46.7424,40.5173,0.986,2.6054,1,100.521
173692,581990417,G,53.1768,-23.712,-33.795,-33.5171,41.2839,-0.7419,-2.1826,1,G,42.0008,23.4389,34.0408,7.4762,41.3299,0.1799,0.9678,-1,91.5451
173692,582795956,G,154.031,-21.1853,37.4091,-147.909,42.9913,-1.9492,2.0861,-1,G,67.2503,19.6477,-36.9415,-52.6487,41.8415,-1.0528,-1.082,1,93.4834
173692,582408223,G,62.6953,32.5485,-25.7121,-47.0125,41.4791,-0.9726,-0.6686,1,G,53.3285,-11.8064,46.7036,-22.8757,48.1728,-0.4586,1.8184,-1,87.7854
173692,582140617,G,85.6526,22.3169,-40.6774,-71.9976,46.3972,-1.2231,-1.069,-1,G,51.8599,-33.2172,26.8683,-29.3965,42.7234,-0.6429,2.4615,1,91.2108
173692,582965553,G,83.0696,5.5178,38.7133,-73.2898,39.1045,-1.3859,1.4292,1,G,135.474,19.4861,-51.4964,-123.781,55.0598,-1.5494,-1.209,-1,90.2
173692,584058421,G,139.396,-13.103,35.5981,-134.135,37.933,-1.9756,1.9235,-1,G,67.6803,24.3273,-35.5668,-52.1901,43.0907,-1.0231,-0.9709,1,89.6515
173692,584752000,G,45.0533,-26.9777,-24.543,-26.4505,36.4713,-0.6732,-2.4034,-1,G,62.5733,29.894,48.5442,-25.7916,57.0105,-0.4382,1.0188,1,90.9377
173692,583862344,G,61.849,20.5879,-24.833,-52.7707,32.2574,-1.2679,-0.8786,1,G,36.0464,-19.4397,25.2743,16.8119,31.8856,0.5055,2.2264,-1,91.0437
173692,583801730,G,132.034,14.925,-29.8836,-127.739,33.4034,-2.0511,-1.1076,-1,G,49.9052,-7.6463,35.8259,-33.8904,36.6328,-0.8274,1.7811,1,83.0037
173692,584261406,G,78.8484,7.7039,36.8114,-69.301,37.6089,-1.371,1.3645,1,G,57.2698,-5.6453,-49.9346,-27.4679,50.2527,-0.5225,-1.6834,-1,94.8024
173692,584408510,G,36.4718,-19.7141,-28.8563,-10.4329,34.9476,-0.2943,-2.1702,-1,G,58.785,46.6942,18.7676,30.3824,50.3247,0.572,0.3822,1,88.5785
173692,584077905,G,110.126,37.1253,-30.3906,99.1256,47.9778,1.4728,-0.686,-1,G,108.801,-35.6816,26.5273,99.3011,44.4621,1.5434,2.5023,1,92.4057
173692,584234265,G,88.8244,-49.3637,-16.7527,71.919,52.1289,1.1261,-2.8144,-1,G,105.761,42.9613,-15.3292,95.4187,45.6142,1.484,-0.3427,1,93.7622
173692,584200633,G,76.2999,-27.5682,-31.2684,63.9058,41.6859,1.2129,-2.2934,-1,G,54.8753,13.714,44.6836,28.7505,46.7408,0.5817,1.273,1,90.8287
173692,584383353,G,186.536,-31.5518,-36.4139,180.206,48.1819,2.0297,-2.2848,-1,G,64.7346,26.701,23.9501,53.8889,35.8685,1.1961,0.7311,1,90.3199
173692,584379033,G,79.7091,65.1341,16.6856,-42.8097,67.2374,-0.6,0.2508,-1,G,31.0359,-29.6918,9.029,-0.3043,31.0342,-0.0098,2.8464,1,92.1317
173692,585038362,G,68.7987,6.8597,-41.3404,-54.5635,41.9056,-1.0797,-1.4064,-1,G,52.174,-5.7621,43.8277,-27.7136,44.2048,-0.5918,1.7015,1,88.6425
173692,585085850,G,100.719,-25.4778,3.6937,97.3729,25.7442,2.0405,2.9976,-1,G,30.223,24.4311,-17.159,-4.702,29.8548,-0.1569,-0.6123,1,91.5173
173692,585192275,G,54.7732,23.9068,49.2773,-0.5544,54.7703,-0.0101,1.1191,-1,G,54.8695,33.0662,-37.5552,22.5142,50.0376,0.436,-0.8489,1,90.3104
173692,585035580,G,173.107,-0.3032,-70.0184,158.314,70.0191,1.5546,-1.5751,-1,G,265.284,-56.2997,-10.7177,259.019,57.3107,2.2136,-2.9535,1,91.089
173692,586069326,G,35.1362,16.2836,-30.2856,7.2229,34.3856,0.2085,-1.0775,1,G,53.4544,-13.3637,33.4042,-39.5339,35.9782,-0.9496,1.9513,-1,82.3774
173692,585205270,G,45.7514,29.8694,-23.1425,25.7957,37.7857,0.6384,-0.6592,1,G,24.1913,-9.5409,18.4869,-12.3455,21.1034,-0.5632,2.0473,-1,65.3922
173692,585028711,G,63.8994,-35.1086,-7.2728,52.8925,35.854,1.1809,-2.9373,-1,G,53.6933,49.3242,6.9186,20.0553,49.8071,0.3925,0.1394,1,91.1288
173692,585878235,G,58.5078,-4.9389,-19.9561,54.7769,20.5582,1.7067,-1.8134,1,G,44.9782,2.4232,34.7325,-28.4747,34.817,-0.7465,1.5011,-1,98.959
173692,585529385,G,30.8817,16.8498,-12.5943,-22.6083,21.0365,-0.9332,-0.6419,-1,G,49.8257,-9.858,19.8854,44.6092,22.1948,1.4481,2.031,1,76.9908
173692,585439288,G,109.346,-8.0099,44.0397,99.7637,44.7622,1.5415,1.7507,1,G,66.9273,-26.9711,-37.929,48.0958,46.5408,0.9048,-2.1889,-1,89.1555
173692,585535940,G,49.458,-4.8835,44.4233,21.1849,44.691,0.4579,1.6803,1,G,65.4434,-2.1323,-49.9175,42.2672,49.963,0.7682,-1.6135,-1,95.3769
173692,585828709,G,89.0256,10.9919,-45.7303,-75.5875,47.0328,-1.2528,-1.3349,1,G,28.0988,9.8503,25.865,4.8481,27.6772,0.1743,1.2069,-1,88.7978
173692,586709340,G,83.7571,10.9708,40.0916,-72.7155,41.5655,-1.3256,1.3037,-1,G,32.9207,14.6644,-29.4541,-1.0813,32.9027,-0.0329,-1.1088,1,86.0081
173692,587009914,G,105.437,-23.4028,9.1955,102.395,25.1446,2.1121,2.7672,-1,G,106.875,38.4859,17.0816,98.2311,42.1064,1.5833,0.4177,1,62.5118
173692,587697160,G,35.5641,20.6745,12.6495,26.0259,24.2373,0.9326,0.5491,-1,G,122.678,1.196,-99.2492,72.0978,99.2564,0.6741,-1.5588,1,86.2238
173692,586854835,G,27.4373,3.7226,-24.7598,-11.22,25.0381,-0.4343,-1.4216,1,G,107.022,-24.8409,80.9869,-65.4054,84.7109,-0.7107,1.8684,-1,92.7391
173692,586787966,G,38.2007,-4.2232,-35.1487,-14.3531,35.4016,-0.3951,-1.6904,-1,G,37.8651,-7.2573,31.172,20.2335,32.0057,0.5962,1.7995,1,74.8586
173692,586798646,G,46.8105,26.869,-13.8058,35.7585,30.2083,1.0055,-0.4746,-1,G,35.4774,-16.383,23.4509,-20.983,28.6067,-0.6799,2.1806,1,79.6869
173692,587534305,G,34.4422,-20.5474,-27.2921,-4.3817,34.1622,-0.1279,-2.2161,-1,G,71.0497,51.6341,30.2204,-38.3236,59.8277,-0.6033,0.5295,1,91.268
173692,587612297,G,99.7228,45.5869,-8.5998,88.2751,46.391,1.3993,-0.1865,-1,G,43.3173,-11.6283,39.4255,13.6672,41.1046,0.3267,1.8576,1,89.2458
173692,586373212,G,165.655,24.0168,29.0883,161.303,37.7218,2.1596,0.8806,-1,G,42.8543,-25.6254,-22.4424,26.0029,34.0635,0.7038,-2.4223,1,91.3558
173692,586302949,G,55.3839,19.8684,-15.5357,-49.3078,25.2213,-1.4233,-0.6636,1,G,37.4046,-20.3125,16.6667,26.6217,26.275,0.8907,2.4545,-1,89.9643
173692,587647643,G,42.5792,20.7598,-37.0705,-2.7896,42.4876,-0.0656,-1.0603,-1,G,49.8039,-25.4444,37.2234,21.1523,45.0888,0.4534,2.1704,1,90.4183
173692,586956696,G,100.147,-28.1981,-39.9863,87.3801,48.9289,1.3436,-2.185,-1,G,60.3013,15.2998,37.2082,44.9188,40.231,0.9614,1.1807,1,89.8133
173692,587759080,G,50.5656,-32.3096,-26.7339,-28.2534,41.9358,-0.631,-2.4503,1,G,42.5323,33.9608,14.3494,21.2072,36.8679,0.5475,0.3998,-1,91.9862
173692,588651949,G,92.6021,-38.6876,1.4363,84.121,38.7142,1.5184,3.1045,-1,G,64.4569,43.4368,2.5263,47.5557,43.5102,0.9456,0.0581,1,85.3846
173692,588397968,G,45.7467,44.6168,-7.8409,-6.3722,45.3006,-0.1402,-0.174,-1,G,50.2912,-42.4008,5.7432,-26.4268,42.788,-0.5839,3.007,1,90.2119
173692,588845362,G,164.524,-32.1523,20.9961,159.98,38.4006,2.1342,2.5631,-1,G,77.0412,35.762,-22.4208,64.4494,42.2091,1.2096,-0.56,1,89.2762
173692,588294452,G,47.4274,-40.6289,-4.4295,24.0629,40.8696,0.5592,-3.033,-1,G,45.9629,42.1097,0.6014,-18.4117,42.114,-0.4243,0.0143,1,93.1288
173692,589196177,G,111.279,40.7315,9.3032,103.138,41.7805,1.6355,0.2245,-1,G,44.3027,-36.0164,11.7589,22.9622,37.8874,0.574,2.826,1,88.536
173692,588297780,G,62.976,-44.3807,-16.33,-41.589,47.2897,-0.7935,-2.789,-1,G,50.5336,41.7273,12.0521,-25.8304,43.4329,-0.5643,0.2812,1,91.1794
173692,588916462,G,115.78,39.5685,21.5992,106.643,45.0799,1.5961,0.4997,1,G,78.8496,-32.6855,-8.6615,71.2312,33.8137,1.4903,-2.8826,-1,77.631
173692,587806323,G,54.2903,-16.5525,39.7342,-33.0853,43.044,-0.708,1.9655,1,G,37.6602,-0.729,-26.1344,27.1061,26.1446,0.9071,-1.5987,-1,89.0816
173692,589054715,G,52.8139,-24.605,20.1917,42.1448,31.8294,1.0931,2.4544,-1,G,85.3052,43.2017,-49.2247,54.6581,65.4939,0.7594,-0.8505,1,92.2893
173692,588770807,G,54.5896,8.9066,20.4597,49.8205,22.3143,1.5431,1.1602,1,G,79.7525,57.0256,-52.5323,18.6788,77.5342,0.2386,-0.7444,-1,89.3305
173692,589196263,G,86.943,-40.7718,-17.457,74.7796,44.3519,1.2937,-2.737,-1,G,69.1664,39.0929,29.0116,49.133,48.6819,0.8879,0.6384,1,94.231
173692,587918205,G,42.294,36.5859,14.6084,15.3894,39.3946,0.3813,0.3799,-1,G,63.5779,-51.8237,26.3819,-25.6988,58.1524,-0.4287,2.6707,1,95.8653
173692,588898978,G,45.1745,34.8568,-4.1833,28.4293,35.1069,0.7403,-0.1194,-1,G,44.5718,-29.8761,4.0982,32.8217,30.1559,0.9425,3.0053,1,65.4057
173692,588977410,G,89.2879,24.2822,-47.4205,71.6519,53.276,1.1055,-1.0976,-1,G,35.3692,1.7768,33.6719,10.6779,33.7187,0.3116,1.5181,1,88.8432
173692,589347038,G,254.235,-46.0789,-14.7373,-249.589,48.3783,-2.3432,-2.8321,1,G,132.838,43.6521,9.1197,-125.129,44.5946,-1.7552,0.206,-1,96.8198
173692,590391654,G,42.2546,-14.1615,-35.9032,17.2003,38.5952,0.4321,-1.9465,-1,G,42.2707,8.534,37.6445,-17.2298,38.5997,-0.4327,1.3479,1,84.3198
173692,590177224,G,81.756,30.0468,30.2841,-69.7431,42.6607,-1.2673,0.7893,-1,G,55.891,-29.6572,-33.6917,-33.3034,44.8851,-0.6867,-2.2926,1,91.1941
173692,589542924,G,139.507,37.2008,-21.0489,132.798,42.7429,1.8517,-0.5149,-1,G,44.6753,-34.0325,0.3933,28.9396,34.0348,0.7715,3.13,1,85.6005
173692,590596628,G,135.266,-60.3858,6.1671,-120.882,60.6999,-1.4398,3.0398,1,G,56.6004,33.2058,8.5417,-45.0334,34.2868,-1.0866,0.2518,-1,91.2676
173692,590478458,G,186.448,-11.9634,-40.8956,181.514,42.6095,2.1559,-1.8554,-1,G,81.4846,13.5754,38.0416,70.7692,40.3913,1.3269,1.228,1,90.1689
173692,589635455,G,48.1359,-28.0152,-28.7126,26.6043,40.1156,0.6222,-2.3439,-1,G,48.5663,43.2942,-2.2029,-21.8958,43.3503,-0.4858,-0.0508,1,90.2215
173692,589763919,G,65.388,-30.4661,21.8966,53.5531,37.5186,1.1538,2.5184,1,G,58.426,32.2469,-37.7551,30.7941,49.6519,0.5861,-0.8639,-1,89.2232
173692,592236553,G,109.611,-38.8351,-6.4147,-102.299,39.3613,-1.6834,-2.9779,1,G,173.171,42.3004,6.2237,-167.81,42.7558,-2.0763,0.1461,-1,83.6327
173692,592045686,G,90.0252,-43.104,6.267,78.7864,43.5572,1.3547,2.9972,1,G,94.7092,34.1083,-10.7967,87.6919,35.7764,1.6289,-0.3066,-1,79.4375
173692,591749309,G,109.444,-20.242,38.8307,-100.302,43.79,-1.5665,2.0513,1,G,76.3035,17.23,-39.2962,-63.0963,42.9076,-1.1783,-1.1576,-1,88.2833
173692,591287678,G,80.3441,33.8471,7.2195,72.5081,34.6084,1.4854,0.2101,-1,G,28.1608,-27.3145,-5.7744,3.6871,27.9182,0.1317,-2.9333,1,76.9601
173692,591773864,G,39.2261,20.7513,10.9081,31.4495,23.4436,1.1035,0.484,1,G,75.6936,39.4717,-56.8437,-30.664,69.2042,-0.4297,-0.9638,-1,86.4235
173692,591362137,G,48.6774,24.0664,-12.3981,-40.4545,27.0722,-1.1916,-0.4757,1,G,44.6372,-19.2043,18.5699,35.7607,26.7141,1.1018,2.373,-1,92.8647
173692,591443409,G,351.68,161.075,116.678,-290.033,198.895,-1.1714,0.6269,-1,G,44.1382,-4.4533,33.2452,-28.6896,33.5422,-0.7753,1.704,1,89.8876
173692,592902978,G,24.2237,11.8577,-17.9136,11.1927,21.4826,0.4999,-0.9861,1,G,87.6096,-34.0723,73.2197,-33.9615,80.7592,-0.409,2.0063,-1,91.8478
173692,592425899,G,83.1022,17.7159,-17.0717,-79.3767,24.6028,-1.8877,-0.7669,1,G,156.938,-63.5669,32.815,-139.685,71.5372,-1.4223,2.665,-1,85.3288
173692,592632443,G,57.044,39.436,-27.9866,-30.2581,48.3575,-0.5908,-0.6172,1,G,43.0057,-39.2009,14.1348,-10.6291,41.6714,-0.2524,2.7955,-1,90.2566
173692,593327920,G,50.5506,34.562,31.4664,-19.2533,46.7404,-0.4011,0.7385,1,G,58.0094,-16.1117,-39.9091,-38.8942,43.0386,-0.8116,-1.9545,-1,89.4006
173692,592932506,G,66.7902,-46.0657,4.127,-48.1854,46.2502,-0.9107,3.0522,1,G,55.9005,42.3041,-2.1027,-36.4801,42.3563,-0.7798,-0.0497,-1,88.6933
173692,593546322,G,73.8632,39.8345,1.7402,62.1767,39.8725,1.2273,0.0437,-1,G,38.8818,-33.3643,19.9415,-0.9702,38.8696,-0.025,2.6029,1,91.9414
173692,592751667,G,54.847,14.4296,-31.3429,42.6332,34.505,1.0385,-1.1393,1,G,264.801,-65.5052,-10.3032,256.364,66.3105,2.0617,-2.9856,-1,91.8283
173692,593053835,G,64.8627,32.2885,-13.654,-54.5727,35.0568,-1.2258,-0.4001,1,G,47.2677,-42.5228,20.6389,0.2689,47.2668,0.0057,2.6897,-1,97.318
173692,593528187,G,165.653,7.0207,31.4838,-162.481,32.2571,-2.3197,1.3514,-1,G,31.0234,-16.2029,-23.7992,-11.5545,28.7912,-0.3913,-2.1685,1,90.8269
173692,592376833,G,43.6569,-24.5893,12.6188,33.7942,27.6381,1.0305,2.6675,1,G,57.699,27.4291,-20.6043,46.3926,34.3058,1.11,-0.6443,-1,61.4106
173692,592771876,G,40.1981,34.574,-18.9589,-7.8152,39.4309,-0.1969,-0.5016,1,G,57.1595,-37.8645,24.9095,34.828,45.3233,0.7078,2.5597,-1,93.2876
173692,594873266,G,53.1013,27.1766,-16.0059,42.7198,31.5398,1.1112,-0.5323,-1,G,56.6526,-7.793,52.6457,19.422,53.2193,0.3573,1.7178,1,80.4122
173692,594917569,G,45.9795,-29.6875,-27.9562,-21.2415,40.7786,-0.4998,-2.3862,1,G,44.9331,30.8304,23.5635,22.6542,38.8041,0.5549,0.6526,-1,90.7881
173692,594151364,G,54.0459,-28.5156,-36.2641,28.1552,46.1327,0.5776,-2.2372,-1,G,57.7095,30.7885,33.3423,35.6473,45.3833,0.7213,0.8252,1,91.6776
173692,594164126,G,46.3905,-29.0005,13.9463,33.4146,32.1796,0.9083,2.6933,-1,G,46.2553,12.6014,-42.2298,-14.0497,44.0698,-0.3136,-1.2808,1,84.4947
173692,594152270,G,44.592,-43.7087,-8.7513,1.1848,44.5762,0.0266,-2.944,-1,G,48.5107,43.3492,7.6442,-20.3886,44.018,-0.448,0.1745,1,91.0933
173692,594667109,G,47.2485,-3.2081,25.2773,-39.7892,25.48,-1.2284,1.697,-1,G,46.8603,17.8815,-27.2207,33.6921,32.5687,0.9056,-0.9896,1,92.7373
173692,594177078,G,115.053,36.0104,25.4088,106.277,44.0721,1.6138,0.6145,1,G,53.8863,-30.8199,-23.8302,37.2287,38.9583,0.8496,-2.4834,-1,88.9783
173692,595418352,G,143.566,-34.604,16.1851,138.39,38.202,1.9989,2.7041,-1,G,35.9279,14.4282,-29.6346,14.2977,32.9603,0.4212,-1.1177,1,91.1955
173692,595472168,G,94.0771,-63.496,-66.2234,20.8136,91.7458,0.225,-2.3352,1,G,22.734,15.9767,16.0875,1.6616,22.6729,0.0732,0.7889,-1,91.4767
173692,596038432,G,62.7049,-18.9409,-36.405,47.4112,41.0375,0.987,-2.0505,1,G,47.4424,32.9275,31.419,13.3937,45.5124,0.2902,0.762,-1,90.6351
173692,596757575,G,46.7475,18.8428,-42.7337,-2.0266,46.7035,-0.0434,-1.1555,-1,G,48.9778,-20.845,42.9193,-11.0558,47.7136,-0.2297,2.0229,1,94.8059
173692,596504796,G,78.6896,-2.3754,42.5367,66.1592,42.6029,1.2238,1.6266,-1,G,74.7153,6.7624,-49.4074,55.6376,49.868,0.9609,-1.4348,1,92.9094
173692,595490493,G,68.0618,-24.3552,-37.055,51.6347,44.3424,0.993,-2.1523,1,G,34.4409,23.9902,24.596,-2.3804,34.3583,-0.0692,0.7979,-1,89.0249
173692,596786093,G,48.8215,21.3214,11.0701,42.5015,24.0239,1.3354,0.4789,1,G,27.4278,-25.4874,-6.282,-7.9499,26.2501,-0.2984,-2.8999,-1,67.6746
173692,595301625,G,61.3994,-13.8618,22.2821,55.5088,26.242,1.494,2.1273,-1,G,38.6614,25.0127,-20.9376,-20.7528,32.6192,-0.5996,-0.6969,1,93.1559
173692,596470873,G,64.0516,-25.259,-33.2091,-48.5976,41.7236,-0.9932,-2.221,-1,G,54.2315,25.1802,38.7614,-28.3648,46.2221,-0.5805,0.9947,1,89.6484
173692,597878524,G,120.02,34.2237,-15.6198,-113.971,37.6197,-1.8277,-0.4282,1,G,44.3657,-34.2818,16.7562,-22.6338,38.1578,-0.563,2.687,-1,91.4347
173692,596857512,G,202.014,-35.9461,-40.531,194.615,54.1745,1.9908,-2.2963,1,G,102.505,19.597,31.8429,95.4427,37.39,1.6666,1.0191,-1,90.8631
173692,597613494,G,44.5127,-28.9293,-33.7605,2.1666,44.4598,0.0487,-2.2793,1,G,48.4632,26.9349,33.5192,-22.3528,43.0003,-0.4989,0.8939,-1,90.7359
173692,597029745,G,87.7797,18.2031,-29.7652,80.5478,34.8901,1.5737,-1.0219,-1,G,46.4882,-24.9004,34.8805,18.0127,42.8565,0.4088,2.1908,1,90.7892
173692,596933607,G,63.3721,-21.2242,29.8468,-51.7176,36.6237,-1.145,2.1889,1,G,36.7048,21.3076,-28.7734,8.0817,35.8039,0.2238,-0.9334,-1,90.0563
173692,597487632,G,89.3223,-36.6203,-17.145,79.6458,40.4351,1.43,-2.7037,-1,G,41.9591,40.3501,-5.3771,10.174,40.7068,0.2474,-0.1325,1,92.984
173692,598027798,G,43.0944,17.4145,-14.6326,36.6025,22.746,1.2538,-0.6988,-1,G,45.1598,-30.0,13.4413,-30.9632,32.8735,-0.8397,2.7204,1,87.1618
173692,596877669,G,64.9379,-5.4066,33.5867,-55.3138,34.0191,-1.2627,1.7304,1,G,33.0798,3.2786,-27.7996,17.6266,27.9923,0.5941,-1.4534,-1,90.2725
173692,597671911,G,77.7944,-35.6001,-8.372,68.6622,36.5713,1.3875,-2.9106,-1,G,31.164,28.2086,-6.0091,-11.8044,28.8416,-0.3986,-0.2099,1,91.5296
173692,598021381,G,109.464,-11.4501,39.6254,101.396,41.2466,1.6316,1.8521,-1,G,36.9644,36.9211,-1.0253,-1.4643,36.9353,-0.0396,-0.0278,1,96.5208
173692,598146136,G,92.9677,-19.2779,-39.8538,-81.7497,44.2715,-1.3728,-2.0213,-1,G,111.917,21.242,38.4502,-102.936,43.9277,-1.5874,1.0661,1,88.6747
173692,597736092,G,91.1108,37.5795,19.1278,-80.7655,42.1674,-1.4051,0.4708,1,G,88.103,-36.922,-31.8448,-73.3812,48.7578,-1.1975,-2.4299,-1,90.5219
173692,598634872,G,57.5297,-30.9914,19.0769,-44.5562,36.3922,-1.0315,2.5898,-1,G,39.086,29.13,-20.7775,15.7302,35.7808,0.4266,-0.6196,1,92.1808
173692,599504544,G,65.6103,-15.7468,33.2522,54.3233,36.7923,1.1817,2.0131,1,G,36.3002,9.5009,-31.251,-15.8366,32.6633,-0.4676,-1.2757,-1,94.1355
173692,599557853,G,150.244,-32.7563,4.3256,146.566,33.0407,2.1953,3.0103,1,G,84.3471,49.2086,2.8378,68.4462,49.2903,1.1314,0.0576,-1,92.0911
173692,598638571,G,81.3871,18.7401,18.5121,77.0063,26.3418,1.7939,0.7793,1,G,30.1194,-18.6614,-20.1362,-12.3875,27.4539,-0.4372,-2.3182,-1,90.8596
173692,599431614,G,128.336,-37.0517,3.3318,122.826,37.2012,1.9098,3.0519,-1,G,50.3429,38.0863,-11.6948,30.7743,39.8414,0.711,-0.2979,1,90.8962
173692,598996400,G,68.0372,42.3173,1.31,53.2596,42.3376,1.0526,0.0309,1,G,45.9364,-43.2166,-1.5836,15.4906,43.2456,0.351,-3.105,-1,90.8984
173692,599127640,G,59.0377,-21.6778,-26.4045,48.1489,34.1632,1.1434,-2.2582,1,G,44.078,-5.507,43.2884,-6.2164,43.6373,-0.142,1.6973,-1,88.6026
173692,598968671,G,245.918,45.9399,-35.1263,239.021,57.8302,2.1265,-0.6528,-1,G,39.7886,-20.0101,18.5872,28.935,27.311,0.9228,2.393,1,94.2425
173692,599172615,G,60.5194,-6.6108,34.6142,-49.201,35.2398,-1.1358,1.7595,1,G,43.9732,34.8997,-24.8432,9.9226,42.8389,0.2296,-0.6186,-1,92.0879
173692,598527111,G,45.8393,24.2645,15.9974,35.4478,29.0634,1.0285,0.5829,-1,G,44.0709,-26.1418,-17.4192,-30.9097,31.4137,-0.87,-2.5538,1,89.7647
173692,599274359,G,36.4183,-9.9179,-32.9749,11.8561,34.4342,0.3378,-1.863,-1,G,59.4777,-9.8114,40.3569,-42.5752,41.5324,-0.899,1.8093,1,88.3665
173692,599499026,G,99.6017,-36.3805,-24.9206,-89.3079,44.0974,-1.4549,-2.541,-1,G,201.46,43.1721,7.8581,-196.623,43.8814,-2.2052,0.18,1,92.4364
173692,599720954,G,135.044,-38.1397,-1.9451,-129.532,38.1893,-1.9356,-3.0906,-1,G,87.4313,35.4132,2.5389,-79.8979,35.5041,-1.5503,0.0716,1,75.0115
173692,598511001,G,54.7664,49.3673,-12.5829,20.097,50.9457,0.3849,-0.2496,1,G,40.1668,-37.5807,14.0862,1.6203,40.1339,0.0404,2.783,-1,91.6487
173692,600395851,G,43.3788,43.3783,-0.1539,-0.1049,43.3786,-0.0024,-0.0035,-1,G,49.1041,-41.0214,3.7714,-26.7248,41.1944,-0.6102,3.0499,1,88.4003
173692,600551940,G,61.1872,-25.9395,18.8139,-52.1252,32.044,-1.263,2.5141,1,G,42.0878,38.1227,-15.1528,9.4036,41.0238,0.2273,-0.3783,-1,93.1598
173692,599859718,G,159.328,-29.8165,-20.8861,155.113,36.404,2.1561,-2.5305,1,G,37.5686,25.9719,19.8768,18.4868,32.7052,0.5388,0.6532,-1,92.8194
173692,600447334,G,174.99,-8.399,-42.5267,-169.536,43.3481,-2.0729,-1.7658,-1,G,137.941,13.2593,41.4954,-130.881,43.5623,-1.8199,1.2615,1,87.4663
173692,600054957,G,100.62,-31.2423,13.0586,-94.7505,33.8616,-1.7526,2.7457,-1,G,39.9351,21.9624,-32.618,6.9657,39.3227,0.1762,-0.9782,1,107.614
173692,601159325,G,96.5658,7.647,-19.2544,-94.3172,20.7174,-2.2207,-1.1927,1,G,25.5935,-7.0194,20.4242,13.7331,21.5967,0.5994,1.9018,-1,91.8006
173692,600162208,G,175.889,-3.613,37.1215,-171.889,37.2969,-2.2327,1.6678,1,G,80.7479,5.508,-44.9673,-66.8417,45.3034,-1.181,-1.4489,-1,93.8346
173692,600678896,G,45.0609,7.7966,-42.9664,-11.1163,43.6681,-0.2519,-1.3913,-1,G,57.9444,-16.5599,38.3983,-40.1109,41.817,-0.8522,1.978,1,88.8156
173692,600725968,G,103.9,-8.746,-39.8492,-95.5544,40.7977,-1.587,-1.7869,-1,G,176.808,10.7901,67.5365,-163.044,68.393,-1.6032,1.4124,1,105.606
173692,600835697,G,78.1592,11.529,32.1896,70.2834,34.1919,1.4682,1.2269,-1,G,37.5,-16.5025,-33.6048,2.1498,37.4381,0.0574,-2.0273,1,90.0207
173692,600020388,G,115.398,-36.9333,21.1085,107.271,42.5399,1.6552,2.6224,1,G,109.934,43.4163,-22.7451,98.4036,49.0134,1.4471,-0.4826,-1,91.8042
173692,601270132,G,186.286,-28.8501,32.2262,181.195,43.2534,2.1396,2.301,1,G,92.5093,24.579,-32.0192,83.2382,40.3653,1.4711,-0.9161,-1,88.225
173692,601749784,G,222.638,15.4032,46.6103,-217.158,49.0895,-2.1927,1.2516,-1,G,65.9397,-4.2914,-34.6137,-55.9598,34.8787,-1.2513,-1.6942,1,91.7385
173692,601671627,G,157.423,-4.527,44.4076,-150.962,44.6377,-1.9328,1.6724,-1,G,261.294,1.1267,-67.3094,-252.473,67.3189,-2.0323,-1.5541,1,109.673
173692,602098035,G,119.341,20.3947,-7.5822,117.34,21.7585,2.3867,-0.3559,-1,G,32.9969,-31.1253,-7.3641,8.1097,31.9846,0.2509,-2.9093,1,84.4422
173692,601306883,G,87.5314,38.2708,-27.187,73.8779,46.9445,1.235,-0.6177,-1,G,62.9641,-37.8028,19.5721,46.3934,42.569,0.9435,2.6639,1,90.1415
173692,602169502,G,67.1779,24.5156,-27.1775,56.3314,36.601,1.2162,-0.8368,1,G,40.8235,-32.6187,24.5392,0.634,40.8185,0.0155,2.4966,-1,91.3599
173692,601295564,G,58.3444,27.5673,11.9399,50.0155,30.0419,1.2829,0.4087,-1,G,35.2215,-27.4731,-9.8957,-19.6938,29.201,-0.6316,-2.7959,1,88.493
173692,602547939,G,72.8585,28.3083,-7.1815,66.7489,29.205,1.5645,-0.2484,1,G,33.0149,-27.8388,15.6078,-8.4483,31.9155,-0.2617,2.6306,-1,87.9716
173692,603904672,G,90.6595,19.5577,-8.8042,88.0859,21.448,2.1203,-0.423,1,G,25.7799,-19.6953,5.8025,-15.5891,20.5323,-0.7005,2.8551,-1,91.0677
173692,603782181,G,41.3321,-15.1174,-38.4467,1.2841,41.312,0.0311,-1.9454,1,G,50.6232,18.3282,45.8384,-11.208,49.3668,-0.2251,1.1904,-1,91.0624
173692,603256887,G,109.83,12.7548,42.6343,100.41,44.5014,1.5527,1.2801,1,G,82.9767,-12.8727,-39.8912,71.6108,41.9167,1.3051,-1.8829,-1,87.0379
173692,603113453,G,67.3267,-29.1889,6.7847,-60.2898,29.967,-1.4489,2.9132,-1,G,43.9585,43.2666,-6.0064,-4.9264,43.6815,-0.1125,-0.1379,1,89.0645
173692,603982982,G,53.0276,26.9396,-33.0654,-31.5096,42.6505,-0.6842,-0.8871,-1,G,39.1867,-18.2333,22.688,26.2372,29.1066,0.8099,2.2478,1,91.0615
173692,603815225,G,160.283,-55.4494,-16.4357,-149.485,57.834,-1.6783,-2.8534,-1,G,55.5115,28.4114,18.8768,-43.7947,34.1107,-1.0686,0.5864,1,92.0494
173692,603891464,G,78.4971,0.4887,-36.5777,-69.4523,36.581,-1.3973,-1.5574,-1,G,64.5815,-43.5439,39.2761,-27.0569,58.6403,-0.4464,2.4077,1,96.4181
173692,603526283,G,48.119,-47.87,2.3039,-4.3098,47.9255,-0.0898,3.0935,-1,G,32.6222,32.1305,-4.2623,-3.6961,32.412,-0.1138,-0.1319,1,78.7622
173692,603312042,G,151.257,14.4834,26.5685,148.2,30.2597,2.2921,1.0717,-1,G,24.6205,-5.4988,-23.5956,4.3784,24.2278,0.1797,-1.7997,1,86.9679
173692,603408514,G,51.1632,-10.72,-29.7776,-40.2,31.6485,-1.0601,-1.9163,-1,G,39.7908,12.648,29.4607,23.5666,32.061,0.6812,1.1653,1,89.3988
173692,604906028,G,48.0248,-12.5747,23.1969,-40.1267,26.386,-1.2062,2.0675,1,G,36.3529,5.6582,-23.4535,27.1926,24.1264,0.9684,-1.3341,-1,83.0928
173692,605562028,G,117.206,-34.1435,-32.232,-107.39,46.9541,-1.5651,-2.385,-1,G,33.1986,-29.947,6.7276,12.6511,30.6934,0.4013,2.9206,1,94.2768
173692,605236173,G,60.78,-38.3061,18.6412,-43.3514,42.6011,-0.8938,2.6887,1,G,66.9473,43.7351,-13.7578,-48.7842,45.848,-0.9259,-0.3048,-1,88.1589
173692,604321128,G,45.9333,4.3139,-44.1548,11.8995,44.3651,0.2651,-1.4734,-1,G,64.2607,-2.5337,48.8398,41.6856,48.9054,0.773,1.6226,1,96.1574
173692,604397769,G,48.6065,24.7258,16.6163,-38.4072,29.7903,-1.0719,0.5917,1,G,43.0854,-21.3096,-14.782,34.4055,25.9347,1.0946,-2.5351,-1,91.5225
173692,605274561,G,95.1676,-7.1713,-24.438,-91.6964,25.4684,-1.9929,-1.8562,-1,G,48.0919,12.8491,41.2103,-21.1997,43.167,-0.4732,1.2686,1,86.3957
173692,604707101,G,60.3538,-28.1466,-53.3329,-2.4389,60.3045,-0.0404,-2.0564,-1,G,51.6536,6.022,40.7057,31.2229,41.1487,0.7002,1.4239,1,105.206
173692,605059469,G,70.0561,24.1715,40.5407,-51.7691,47.1997,-0.9482,1.0332,-1,G,54.5769,-18.572,-38.4155,-34.0288,42.6693,-0.7307,-2.0211,1,90.2011
173692,605785492,G,87.0027,38.9949,-23.3094,74.1993,45.4305,1.2665,-0.5388,-1,G,39.4469,-33.3618,20.9445,2.0893,39.3914,0.053,2.581,1,100.659
173692,604379875,G,112.516,-30.5011,41.7204,99.9446,51.6808,1.4137,2.2021,1,G,52.3692,11.6152,-35.9797,36.2362,37.8081,0.8517,-1.2585,-1,90.8419
173692,605359403,G,108.373,-20.2958,38.1488,99.3854,43.2117,1.5703,2.0597,-1,G,57.4841,27.6623,-31.8141,39.0777,42.1585,0.8287,-0.8551,1,90.7864
173692,605413951,G,112.144,-30.495,17.8393,106.433,35.3297,1.8224,2.6123,1,G,113.667,35.0218,-42.4501,99.4566,55.0322,1.3539,-0.881,-1,89.2954
173692,606242826,G,41.4681,-41.0955,4.9789,-2.4434,41.396,-0.059,3.021,-1,G,48.7182,46.8358,-13.2328,-2.18,48.6692,-0.0448,-0.2754,1,89.5048
173692,606429168,G,79.1784,-21.4328,-25.721,71.7514,33.4804,1.5059,-2.2655,1,G,64.8706,32.8208,38.9244,40.1978,50.9148,0.7245,0.8703,-1,88.9576
173692,606229255,G,117.488,-23.6536,-28.9081,111.392,37.352,1.8128,-2.2566,1,G,46.1517,20.9967,32.0346,25.7466,38.3024,0.6297,0.9906,-1,89.1852
173692,606606295,G,55.1122,-0.6491,43.7272,-33.5389,43.732,-0.7066,1.5856,1,G,95.3002,-67.4221,-18.6775,-64.7111,69.9613,-0.8273,-2.8714,-1,87.8047
173692,607079569,G,97.5726,-18.2232,43.5036,-85.4152,47.1661,-1.3557,1.9675,1,G,47.3031,12.9517,-37.6535,-25.5351,39.8188,-0.6039,-1.2395,-1,92.8278
173692,606462366,G,63.096,-38.0073,-5.4516,50.0681,38.3963,1.0809,-2.9991,-1,G,47.5275,38.2562,12.2782,25.3882,40.1782,0.596,0.3106,1,80.6054
173692,607043800,G,64.392,12.6046,-33.8327,53.3178,36.1044,1.1818,-1.2142,-1,G,73.9507,-10.018,56.4736,46.6805,57.3553,0.7435,1.7464,1,92.8426
173692,607054604,G,105.261,34.5105,14.9864,-98.3075,37.624,-1.6884,0.4097,1,G,53.6615,-35.8266,-25.2274,-30.977,43.8175,-0.6584,-2.5281,-1,91.8442
173692,606789086,G,52.7405,1.129,-25.0177,-46.4154,25.0432,-1.3761,-1.5257,-1,G,38.0497,-11.9152,25.2926,25.8086,27.9587,0.8259,2.0111,1,87.7599
173692,606161410,G,82.9769,-1.1687,38.8761,-73.2969,38.8937,-1.3908,1.6009,1,G,56.2654,-14.6747,-44.6534,-30.9276,47.0029,-0.6179,-1.8883,-1,90.7816
173692,606001211,G,81.278,32.2823,-2.2731,-74.5573,32.3623,-1.5718,-0.0703,1,G,31.3454,-26.8158,-12.329,10.5559,29.5143,0.3504,-2.7106,-1,91.3496
173692,606806019,G,208.063,-33.2561,-20.0783,204.404,38.8472,2.3625,-2.5984,1,G,36.2282,28.9736,4.4997,21.278,29.3209,0.6736,0.1541,-1,92.1122
173692,607405156,G,125.827,-47.8777,-1.4215,-116.354,47.8988,-1.6206,-3.1119,-1,G,32.1067,29.2332,-10.6542,-7.921,31.1141,-0.2519,-0.3495,1,94.8973
173692,607427620,G,110.673,31.4066,8.0452,105.818,32.4206,1.8988,0.2508,1,G,24.1475,-20.0931,-12.1539,-5.625,23.483,-0.2373,-2.5976,-1,89.4043
173692,608648820,G,199.744,-33.0483,-14.6715,-196.444,36.1586,-2.394,-2.7238,-1,G,71.5006,17.4225,23.6367,-65.1926,29.3639,-1.538,0.9356,1,69.2487
173692,608065151,G,41.8342,18.2273,37.2386,5.5797,41.4603,0.1342,1.1156,-1,G,65.0597,-9.4312,-42.9388,47.959,43.9623,0.9442,-1.787,1,91.9241
173692,608526247,G,127.723,23.5781,-26.4843,-122.702,35.459,-1.9548,-0.8434,1,G,67.029,-33.527,16.2887,-55.7091,37.2744,-1.1918,2.6893,-1,76.778
173692,608273421,G,64.0654,49.9638,-39.9675,3.253,63.9827,0.0508,-0.6747,-1,G,31.157,-18.0495,20.6342,-14.8051,27.4145,-0.5167,2.2895,1,86.8421
173692,607500641,G,44.4164,-41.4512,-15.6598,3.0614,44.3106,0.069,-2.7804,1,G,48.6656,44.939,17.1204,7.4635,48.0897,0.1546,0.364,-1,92.4077
173692,608288110,G,41.9441,31.3822,-27.3387,-5.201,41.6203,-0.1246,-0.7166,-1,G,49.9703,-36.8633,33.722,-0.971,49.9608,-0.0194,2.4007,1,91.3202
173692,608985662,G,89.1062,-27.8745,-15.2458,-83.2496,31.7714,-1.691,-2.6411,1,G,33.9582,26.9578,19.9525,5.3218,33.5384,0.158,0.6372,-1,95.1269
173692,609246835,G,74.0143,-0.5171,49.2476,-55.2495,49.2503,-0.9649,1.5813,1,G,49.112,23.6737,-41.3759,-11.814,47.6698,-0.2454,-1.0511,-1,100.321
173692,609438339,G,77.8511,31.6295,-26.519,-66.0083,41.2757,-1.2486,-0.6977,1,G,171.266,-36.2176,29.1625,-164.833,46.4991,-1.978,2.4637,-1,93.5075
173692,609916283,G,86.5921,-39.3002,-14.4775,75.7896,41.8821,1.3551,-2.7886,-1,G,119.531,48.453,3.4048,109.217,48.5725,1.5496,0.0702,1,89.7378
173692,609993971,G,81.1946,-12.0083,-46.6429,-65.3665,48.1639,-1.1128,-1.8228,-1,G,50.0098,17.8531,37.7035,-27.5805,41.7167,-0.6205,1.1286,1,91.9856
173692,609723943,G,36.8042,0.925,25.6435,26.3836,25.6601,0.9012,1.5347,-1,G,62.4352,36.2157,-47.2564,-18.7986,59.5378,-0.3107,-0.9169,1,89.1311
173692,610001531,G,57.592,28.1041,-37.9314,32.9877,47.2084,0.6517,-0.9331,1,G,36.9658,-27.0936,24.899,-3.5272,36.797,-0.0957,2.3984,-1,88.8954
173692,609485708,G,99.1742,-42.5997,10.7003,88.9173,43.923,1.4545,2.8955,-1,G,46.1782,40.1671,-15.3926,16.7953,43.0155,0.3812,-0.366,1,99.6205
173692,609542108,G,76.2665,12.5625,72.1215,-21.3829,73.2075,-0.2881,1.3983,1,G,41.4628,-2.6978,-33.5857,-24.1635,33.6939,-0.6667,-1.6509,-1,101.012
173692,608988893,G,89.5226,30.4304,22.9598,81.0008,38.1203,1.4981,0.6464,-1,G,40.0764,-28.6369,-24.7871,13.101,37.8744,0.3394,-2.4281,1,89.0742
173692,610040730,G,149.481,-28.256,-22.4332,145.062,36.0784,2.0997,-2.4706,1,G,65.5804,30.9213,28.2067,50.488,41.8539,1.02,0.7395,-1,89.2822
173692,609404300,G,74.9562,-30.6216,-9.55,67.7461,32.0763,1.4926,-2.8393,1,G,96.8037,50.7848,33.5352,75.2811,60.8581,1.0394,0.5836,-1,89.7934
173692,609400844,G,136.582,12.9034,41.1498,-129.595,43.1254,-1.82,1.2669,-1,G,90.455,-16.5544,-39.8359,-79.5057,43.1387,-1.3712,-1.9647,1,88.3613
173692,609401992,G,145.312,12.4554,-26.3386,142.362,29.1352,2.2899,-1.1291,1,G,26.7856,-12.4752,23.3535,4.0553,26.4767,0.1526,2.0614,-1,90.3931
173692,608981980,G,96.7769,-32.0824,-28.9905,86.5796,43.2403,1.4447,-2.4068,1,G,26.0992,6.6026,22.1832,-12.061,23.145,-0.5,1.2815,-1,94.0742
173692,609039508,G,71.4898,31.027,16.8791,-62.1547,35.321,-1.3307,0.4982,1,G,33.251,-31.3732,-9.2781,5.9377,32.7164,0.1805,-2.8541,-1,88.0476
173692,610106073,G,39.149,34.3968,-18.6624,1.097,39.1334,0.028,-0.4971,-1,G,55.3347,-41.0213,22.6369,29.4405,46.8527,0.593,2.6373,1,89.0783
173692,609268021,G,76.6999,31.2123,37.3651,-59.2664,48.6863,-1.027,0.8749,-1,G,43.5187,-22.1031,-29.703,-22.8703,37.0246,-0.5839,-2.2105,1,86.9735
173692,609452709,G,40.6412,-27.4716,15.1893,25.8127,31.3911,0.75,2.6365,-1,G,50.8836,28.2712,-24.2118,-34.6938,37.2219,-0.8325,-0.7082,1,90.6414
173692,609643494,G,65.691,18.6496,-33.4134,-53.395,38.2657,-1.1353,-1.0617,-1,G,43.2816,-26.6423,29.6932,-16.7866,39.8936,-0.4093,2.3021,1,82.8966
173692,609862470,G,39.8364,-7.564,-38.8305,4.6805,39.5604,0.118,-1.7632,-1,G,57.9612,3.0958,44.8082,-36.6352,44.915,-0.7448,1.5018,1,92.1281
173692,609972246,G,86.1686,-31.0896,30.0551,74.5328,43.242,1.3127,2.3731,1,G,55.4463,27.3902,-33.5454,34.6231,43.3072,0.7323,-0.8861,-1,90.0771
173692,610328495,G,47.3197,-26.207,-39.2043,-3.9186,47.1571,-0.083,-2.1601,1,G,45.3242,23.9122,36.0365,13.559,43.2484,0.3086,0.9849,-1,92.0578
173692,610657993,G,67.6902,-24.6659,35.898,51.8158,43.5554,1.0093,2.1728,-1,G,53.2497,24.5312,-39.8623,25.3918,46.8058,0.5189,-1.0191,1,93.0039
173692,611478666,G,203.171,-4.9527,-44.7955,198.109,45.0685,2.1865,-1.6809,1,G,49.3499,-9.4275,33.4591,35.0288,34.7619,0.8868,1.8454,-1,95.2794
173692,610927490,G,64.3737,-26.003,-42.2248,41.0472,49.5892,0.7542,-2.1228,-1,G,47.5812,6.849,46.7648,5.4871,47.2637,0.1158,1.4254,1,99.9049
173692,610804300,G,80.9177,17.4288,-42.7046,66.4847,46.1243,1.1618,-1.1833,1,G,64.3236,-16.6625,41.9848,45.7946,45.1704,0.8911,1.9486,-1,92.1264
173692,610498316,G,101.213,-6.6178,19.6378,-99.0692,20.7229,-2.2685,1.8958,-1,G,23.9044,6.3303,-20.3593,10.8089,21.3208,0.4874,-1.2693,1,88.679
173692,611655533,G,63.974,-43.201,15.1488,44.6861,45.7801,0.8644,2.8043,-1,G,72.3452,44.8996,-9.5669,55.9136,45.9075,1.0274,-0.2099,1,91.8074
173692,611327161,G,107.323,-10.9823,-26.9689,-103.297,29.1193,-1.9787,-1.9575,1,G,21.7525,19.0211,-10.4537,-1.4416,21.7044,-0.0664,-0.5025,-1,65.0018
173692,610589901,G,71.1741,2.8148,32.044,-63.4901,32.1674,-1.4318,1.4832,-1,G,46.6284,1.3935,-45.1905,-11.4047,45.212,-0.2496,-1.54,1,89.8757
173692,611309174,G,37.5211,29.3402,-22.0138,7.8974,36.6805,0.2137,-0.6437,-1,G,41.5747,-37.0572,17.4898,-7.0227,40.9772,-0.1706,2.7006,1,78.5836
173692,611345070,G,47.193,7.752,22.5504,40.7253,23.8457,1.3048,1.2397,1,G,40.2851,-6.6951,-28.1439,-28.0352,28.9293,-0.8593,-1.8043,-1,86.3653
173692,611666070,G,130.077,-22.0817,-12.6683,-127.562,25.4576,-2.3145,-2.6207,-1,G,24.0999,22.3816,8.3161,3.2709,23.8766,0.1366,0.3558,1,91.1226
173692,611789771,G,92.3059,2.2687,35.4982,-85.1768,35.5707,-1.6074,1.507,1,G,24.9102,-1.2264,-22.3561,10.9184,22.3897,0.4701,-1.6256,-1,89.7301
173692,612686179,G,52.6554,-8.761,-51.6832,-4.9677,52.4205,-0.0946,-1.7387,-1,G,50.7032,8.4773,49.754,4.8462,50.471,0.0959,1.402,1,103.34
173692,612829635,G,109.875,-26.9668,24.1788,103.734,36.2191,1.7746,2.4106,-1,G,53.4451,29.1143,-31.5037,31.8786,42.8967,0.6877,-0.8248,1,90.689
173692,612093356,G,72.2951,35.6559,-30.8584,54.7994,47.1549,0.9915,-0.7134,-1,G,60.44,-28.7056,31.7949,42.6387,42.8361,0.8781,2.3052,1,89.8623
173692,612933924,G,107.596,81.2557,-23.2396,66.5905,84.5137,0.7232,-0.2786,1,G,39.231,-20.3378,21.4896,25.761,29.5877,0.7869,2.3287,-1,96.5158
173692,611888695,G,191.637,8.2023,54.6227,183.504,55.2351,1.9157,1.4218,-1,G,63.0891,-34.9736,-19.0694,48.9226,39.8346,1.0339,-2.6424,1,94.2464
173692,612828175,G,90.8389,24.3992,-8.5367,87.0832,25.8495,1.929,-0.3366,1,G,119.262,50.4197,81.5409,70.939,95.8701,0.6851,1.017,-1,90.7956
173692,612493176,G,42.9548,25.8577,34.0384,-4.228,42.7461,-0.0987,0.9211,1,G,52.9651,-25.9266,-28.1505,36.6149,38.2705,0.8505,-2.3151,-1,90.0946
173692,612914984,G,82.7545,-44.3581,7.8148,69.4232,45.0412,1.2175,2.9672,-1,G,77.2895,46.4794,-8.9017,61.1071,47.3241,1.0731,-0.1892,1,92.5755
173692,612698189,G,62.9755,-51.841,-11.0784,-33.9953,53.0115,-0.6039,-2.9311,-1,G,40.5346,35.9747,15.3784,10.6005,39.1238,0.2677,0.404,1,99.4827
173692,612039798,G,59.9224,-26.1801,-18.3077,-50.6963,31.9463,-1.242,-2.5313,1,G,66.8906,39.3206,4.2097,-53.9492,39.5453,-1.117,0.1067,-1,68.9887
173692,612094878,G,111.299,-4.2867,-37.4495,-104.721,37.694,-1.7459,-1.6848,1,G,75.0147,8.6843,42.0833,-61.488,42.97,-1.1558,1.3673,-1,83.9425
173692,613843771,G,42.2437,-6.6218,41.6593,2.2749,42.1823,0.0539,1.7284,-1,G,57.9223,6.2719,-36.5302,-44.5106,37.0647,-1.0165,-1.4008,1,90.6805
173692,613930371,G,132.926,-26.2984,-12.5995,-129.688,29.1608,-2.1979,-2.6948,-1,G,27.1807,26.9668,1.7889,-2.8932,27.0261,-0.1069,0.0662,1,89.1015
173692,613462604,G,42.8512,9.2668,33.6932,24.8014,34.9443,0.6606,1.3024,-1,G,42.345,-12.4909,-40.4602,0.1883,42.3444,0.0044,-1.8702,1,81.1032
173692,613950092,G,102.367,35.6156,-37.0963,-88.5125,51.4257,-1.3115,-0.8058,-1,G,72.1625,-8.4229,41.3794,-58.5169,42.2279,-1.1297,1.7716,1,89.9181
173692,614423940,G,61.5166,3.8426,-27.964,54.6583,28.2268,1.4148,-1.4342,-1,G,35.9835,-12.9675,20.4723,-26.5994,24.2336,-0.9487,2.1354,1,92.626
173692,613652361,G,127.005,38.0893,-24.9415,118.564,45.5288,1.6852,-0.5798,-1,G,86.9738,-39.01,23.7885,74.0051,45.6911,1.2594,2.594,1,93.2843
173692,613938537,G,42.9526,-13.2218,-15.5654,-37.7864,20.423,-1.3746,-2.275,-1,G,38.8377,9.1816,28.489,24.7474,29.932,0.7535,1.259,1,79.6009
173692,614112765,G,113.435,33.2726,2.7455,108.411,33.3857,1.8939,0.0823,-1,G,35.2736,-32.1877,-8.2679,11.8239,33.2326,0.3487,-2.8902,1,87.3282
173692,613805102,G,139.718,-3.4404,-80.122,-114.41,80.1958,-1.1534,-1.6137,1,G,40.258,-31.728,-24.3944,4.3528,40.0219,0.1085,-2.4861,-1,90.101
173692,613867734,G,76.2535,-10.41,-47.0721,-59.0799,48.2094,-1.0322,-1.7884,1,G,25.1604,4.9146,21.3365,12.3951,21.8952,0.5395,1.3444,-1,86.0976
173692,614401550,G,43.0324,-23.2689,34.8847,9.6641,41.9331,0.2285,2.1591,1,G,61.5152,21.3702,-37.9735,43.4216,43.5738,0.8789,-1.0582,-1,89.9943
173692,614733398,G,137.499,28.7533,32.7252,-130.416,43.5625,-1.8165,0.8499,1,G,149.084,-33.8859,-31.4896,-141.725,46.2585,-1.8384,-2.3928,-1,89.6713
173692,614086723,G,99.13,-24.5217,-95.7383,7.7213,98.8288,0.078,-1.8215,1,G,31.8801,-21.6988,16.1982,16.8259,27.0781,0.5871,2.5003,-1,89.9897
173692,613644855,G,47.3799,36.0511,5.7746,-30.1963,36.5106,-0.7537,0.1588,-1,G,45.7086,-28.7961,-13.8103,32.7006,31.9365,0.8982,-2.6944,1,92.4229
173692,614730416,G,45.473,-43.7624,-12.2655,1.4831,45.4487,0.0326,-2.8683,1,G,45.5476,36.5363,24.1945,-12.4215,43.821,-0.2798,0.5849,-1,89.2781
173692,613624900,G,43.9563,-30.5711,-17.663,26.1834,35.3069,0.6864,-2.6177,1,G,44.6994,31.584,17.4125,-26.4061,36.0659,-0.6788,0.5038,-1,88.6493
173692,614229364,G,123.106,4.0143,-42.9406,115.304,43.1279,1.7098,-1.4776,-1,G,92.3753,-8.6261,43.6799,80.9373,44.5235,1.3591,1.7658,1,88.88
173692,613544190,G,66.9374,9.7865,40.264,52.5704,41.4363,1.0592,1.3324,-1,G,34.1889,-6.6765,-33.5147,-1.0309,34.1732,-0.0302,-1.7674,1,86.6891
173692,613989286,G,137.651,-43.6331,-5.4952,-130.437,43.9777,-1.8076,-3.0163,-1,G,49.8853,-2.0852,-45.7559,-19.7631,45.8034,-0.4191,-1.6163,1,88.8429
173692,615153516,G,43.4444,-30.1604,-26.4853,-16.6218,40.1388,-0.4031,-2.421,1,G,67.9796,30.3879,41.8073,-44.1581,51.6844,-0.7746,0.9423,-1,92.1211
173692,614884571,G,142.185,35.2582,33.0779,133.713,48.3455,1.7417,0.7535,-1,G,29.9906,-23.2659,-15.6238,10.678,28.0251,0.3724,-2.5502,1,91.3625
173692,616175423,G,37.2609,-16.5271,-12.5423,-30.9501,20.7474,-1.1902,-2.4924,1,G,57.9278,18.7532,9.0366,54.0581,20.8168,1.6826,0.449,-1,92.2479
173692,615388587,G,60.0846,44.0692,-21.445,-34.7587,49.01,-0.6602,-0.4529,-1,G,49.4776,-36.9986,18.1598,-27.3742,41.215,-0.6231,2.6853,1,89.9032
173692,615412251,G,57.9717,-21.0854,26.5185,47.0413,33.8796,1.1313,2.2426,-1,G,47.682,36.26,-28.7959,11.3828,46.3033,0.2434,-0.6712,1,86.6826
173692,616035606,G,50.7176,26.8541,9.4701,-41.9695,28.475,-1.1802,0.339,1,G,40.6655,-16.1776,-32.8526,17.6822,36.6198,0.4658,-2.0284,-1,84.263
173692,615027362,G,82.9865,24.561,29.7115,-73.4897,38.5489,-1.401,0.88,1,G,50.3389,-24.9314,-36.6194,-23.9048,44.3007,-0.5164,-2.1685,-1,90.7861
173692,615049878,G,55.6593,39.496,-21.8416,32.5722,45.133,0.6703,-0.5051,-1,G,43.0708,-39.1437,14.3705,10.7863,41.6982,0.2559,2.7898,1,88.384
173692,615178862,G,143.535,41.4921,15.8264,-136.493,44.408,-1.8415,0.3644,-1,G,119.003,-44.1974,-7.3071,-110.249,44.7974,-1.6327,-2.9777,1,89.2456
173692,615787437,G,101.584,31.5307,-30.9068,-91.4871,44.1522,-1.4754,-0.7754,1,G,190.236,-32.768,28.1908,-185.26,43.2257,-2.1618,2.4311,-1,92.5261
173692,617238322,G,59.1207,15.9391,-25.6391,-50.8314,30.1897,-1.2925,-1.0146,1,G,46.4189,-17.4224,39.6739,16.6476,43.3308,0.3753,1.9846,-1,98.8478
173692,616432571,G,77.4571,-26.46,-32.6764,65.0517,42.0461,1.2206,-2.2515,1,G,53.3984,18.7746,40.8404,28.8263,44.9491,0.6039,1.1399,-1,90.4675
173692,616844398,G,37.6457,-37.4819,-1.7076,3.0619,37.5208,0.0815,-3.0961,-1,G,58.1052,51.6495,15.4582,21.6699,53.9131,0.3918,0.2908,1,90.3702
173692,617745214,G,57.0611,-31.0906,-24.4896,-41.1046,39.5774,-0.9084,-2.4744,-1,G,42.3279,22.2445,31.1883,18.0031,38.3083,0.4542,0.9512,1,96.0279
173692,616750476,G,65.9781,-6.8223,29.4854,-58.6274,30.2644,-1.4152,1.7982,1,G,37.4798,1.2429,-32.725,18.228,32.7486,0.5313,-1.5328,-1,95.0253
173692,616280439,G,224.601,42.8579,-7.1564,220.358,43.4513,2.3263,-0.1655,1,G,239.139,-41.2853,15.4183,235.043,44.0704,2.3758,2.7842,-1,87.1438
173692,616598528,G,86.3342,-19.8355,3.9863,83.93,20.2321,2.1301,2.9433,-1,G,26.7613,20.396,-5.7945,-16.3274,21.2032,-0.7091,-0.2768,1,90.6471
173692,617240407,G,45.7702,-23.7582,-17.1833,35.1451,29.321,1.0151,-2.5154,1,G,45.7442,23.0199,24.1612,-31.2864,33.3718,-0.8365,0.8096,-1,91.1633
173692,617644503,G,136.212,39.5348,23.417,128.228,45.9495,1.7501,0.5347,1,G,82.1441,8.103,-51.7602,63.2682,52.3906,1.0209,-1.4155,-1,89.0844
173692,617018042,G,95.9617,45.9135,-11.3337,-83.4993,47.2916,-1.3336,-0.242,-1,G,60.8316,-30.3573,1.2419,-52.7007,30.3827,-1.3182,3.1007,1,75.4311
173692,749408630,G,47.9974,36.8198,-12.9596,-27.9301,39.0339,-0.6653,-0.3384,-1,G,41.9511,-36.8463,16.3288,-11.6451,40.3023,-0.2851,2.7244,1,80.7043
173692,749330688,G,100.259,34.3251,11.1435,-93.5389,36.0887,-1.6808,0.3139,1,G,34.9743,-33.8193,-6.6602,-5.9237,34.4688,-0.171,-2.9472,-1,91.5148
173692,748904171,G,39.4901,20.1569,-33.8784,-2.3254,39.4214,-0.059,-1.0341,1,G,58.9276,-20.6597,33.5279,43.835,39.382,0.9591,2.123,-1,89.2335
173692,748458086,G,186.882,13.5337,39.6331,-182.129,41.8801,-2.176,1.2417,-1,G,54.2416,-23.9642,-25.8743,-41.2113,35.267,-0.9957,-2.3179,1,89.2279
173692,748469690,G,69.2794,-23.9349,25.9227,59.6218,35.2826,1.2956,2.3163,-1,G,46.6031,28.4306,-34.3811,13.4714,44.6134,0.2975,-0.8799,1,89.4113
173692,748951007,G,96.1674,-21.3203,-28.2587,-89.4151,35.3993,-1.6568,-2.2172,1,G,27.2514,17.4286,19.147,8.5008,25.8914,0.3227,0.8323,-1,92.6655
173692,749086772,G,53.5477,-13.211,-32.2015,-40.6925,34.8061,-0.9961,-1.9601,-1,G,39.617,15.8737,33.65,13.6088,37.2061,0.3581,1.13,1,89.0895
173692,749314914,G,177.802,19.3065,-33.7472,-173.5,38.8795,-2.2012,-1.0512,-1,G,144.337,-26.846,40.0111,-136.057,48.183,-1.7612,2.1618,1,88.6137
173692,750204145,G,130.109,-1.0644,-30.6201,-126.45,30.6385,-2.1251,-1.6055,1,G,38.1864,-16.222,30.7681,-15.7594,34.7826,-0.4389,2.056,-1,88.3231
173692,750794873,G,93.5773,13.1923,-44.6481,81.1739,46.5563,1.3227,-1.2835,-1,G,82.464,-25.1695,39.7277,67.7385,47.0297,1.1612,2.1355,1,92.9944
173692,750451082,G,81.2684,17.3164,-19.4762,-76.9764,26.0611,-1.8037,-0.844,-1,G,120.087,-68.5622,36.2739,-91.6744,77.5666,-1.0043,2.655,1,95.8772
173692,750592602,G,22.8441,-19.5948,-4.6621,-10.7774,20.1418,-0.5124,-2.908,-1,G,53.1163,40.9183,19.976,-27.3493,45.5341,-0.5694,0.4542,1,60.2258
173692,750712469,G,77.0503,15.8339,-31.1649,-68.6642,34.9566,-1.4275,-1.1007,1,G,207.234,-47.4532,36.3019,-198.434,59.7464,-1.9154,2.4886,-1,91.9218
173692,751032549,G,152.397,-16.573,-35.4127,147.296,39.0988,2.0367,-2.0085,-1,G,60.2422,-14.0938,41.6936,41.1353,44.0113,0.8344,1.8968,1,93.4299
173692,751040061,G,151.363,26.4731,-35.7855,144.669,44.5132,1.8947,-0.9339,1,G,97.96,-19.0896,40.6285,87.0693,44.8897,1.4163,2.01,-1,91.5479
173692,749769159,G,91.3751,12.6532,27.2336,-86.2996,30.0295,-1.7778,1.1359,1,G,29.848,-10.6848,-26.8406,7.504,28.8892,0.2569,-1.9497,-1,92.0992
173692,749823288,G,89.3431,19.0091,-24.5146,-83.7847,31.0212,-1.7194,-0.9112,-1,G,350.19,-54.1748,39.9621,-343.658,67.3192,-2.3328,2.506,1,94.9024
173692,750051800,G,119.873,19.4416,-26.0107,115.39,32.4735,1.9803,-0.9289,-1,G,117.455,-44.327,38.7258,101.642,58.8606,1.3143,2.4235,1,91.872
173692,750886184,G,88.6504,26.3361,-33.226,-77.8545,42.3976,-1.3679,-0.9006,1,G,112.204,-41.9724,29.5608,-99.7711,51.3373,-1.4181,2.528,-1,92.3786
173692,749900276,G,45.9399,28.5387,31.0557,-18.2086,42.1772,-0.4193,0.8276,1,G,47.8548,-41.9583,-21.1393,9.0941,46.9826,0.1924,-2.6749,-1,91.8474
173692,750581635,G,44.493,8.4413,-40.0898,-17.3543,40.9689,-0.4119,-1.3633,1,G,42.4014,-9.74,35.1789,-21.5743,36.5023,-0.5611,1.8409,-1,77.5204
173692,750471911,G,125.092,6.6047,47.2107,115.653,47.6705,1.6194,1.4318,1,G,47.4374,1.8028,-36.747,29.9451,36.7912,0.7435,-1.5218,-1,91.5836
173692,750729951,G,58.8077,-30.7696,20.7328,45.6259,37.1028,1.0349,2.5487,-1,G,37.8477,28.9572,-20.7692,-12.7498,35.6354,-0.3506,-0.6222,1,90.8744
173692,750233622,G,56.5386,-36.2039,-19.1037,38.9991,40.935,0.8475,-2.6561,1,G,86.1065,49.4839,30.3595,63.5922,58.0548,0.9472,0.5503,-1,97.5685
173692,750696110,G,86.059,37.4694,-46.1985,-62.1923,59.4832,-0.9132,-0.8894,-1,G,54.9675,-24.2912,26.4563,-41.6102,35.9165,-0.9891,2.3136,1,92.4666
173692,750541622,G,84.8646,-39.8621,21.4104,71.7955,45.2482,1.2419,2.6487,1,G,42.8616,34.1003,-18.5227,18.1985,38.8062,0.4533,-0.4976,-1,90.4076
173692,750943155,G,141.465,-23.473,37.0807,134.486,43.8858,1.8386,2.1351,1,G,133.81,26.7064,-36.6787,125.883,45.3714,1.7446,-0.9414,-1,89.2966
173692,751067809,G,119.668,40.9864,15.7328,-111.324,43.9022,-1.6604,0.3665,1,G,86.9249,-38.1835,-23.3005,-74.5321,44.7314,-1.2836,-2.5937,-1,89.8501
173692,750131852,G,95.0507,31.4594,-11.4888,-88.9547,33.4915,-1.7037,-0.3501,1,G,74.1606,-41.8989,20.138,-57.7817,46.4872,-1.0432,2.6936,-1,83.1691
173692,752571800,G,67.9624,36.8458,14.8501,-55.1429,39.7258,-1.131,0.3831,1,G,31.0748,-23.5345,-13.0828,15.5114,26.9264,0.5482,-2.6342,-1,89.763
173692,751681495,G,157.414,31.2727,-14.2014,-153.621,34.3462,-2.2034,-0.4263,-1,G,44.6154,-30.6388,19.4261,-25.9695,36.2782,-0.6656,2.5765,1,92.3869
173692,751726031,G,46.6234,-2.9967,-26.6102,-38.166,26.7784,-1.1526,-1.6829,-1,G,44.0305,12.5792,29.0817,30.5728,31.6857,0.8563,1.1625,1,89.7916
173692,751819135,G,51.2878,30.5376,9.9077,39.9964,32.1047,1.045,0.3137,-1,G,39.2818,-38.986,-1.077,4.688,39.0009,0.1199,-3.114,1,77.8254
173692,751466653,G,38.1418,17.119,-33.7527,4.7418,37.8458,0.125,-1.1014,-1,G,50.8456,-31.1474,36.2934,17.2596,47.8265,0.3535,2.28,1,85.038
173692,752276581,G,104.241,-8.9234,31.05,-99.1085,32.3068,-1.8397,1.8506,-1,G,27.4125,9.3275,-23.659,-10.2316,25.4313,-0.3922,-1.1953,1,72.9566
173692,752057861,G,37.7384,-35.1163,-12.7508,-5.333,37.3595,-0.1423,-2.7933,-1,G,42.9505,40.9222,13.0342,0.4599,42.9479,0.0107,0.3084,1,80.3315
173692,751461731,G,73.525,3.6687,47.8639,-55.6912,48.0043,-0.9902,1.4943,1,G,71.6624,-3.0168,-51.7025,-49.5302,51.7904,-0.8502,-1.6291,-1,99.9634
173692,752142407,G,142.369,43.2932,23.8043,133.522,49.4059,1.7199,0.5027,1,G,108.261,-31.2087,-27.7387,99.8853,41.7542,1.6064,-2.415,-1,90.4174
173692,752577780,G,121.936,-13.2752,-39.8427,114.476,41.9961,1.728,-1.8924,-1,G,199.135,24.8529,26.2782,195.823,36.1692,2.3906,0.8133,1,80.5196
173692,752798064,G,78.1791,53.9201,3.4577,56.5033,54.0309,0.9134,0.064,1,G,38.9151,-35.4853,8.1331,13.7483,36.4054,0.3692,2.9163,-1,91.1129
173692,753712504,G,113.012,-33.2172,33.415,-102.722,47.1163,-1.5214,2.3532,1,G,28.8045,-8.3783,19.9972,18.9632,21.6815,0.7899,1.9675,-1,92.2679
173692,752744457,G,83.8902,-15.5924,33.2666,-75.4173,36.7394,-1.467,2.0091,-1,G,38.5857,17.6904,-34.1602,-2.9949,38.4691,-0.0778,-1.093,1,94.0567
173692,752903631,G,64.5114,24.9055,11.1101,58.4636,27.2712,1.5062,0.4196,-1,G,35.243,-29.8409,-11.9796,-14.4246,32.1557,-0.4348,-2.7598,1,89.3666
173692,753234751,G,62.253,2.8539,41.7032,-46.1316,41.8008,-0.9528,1.5025,1,G,42.4607,10.9362,-40.7533,-4.74,42.1952,-0.1121,-1.3086,-1,90.4764
173692,753995388,G,232.968,22.1433,81.4097,217.155,84.3674,1.6743,1.3052,1,G,59.6845,-4.1048,-26.3642,53.3883,26.6818,1.4441,-1.7252,-1,95.3756
173692,753389652,G,119.111,-25.054,-3.4261,116.396,25.2872,2.2314,-3.0057,1,G,25.5964,16.0373,-19.6334,-3.5358,25.3508,-0.139,-0.8859,-1,87.1195
173692,753481884,G,219.525,49.7035,-7.9802,-213.675,50.34,-2.1524,-0.1592,1,G,28.7616,-23.8826,2.3461,-15.8536,23.9976,-0.6201,3.0437,-1,90.9082
173692,753252192,G,56.7206,43.435,7.027,35.7944,43.9997,0.7432,0.1604,-1,G,49.2508,-23.9632,40.5198,-14.4756,47.0754,-0.3028,2.1049,1,90.1975
173692,753936608,G,37.7444,-3.8577,-34.581,14.6253,34.7955,0.4088,-1.6819,-1,G,48.2417,5.7259,32.7134,-34.9899,33.2108,-0.9188,1.3975,1,83.4979
173692,753115191,G,84.548,-45.1672,6.4737,71.1785,45.6287,1.2276,2.9992,1,G,129.259,47.9538,-19.7421,118.4,51.8586,1.5635,-0.3905,-1,97.9266
173692,753729479,G,47.9665,-22.0868,16.3238,39.3253,27.4644,1.1564,2.5051,-1,G,35.3829,22.2939,-13.716,-23.8074,26.1753,-0.8159,-0.5515,1,81.8503
173692,753887991,G,64.6816,46.2458,-22.2437,39.3731,51.3172,0.7069,-0.4483,1,G,41.3755,-27.0568,27.9542,14.086,38.9038,0.3546,2.3399,-1,89.3835
173692,754663576,G,162.243,37.3586,-15.9017,157.08,40.6021,2.0624,-0.4024,1,G,31.215,15.0983,26.7543,5.5331,30.7205,0.1792,1.057,-1,90.074
173692,754107420,G,62.4111,-47.8489,-7.9141,-39.2808,48.499,-0.7404,-2.9777,-1,G,43.5259,40.3647,-13.9626,-8.3804,42.7114,-0.195,-0.333,1,91.7413
173692,755383836,G,125.677,-16.2515,47.6485,-115.153,50.3437,-1.5652,1.8995,1,G,22.3987,20.9436,0.8386,7.8965,20.9604,0.3683,0.04,-1,89.7186
173692,754147810,G,83.2428,11.1889,-35.5663,-74.4257,37.2848,-1.4419,-1.266,1,G,46.3331,-16.4411,40.4795,-15.4222,43.691,-0.346,1.9566,-1,93.0888
173692,755022042,G,51.1912,18.3493,11.4172,-46.4057,21.6113,-1.5076,0.5566,-1,G,49.0468,18.4281,-13.7683,43.3177,23.0035,1.3901,-0.6417,1,93.1667
173692,754980230,G,49.1209,18.1686,-36.0837,-27.9414,40.3997,-0.6458,-1.1043,1,G,50.5452,-26.0647,42.272,-9.4085,49.6617,-0.1883,2.1233,-1,91.8569
173692,755328590,G,199.795,-25.6397,-44.2589,193.137,51.1493,2.0389,-2.0959,1,G,200.542,46.2851,5.1632,195.06,46.5721,2.1394,0.1111,-1,87.2863
173692,754042341,G,176.297,11.6691,38.5371,-171.637,40.265,-2.1565,1.2768,-1,G,65.7231,-20.4916,-36.9846,-50.3165,42.282,-1.0096,-2.0768,1,96.0729
173692,754210973,G,61.1919,37.9513,-11.3022,46.6518,39.5985,1.0019,-0.2894,-1,G,34.7983,-29.3432,6.4245,-17.5674,30.0383,-0.5558,2.9261,1,90.9413
173692,755835008,G,64.5662,6.1704,36.9194,52.6086,37.4315,1.1412,1.4052,-1,G,74.6453,-6.8328,-55.4652,49.4856,55.8845,0.798,-1.6934,1,92.802
173692,756052888,G,49.746,-6.0807,-47.908,11.9374,48.2924,0.2447,-1.697,1,G,48.2512,5.8277,42.9023,21.2979,43.2963,0.474,1.4358,-1,92.053
173692,755929790,G,81.8037,37.2249,21.3682,69.6387,42.9219,1.2608,0.5211,1,G,44.8257,-27.5103,-30.9942,17.0841,41.4423,0.4014,-2.2967,-1,91.2531
173692,756642342,G,63.48,-24.8897,16.1897,-56.1079,29.6918,-1.3932,2.5649,-1,G,71.0603,45.5887,-37.7906,-39.2824,59.2153,-0.6224,-0.6921,1,90.0375
173692,755717067,G,172.11,-92.2528,21.4119,-143.711,94.705,-1.2044,2.9135,1,G,44.1189,10.855,32.7104,-27.5438,34.4645,-0.732,1.2504,-1,88.7241
173692,756763985,G,67.6641,15.7626,22.76,-61.7409,27.6854,-1.542,0.9651,-1,G,35.0957,-19.993,-19.8406,20.9362,28.1668,0.6878,-2.36,1,94.1707
173692,756097771,G,63.2464,37.7315,-21.5397,45.9617,43.4468,0.9217,-0.5187,1,G,82.4982,-42.2041,19.0198,68.2861,46.2919,1.1809,2.7182,-1,90.3469
173692,755932358,G,195.563,52.7898,-10.9241,-187.986,53.9082,-1.9622,-0.2041,-1,G,66.9857,-23.1835,-12.3508,-61.6202,26.2681,-1.5884,-2.6521,1,72.1818
173692,756316518,G,83.8308,-38.7797,-21.8949,-71.0236,44.5337,-1.2462,-2.6276,1,G,87.5175,44.6311,20.5288,-72.4289,49.126,-1.1804,0.4311,-1,93.5177
173692,755810309,G,83.5994,-30.8319,21.2215,74.7521,37.4294,1.4424,2.5388,-1,G,26.8786,13.5907,18.3328,-14.2004,22.821,-0.5878,0.9329,1,81.7134
173692,756013074,G,68.1239,-4.7684,38.7413,55.8322,39.0337,1.1555,1.6933,1,G,50.1521,2.3502,-46.5557,18.5003,46.615,0.3871,-1.5204,-1,91.6351
163340,4107955,G,72.0149,-27.1311,3.6077,66.611,27.3699,1.6223,3.0094,1,G,199.231,79.0457,-0.1344,182.879,79.0458,1.5757,-0.0017,-1,92.8541
163340,4528549,G,68.6758,-37.1464,7.2116,-57.3105,37.84,-1.2028,2.9498,-1,G,40.2973,37.0434,-7.1953,-14.1377,37.7358,-0.3664,-0.1918,1,82.2818
163340,5149978,G,93.3988,4.8846,29.5173,88.4771,29.9187,1.8048,1.4068,-1,G,29.6222,-0.8714,-28.3675,-8.4849,28.3808,-0.2947,-1.6015,1,93.3702
163340,5076107,G,93.668,22.242,-22.8145,88.0822,31.8623,1.7412,-0.7981,1,G,29.408,-23.6967,17.342,-1.5934,29.3646,-0.0542,2.5098,-1,87.3803
163340,4928924,G,57.1975,24.547,-40.2426,32.3964,47.1383,0.6422,-1.0231,1,G,58.6966,-24.6051,37.6509,37.7131,44.9778,0.7624,2.1496,-1,92.2464
163340,4985071,G,183.51,-41.9569,-13.6499,178.127,44.1214,2.1037,-2.8271,-1,G,155.108,46.3906,15.9159,147.15,49.0449,1.8186,0.3305,1,93.9807
163340,4841458,G,56.9672,-22.5098,29.352,43.3245,36.9896,0.9974,2.225,-1,G,38.9615,14.1089,-34.0748,-12.5632,36.8803,-0.3344,-1.1782,1,90.3503
163340,5309480,G,54.1101,-28.6866,-44.0864,-12.7028,52.5978,-0.2392,-2.1477,1,G,51.2545,33.5411,27.9318,-26.8667,43.6485,-0.5821,0.6944,-1,96.1843
163340,5778313,G,225.343,-64.8032,55.4054,-208.591,85.2597,-1.6272,2.4342,-1,G,86.3556,32.0027,14.8031,-78.8287,35.2606,-1.5443,0.4332,1,92.4162
163340,6081795,G,77.774,-23.6445,-37.9075,-63.6612,44.6771,-1.1524,-2.1285,-1,G,47.6617,13.188,31.8878,-32.8766,34.5073,-0.8476,1.1786,1,79.1771
163340,6713877,G,37.9653,0.3086,-37.9583,-0.6507,37.9596,-0.0171,-1.5627,1,G,55.5379,-10.0863,49.4875,23.1021,50.5049,0.4428,1.7719,-1,89.5001
163340,6694274,G,39.4613,19.2912,10.5602,32.7645,21.9925,1.1891,0.5009,-1,G,72.0163,-46.4839,-21.2306,50.743,51.1027,0.8764,-2.7132,1,67.8267
163340,6346199,G,96.6863,9.1262,45.9067,84.6021,46.805,1.3541,1.3746,-1,G,126.646,-18.5955,-50.1213,114.81,53.4596,1.5078,-1.9261,1,100.024
163340,6978920,G,54.5849,29.227,-36.3441,-28.3617,46.6381,-0.5758,-0.8935,-1,G,25.0561,-12.8893,19.3839,-9.2698,23.2781,-0.3884,2.1576,1,66.121
163340,7093992,G,74.969,-34.9713,-36.0543,55.6545,50.2286,0.9557,-2.3409,1,G,65.8064,13.4074,42.0141,48.8419,44.1015,0.9554,1.2619,-1,91.6389
163340,7599069,G,82.9801,-5.6498,-25.206,-78.857,25.8314,-1.835,-1.7913,1,G,28.0887,8.5061,20.1912,17.5763,21.9098,0.7344,1.1721,-1,92.4535
163340,7390027,G,40.1799,34.5682,-9.3045,-18.2449,35.7985,-0.4898,-0.2629,-1,G,50.5194,-34.6477,11.6718,34.8641,36.5609,0.8482,2.8167,1,89.1322
163340,7655113,G,174.899,42.6885,-25.2808,167.714,49.6128,1.9324,-0.5347,-1,G,124.381,-33.9135,20.8721,117.834,39.8217,1.8054,2.5899,1,89.0731
163340,56786595,G,51.2447,-28.1789,-42.801,0.1764,51.2443,0.0034,-2.153,-1,G,38.1181,8.0429,37.2555,0.5592,38.1138,0.0147,1.3582,1,86.8847
163340,56592642,G,92.7889,-6.532,-32.0407,-86.836,32.6997,-1.7035,-1.7719,-1,G,47.2005,-16.392,42.1601,-13.4796,45.2346,-0.2938,1.9416,1,94.3709
163340,56739800,G,42.3397,-38.1228,-3.7906,18.0256,38.3108,0.4547,-3.0425,-1,G,78.0308,50.6135,6.2304,59.0614,50.9955,0.9889,0.1225,1,91.568
163340,56804120,G,73.2369,39.223,4.6974,61.6695,39.5033,1.2282,0.1192,-1,G,169.044,-44.6006,-5.7635,162.952,44.9714,1.9991,-3.0131,1,90.637
163340,57851078,G,62.9482,-13.1811,37.6341,48.7073,39.8756,1.0296,1.9077,1,G,38.5608,13.4945,-35.9665,-3.3514,38.4147,-0.0871,-1.2119,-1,90.7968
163340,58108827,G,69.4409,-15.2637,16.1318,-65.7937,22.2085,-1.8065,2.3285,-1,G,41.5616,33.9541,-23.0656,6.5156,41.0476,0.1581,-0.5967,1,91.7074
163340,58410237,G,45.739,23.0854,31.5127,-23.792,39.0639,-0.5766,0.9385,-1,G,46.2503,-21.9988,-23.8603,32.9518,32.454,0.8922,-2.3156,1,91.2052
163340,58489680,G,136.06,-0.8318,-64.8209,119.624,64.8263,1.3722,-1.5836,1,G,53.4835,18.1245,28.9235,41.1753,34.1331,1.02,1.011,-1,92.1015
163340,58485054,G,175.342,17.8681,-39.7635,169.837,43.5936,2.0692,-1.1485,-1,G,161.665,-16.331,45.5732,154.246,48.4109,1.8757,1.9149,1,92.2386
163340,58990146,G,84.1219,-22.5561,31.4685,74.6823,38.7175,1.4114,2.1927,-1,G,35.0312,12.9947,-32.5028,1.3709,35.0042,0.0392,-1.1905,1,91.2189
163340,58664303,G,127.825,27.2435,-20.0507,-123.268,33.8266,-2.0046,-0.6345,-1,G,54.29,-31.3167,26.8775,-35.2739,41.2691,-0.7748,2.4323,1,89.259
163340,59125732,G,44.2491,-20.9518,-14.7996,-36.0551,25.6516,-1.1412,-2.5266,-1,G,48.1221,22.4402,11.5849,40.9628,25.2542,1.2606,0.4766,1,92.1727
163340,59213153,G,128.117,-28.3444,-10.242,-124.522,30.1381,-2.1262,-2.7948,-1,G,117.639,60.7314,10.5867,-100.193,61.6472,-1.2623,0.1726,1,94.0771
163340,59059248,G,39.2982,-19.856,27.4716,-19.8844,33.8962,-0.5573,2.1966,1,G,53.3799,19.4738,-31.9643,38.0587,37.4292,0.8932,-1.0236,-1,90.7668
163340,59585354,G,77.0991,6.476,43.6696,63.2084,44.1471,1.1563,1.4236,1,G,54.0348,-8.9313,-42.2017,32.5422,43.1364,0.6967,-1.7793,-1,89.5531
163340,59692702,G,103.56,44.0852,13.1192,-92.7853,45.9959,-1.4513,0.2892,-1,G,84.3485,-46.7547,-8.9463,-69.632,47.6029,-1.1739,-2.9525,1,94.3706
163340,60384660,G,95.4278,10.5981,-36.6677,-87.4621,38.1686,-1.5669,-1.2894,-1,G,72.9989,1.6873,42.628,-59.2354,42.6614,-1.1313,1.5312,1,81.6146
163340,60176779,G,66.4931,-9.1499,-42.8724,-49.9956,43.8379,-0.9773,-1.7811,-1,G,39.576,8.6163,38.6162,-0.8933,39.5658,-0.0226,1.3513,1,92.9654
165548,248773975,G,54.6254,-52.0692,5.4157,15.601,52.3501,0.2938,3.038,-1,G,35.4373,35.1904,3.3142,2.5377,35.3461,0.0717,0.0939,1,86.1462
165548,247769003,G,154.695,-6.5676,-40.7835,-149.077,41.3089,-1.9952,-1.7305,-1,G,57.0123,4.5912,40.4335,-39.9305,40.6933,-0.8681,1.4577,1,95.3516
165548,247920211,G,41.1746,-20.5126,-35.151,6.2428,40.6984,0.1528,-2.099,-1,G,64.7593,40.7873,36.2936,34.8271,54.597,0.601,0.7272,1,95.5138
165548,248795107,G,44.1702,15.841,-30.652,27.5773,34.5034,0.7321,-1.0938,1,G,48.046,-18.9593,39.4195,19.876,43.7419,0.4401,2.0191,-1,78.5202
165548,247685010,G,421.003,5.5296,-80.9699,413.106,81.1585,2.33,-1.5026,-1,G,62.9036,-36.3733,-0.8962,51.3131,36.3843,1.144,-3.117,1,104.052
165548,248691917,G,46.9163,24.1527,-26.3757,-30.3661,35.7635,-0.7705,-0.8294,-1,G,55.7869,11.831,54.5176,0.132,55.7866,0.0024,1.3571,1,86.8737
165548,247605836,G,42.4668,-21.2859,-25.1125,26.8271,32.92,0.7443,-2.2739,1,G,46.3664,27.2225,37.2011,4.9845,46.0976,0.1079,0.9391,-1,81.8412
165548,247638270,G,49.2004,-26.6246,6.1653,40.9119,27.3291,1.1931,2.914,1,G,31.3393,8.3579,-24.9147,-17.0745,26.2792,-0.611,-1.2471,-1,72.3409
165548,248229504,G,115.354,-9.1203,30.0863,-110.987,31.4383,-1.974,1.8651,1,G,26.9779,6.3116,-26.1226,2.3594,26.8743,0.0877,-1.3337,-1,91.841
165548,249390688,G,49.4113,-11.8595,18.0795,-44.4291,21.6221,-1.4679,2.1513,-1,G,41.8329,9.4893,-18.4276,36.3367,20.7274,1.3274,-1.0953,1,90.853
165548,250151052,G,129.785,-38.8781,18.3081,-122.464,42.9732,-1.7698,2.7015,-1,G,67.3164,38.4721,-11.3764,-54.0552,40.1189,-1.107,-0.2875,1,87.4169
165548,249327727,G,150.101,3.1057,-31.5697,-146.71,31.7221,-2.2361,-1.4727,-1,G,31.718,-0.2906,29.6103,-11.3651,29.6118,-0.375,1.5806,1,89.7689
165548,249615030,G,172.068,43.1007,12.6062,-166.105,44.9064,-2.019,0.2845,1,G,78.8918,-36.0214,-14.95,-68.5774,39.0006,-1.33,-2.7482,-1,88.5974
165548,249555875,G,46.1626,-38.7122,-6.4797,24.2972,39.2507,0.5851,-2.9758,-1,G,40.4624,36.2583,8.525,15.8065,37.2471,0.4126,0.2309,1,76.7161
165548,250790573,G,155.069,-2.4672,57.2626,144.087,57.3157,1.6524,1.6139,-1,G,36.8489,-18.8624,-24.8121,19.6571,31.1678,0.595,-2.2208,1,92.261
165548,251682764,G,119.008,-37.5554,5.9986,112.767,38.0315,1.8074,2.9832,1,G,40.7187,35.7825,-2.9239,19.2111,35.9018,0.5124,-0.0815,-1,89.8982
165548,251659762,G,49.0511,-46.2817,4.3031,-15.6681,46.4813,-0.331,3.0489,-1,G,51.1414,45.0215,-12.1424,-21.0014,46.6302,-0.4364,-0.2634,1,92.9024
165548,250382245,G,75.9819,41.5768,-15.4701,-61.6869,44.3617,-1.1325,-0.3562,1,G,52.3376,-40.0899,13.7927,-30.6884,42.3962,-0.6721,2.8102,-1,89.0374
165548,250967759,G,74.5675,64.2147,-37.1465,7.5438,74.1848,0.1015,-0.5244,-1,G,48.8261,20.0254,39.3568,-20.8326,44.1585,-0.4558,1.1001,1,89.1521
165548,252759723,G,36.9102,18.2319,-32.038,1.875,36.8624,0.0508,-1.0534,1,G,48.4615,-21.2204,41.5527,-13.0986,46.6576,-0.2772,2.043,-1,84.041
165548,252008426,G,53.7753,19.3494,9.7755,-49.2119,21.6785,-1.5583,0.4678,-1,G,41.191,-31.928,-18.3643,18.4403,36.8326,0.4818,-2.6196,1,88.5422
165548,252705135,G,88.3838,-17.8438,44.8646,-74.0301,48.2828,-1.2131,1.9493,1,G,54.4987,0.489,-41.5103,-35.3094,41.5132,-0.7717,-1.559,-1,90.2654
165548,252179318,G,58.5759,-23.4877,-30.5356,44.1251,38.524,0.9805,-2.2265,-1,G,60.3919,13.8914,50.443,30.1613,52.3208,0.5485,1.3021,1,90.2578
165548,254284032,G,200.523,-40.2795,26.9458,194.579,48.4615,2.0984,2.552,-1,G,72.8108,30.669,-19.8775,62.9738,36.5473,1.3125,-0.5751,1,90.7506
165548,253156415,G,41.8144,-32.8702,-25.6276,-3.3483,41.68,-0.0802,-2.4794,1,G,60.2982,43.733,18.8268,-36.9978,47.6133,-0.7146,0.4065,-1,92.9243
165548,254087056,G,75.0333,21.2266,30.3059,65.2761,37.0002,1.3329,0.9598,-1,G,42.5312,-34.3298,-21.7917,-12.4693,40.6622,-0.302,-2.576,1,103.869
165548,253201011,G,32.7237,5.6376,-32.2245,-0.7947,32.7139,-0.0243,-1.3976,-1,G,55.342,-10.541,38.6321,38.1991,40.0444,0.8484,1.8372,1,79.3182
165548,253880973,G,57.1867,-4.0707,-30.6319,48.1188,30.9012,1.2261,-1.7029,1,G,27.982,7.7857,22.8912,-14.084,24.179,-0.5537,1.2429,-1,77.5991
165548,773661638,G,34.953,24.7256,-22.3621,-10.5016,33.338,-0.31,-0.7352,-1,G,61.1189,-41.3953,39.6257,-21.2541,57.3042,-0.3629,2.378,1,87.4384
165548,775455264,G,275.242,-68.6452,-77.3813,255.065,103.441,1.6345,-2.2964,-1,G,45.0962,18.2489,-26.5485,31.5564,32.2156,0.8668,-0.9686,1,84.4012
165548,775598840,G,100.978,-40.2011,-62.4725,-68.3923,74.2896,-0.8241,-2.1426,-1,G,32.239,26.3228,-14.6094,-11.5333,30.1052,-0.3743,-0.5067,1,72.2794
165548,774915710,G,72.9255,-16.9829,-70.9045,1.4995,72.91,0.0206,-1.8059,-1,G,34.5131,26.7841,6.7861,-20.681,27.6305,-0.6919,0.2481,1,83.4739
165548,774962495,G,69.5294,-11.1841,25.5567,63.6874,27.8968,1.5635,1.9833,-1,G,36.4785,8.1981,-34.6043,-8.1241,35.5621,-0.2265,-1.3382,1,89.7753
165548,774753916,G,210.232,-33.9414,-49.8655,201.392,60.3207,1.9204,-2.1684,-1,G,195.074,32.0254,37.7259,188.693,49.486,2.0484,0.8669,1,109.341
165548,775911950,G,106.725,-32.5652,5.3811,101.492,33.0068,1.8419,2.9778,-1,G,27.9697,24.6527,-12.9516,2.6055,27.8478,0.0934,-0.4837,1,84.7718
165548,776013442,G,146.882,32.9369,24.7031,-140.994,41.1713,-1.9448,0.6435,-1,G,109.589,-41.2327,-27.6253,-97.7063,49.6315,-1.4295,-2.5513,1,93.3943
165548,776189036,G,140.082,43.2982,12.2003,132.662,44.9843,1.8022,0.2747,-1,G,198.332,-40.6338,-10.6394,193.833,42.0036,2.2339,-2.8855,1,88.9666
166033,1121334069,G,51.1326,19.992,-17.6934,-43.6095,26.6971,-1.2666,-0.7245,1,G,40.2089,-11.4688,22.5502,31.2522,25.2991,1.0384,2.0413,-1,89.9684
166033,1120481443,G,145.937,-31.1628,-28.7988,139.632,42.4322,1.9066,-2.3956,1,G,74.7019,32.6447,28.2324,60.9722,43.1596,1.1454,0.713,-1,91.8527
166033,1121085896,G,255.711,8.7607,-80.8879,242.422,81.3609,1.812,-1.4629,-1,G,33.7949,-26.2827,2.2007,21.1296,26.3747,0.7336,3.0581,1,88.631
166033,1121352774,G,123.988,-20.5961,-27.9644,-119.025,34.7305,-1.9455,-2.2056,-1,G,37.2864,14.7052,30.2937,-16.0098,33.6742,-0.4591,1.1189,1,87.9493
166033,1120794736,G,41.8124,5.7409,-36.3443,-19.8595,36.7949,-0.5165,-1.4141,1,G,48.8833,-4.3901,48.6659,-1.3886,48.8635,-0.0284,1.6608,-1,87.296
166033,1120918737,G,144.718,8.0713,-32.8069,-140.719,33.7852,-2.134,-1.3296,-1,G,36.1882,-3.1221,32.7183,-15.144,32.8669,-0.4458,1.6659,1,91.7021
166033,1121514316,G,68.0724,7.9833,21.6846,64.0303,23.1074,1.7434,1.218,-1,G,35.8927,-5.506,-26.9876,-23.0138,27.5435,-0.7602,-1.772,1,95.3527
166033,1120390814,G,121.37,19.8441,-11.7359,119.161,23.0547,2.345,-0.5341,-1,G,25.2588,-21.5219,11.4128,-6.6749,24.3607,-0.2707,2.654,1,94.0435
166033,1120810631,G,159.368,-54.6251,-21.2278,148.201,58.6047,1.6579,-2.7709,-1,G,68.6857,29.0409,16.4935,60.0192,33.3978,1.349,0.5165,1,89.307
166033,1120890143,G,30.4935,-5.6986,-19.4447,22.7875,20.2625,0.9668,-1.8559,-1,G,77.5815,42.5232,63.6309,-12.7185,76.5318,-0.1654,0.9817,1,90.9414
166033,1120913927,G,40.3401,31.665,-21.8474,-12.138,38.4706,-0.3105,-0.604,1,G,52.9679,-31.8553,19.9941,37.2969,37.6101,0.8755,2.5811,-1,89.8328
166033,1120424906,G,120.491,-35.5244,-2.0771,115.117,35.5851,1.8902,-3.0832,-1,G,122.759,39.5913,-2.0822,116.181,39.646,1.7962,-0.0525,1,75.0893
166033,1122775705,G,36.0117,-24.8988,-0.4324,-26.0134,24.9025,-0.9126,-3.1242,-1,G,52.246,33.4465,4.9143,39.8349,33.8056,1.002,0.1459,1,86.6328
166033,1122744575,G,175.702,-41.7293,8.4769,170.464,42.5816,2.0955,2.9412,1,G,101.372,42.8551,-4.0184,91.7794,43.0431,1.5013,-0.0935,-1,89.3137
166033,1122163611,G,119.6,27.6137,18.7033,114.856,33.3516,1.9502,0.5953,1,G,36.5077,-30.8065,-17.492,8.8198,35.4261,0.2465,-2.6252,-1,95.1962
166033,1122772731,G,63.0257,32.1795,-38.9325,-37.6958,50.51,-0.6902,-0.8801,-1,G,40.8263,-38.1119,9.9238,-10.7599,39.3827,-0.2699,2.8869,1,86.9516
166033,1121889556,G,69.6544,17.0354,38.8765,-55.228,42.4451,-1.0792,1.1578,-1,G,45.4568,-16.6759,-37.1099,-20.2751,40.6845,-0.4797,-1.9931,1,86.8712
166033,1121834673,G,179.12,0.9745,43.3142,-173.802,43.3252,-2.0975,1.5483,-1,G,99.1238,-4.4142,-45.1174,-88.1502,45.3328,-1.4185,-1.6683,1,93.7335
166033,1121985201,G,113.869,-5.4818,-42.3986,105.539,42.7515,1.6355,-1.6994,-1,G,21.9322,6.5769,19.3208,-8.0289,20.4095,-0.3839,1.2427,1,91.6515
166033,1121816741,G,117.371,68.2088,-5.8347,95.3391,68.4579,1.1337,-0.0853,1,G,59.5846,31.9098,-50.2917,1.6774,59.5609,0.0282,-1.0054,-1,93.42
166033,1122184263,G,55.8035,40.4322,-21.7649,-31.7105,45.9181,-0.6449,-0.4938,-1,G,38.5728,-35.1678,12.0869,10.2462,37.1869,0.2722,2.8106,1,91.2404
166033,1122415871,G,43.2389,-41.4945,-9.4418,7.6584,42.5551,0.179,-2.9179,1,G,50.2884,32.85,16.9415,-34.0995,36.9613,-0.8256,0.4761,-1,88.9789
166033,1122742071,G,194.777,13.5015,33.1989,191.451,35.8393,2.3774,1.1845,1,G,38.1326,3.0212,-30.6866,22.434,30.835,0.6751,-1.4727,-1,90.6677
166033,1123031783,G,71.1554,-4.4694,-44.0636,-55.6911,44.2897,-1.0522,-1.6719,-1,G,47.2894,-1.6264,43.7911,-17.7754,43.8213,-0.3953,1.6079,1,92.707
166033,1123834292,G,47.8286,-13.2554,-20.8596,40.9479,24.7149,1.2787,-2.1369,1,G,29.6989,21.0161,1.1746,-20.9513,21.0489,-0.8781,0.0558,-1,71.8534
166033,1123073438,G,51.5476,-36.4888,-22.0365,28.9846,42.6268,0.6362,-2.5983,-1,G,57.6801,35.9332,31.0225,32.7626,47.472,0.6446,0.7122,1,89.6489
166895,168408753,G,99.222,-5.9532,-23.3585,96.2493,24.1052,2.093,-1.8203,1,G,31.0807,10.8383,29.0563,-2.0642,31.0119,-0.0665,1.2138,-1,89.7309
166895,168420759,G,67.3092,-13.2488,20.6666,62.6728,24.5487,1.6667,2.1409,1,G,33.0545,15.2297,-19.4099,-21.9978,24.6716,-0.8026,-0.9055,-1,91.722
166895,168535038,G,52.5733,16.4228,28.3225,41.1348,32.7395,1.0516,1.0453,1,G,39.0826,-16.142,-28.1739,-21.751,32.4704,-0.6278,-2.0911,-1,89.5822
166895,168849318,G,55.4826,-31.2071,-31.3065,33.531,44.2039,0.7,-2.3546,1,G,64.544,34.7366,34.8621,41.7602,49.2138,0.7701,0.7872,-1,93.3409
166895,168694536,G,45.1754,-31.9714,-16.6266,-27.2431,36.0363,-0.6979,-2.662,1,G,45.0149,32.4384,18.2167,25.3423,37.2035,0.6372,0.5117,-1,90.155
166895,169665216,G,86.7513,-14.0883,-38.0289,76.6883,40.5546,1.3938,-1.9256,1,G,38.5105,-31.7532,21.1192,-5.3626,38.1352,-0.1402,2.5547,-1,90.6409
166895,169145265,G,94.852,-5.0442,39.2115,-86.2201,39.5346,-1.5217,1.6987,-1,G,83.6431,9.1434,-46.0024,-69.2556,46.9022,-1.1817,-1.3746,1,87.3206
166895,169743449,G,135.296,-28.8555,-7.542,-131.968,29.8249,-2.1929,-2.8859,-1,G,35.3201,26.9775,16.7787,-15.4334,31.7696,-0.4685,0.5564,1,85.4044
166895,169302811,G,57.1459,-50.3202,3.0391,26.9124,50.4119,0.5113,3.0813,1,G,44.7509,40.5771,2.1757,18.7456,40.6354,0.4463,0.0536,-1,90.4222
166895,169318565,G,42.4293,-26.9831,9.1584,-31.4367,28.495,-0.9525,2.8144,-1,G,52.6135,41.105,-26.5675,19.306,48.9434,0.3849,-0.5738,1,91.5613
166895,170470710,G,207.912,4.4695,-40.3968,-203.9,40.6433,-2.3157,-1.4606,1,G,21.403,9.105,18.7814,-4.7362,20.8721,-0.225,1.1194,-1,91.6759
166895,170384202,G,69.7058,-47.1519,3.3763,51.2268,47.2726,0.9393,3.0701,1,G,51.8383,42.3322,0.6052,29.9135,42.3365,0.658,0.0143,-1,90.2781
166895,170471972,G,68.5973,46.2465,7.0465,50.1716,46.7802,0.9317,0.1512,-1,G,64.1952,-45.9352,-4.3369,44.6336,46.1395,0.8581,-3.0475,1,92.9429
166895,170745724,G,56.2469,28.8383,-21.643,-43.1698,36.0565,-1.0142,-0.6438,-1,G,84.8464,-61.4503,27.8159,-51.4688,67.4527,-0.7035,2.7165,1,99.2432
166895,170138918,G,122.012,-41.5332,4.7579,-114.626,41.8048,-1.7335,3.0275,-1,G,45.7577,35.2599,-9.1892,-27.6777,36.4376,-0.7008,-0.2549,1,88.5276
166895,170146726,G,36.7393,15.575,-19.0826,-27.2588,24.6318,-0.9548,-0.8863,1,G,55.7773,-18.5036,20.7452,48.3565,27.7983,1.3207,2.2991,-1,90.016
166895,171495723,G,45.4352,16.9576,-15.126,-39.3445,22.7235,-1.3167,-0.7284,-1,G,44.9897,-12.9846,19.9814,38.1603,23.8298,1.2497,2.1471,1,90.1993
166895,171491413,G,118.51,-37.2091,20.7938,-110.579,42.6251,-1.6817,2.632,-1,G,144.457,36.8369,-20.3079,-138.197,42.0639,-1.905,-0.5038,1,85.2157
166895,171453034,G,66.2748,7.4794,-20.1884,62.6804,21.5293,1.79,-1.216,-1,G,37.7402,0.2638,31.8079,-20.3101,31.809,-0.6016,1.5625,1,93.9623
166895,171516460,G,149.637,-8.9306,34.7661,-145.268,35.8948,-2.1061,1.8222,1,G,41.5279,10.0605,-30.9775,-25.7631,32.5702,-0.7256,-1.2568,-1,85.3039
166895,171147537,G,51.5202,24.8334,-19.2957,40.8081,31.4487,1.077,-0.6606,-1,G,41.3334,-27.1732,27.0968,-15.3564,38.3748,-0.3902,2.3576,1,88.9251
166895,171575922,G,128.006,15.8622,36.4053,-121.691,39.7109,-1.8386,1.1599,-1,G,75.1428,-18.3246,-38.2409,-62.0344,42.4047,-1.174,-2.0177,1,86.6324
166895,172778101,G,52.3755,30.7855,-32.6589,-26.9968,44.8815,-0.5701,-0.8149,-1,G,40.8889,-27.5502,29.7763,5.1237,40.5665,0.126,2.3174,1,90.5596
166895,172791294,G,64.0839,21.3814,-31.9191,51.2908,38.4187,1.0996,-0.9806,-1,G,38.8329,-24.0396,30.0659,-5.1113,38.4949,-0.1324,2.2453,1,91.9175
166895,172116540,G,153.826,37.795,-29.2509,146.214,47.7921,1.8371,-0.6586,-1,G,85.2825,-46.8854,-0.1259,71.2379,46.8856,1.2055,-3.1389,1,94.5633
166895,172422353,G,95.0394,-32.2699,-18.2027,-87.5203,37.0497,-1.5948,-2.628,-1,G,55.4806,40.3084,24.3159,-29.3608,47.0747,-0.589,0.5428,1,94.3033
166895,171890411,G,228.04,-14.3157,-102.736,203.082,103.729,1.4246,-1.7092,-1,G,49.0012,-20.3622,15.7531,41.6932,25.7446,1.2593,2.4831,1,89.822
166895,173026894,G,45.487,29.5565,3.224,-34.4249,29.7318,-0.9887,0.1086,-1,G,41.1417,-32.699,-5.608,24.33,33.1764,0.6798,-2.9717,1,85.948
166895,173271755,G,43.7013,-34.5739,-26.7153,0.8563,43.6928,0.0196,-2.4837,-1,G,48.6126,35.7927,25.547,20.7221,43.9746,0.4553,0.6199,1,89.7406
166895,173064802,G,50.7016,23.4025,10.2908,-43.7843,25.5651,-1.3072,0.4143,1,G,43.4189,12.4104,-29.522,29.3194,32.0244,0.8204,-1.1728,-1,83.6483
166895,173612585,G,114.936,53.3927,-82.8758,-59.0857,98.5859,-0.5683,-0.9985,-1,G,32.1577,13.3984,24.9297,-15.2676,28.302,-0.5162,1.0776,1,91.046
166895,173366860,G,141.605,31.1632,11.6853,137.638,33.282,2.1271,0.3587,-1,G,35.7742,-35.3228,-5.0717,2.5219,35.685,0.0706,-2.999,1,108.432
166895,173168090,G,186.881,-0.4144,-45.7598,181.192,45.7616,2.0848,-1.5798,1,G,58.6022,-11.3119,35.5791,45.1706,37.334,1.0223,1.8786,-1,93.7073
166895,172837727,G,88.1376,-30.6055,-10.2146,82.0195,32.2651,1.6627,-2.8195,-1,G,34.9336,33.016,11.2751,1.7787,34.8882,0.051,0.3291,1,90.097
166895,174186454,G,74.5342,32.7636,-31.0211,-59.326,45.1194,-1.0875,-0.7581,1,G,55.2936,-32.7039,30.902,-32.1386,44.9942,-0.6643,2.3845,-1,92.1383
166895,173789484,G,35.3454,-28.7446,-18.2079,9.5658,34.0262,0.2776,-2.577,-1,G,49.3274,43.5329,-13.5884,-18.7995,45.6044,-0.4014,-0.3026,1,76.5148
166895,174658950,G,90.326,-0.6395,-26.7987,-86.2565,26.8064,-1.8852,-1.5946,-1,G,29.1838,13.6601,25.7868,-0.3573,29.1814,-0.0122,1.0837,1,81.3023
166895,174030267,G,99.8309,-32.4208,27.9093,90.2007,42.7789,1.4911,2.4308,-1,G,33.7906,17.0968,-28.7264,4.9285,33.4291,0.1469,-1.0339,1,92.5725
166895,174680596,G,70.4225,-39.7309,22.3855,-53.6625,45.6033,-1.001,2.6285,1,G,74.401,39.1225,-17.8875,-60.7039,43.0178,-1.1444,-0.4288,-1,88.7332
166895,174100819,G,209.163,-84.128,54.2698,-183.647,100.114,-1.367,2.5687,1,G,237.001,-155.417,-28.5126,-176.64,158.011,-0.9623,-2.9602,-1,105.874
166895,174659127,G,62.6949,-11.7272,34.0746,51.3033,36.0362,1.1517,1.9023,1,G,35.9406,8.5648,-34.5749,-4.7894,35.6199,-0.1341,-1.328,-1,86.9204
166895,175059691,G,73.1534,9.6888,-20.5846,-69.5256,22.7508,-1.836,-1.1309,1,G,27.2299,0.8089,24.8698,11.0585,24.883,0.431,1.5383,-1,80.8074
166895,174758907,G,142.697,49.3135,-39.5494,127.931,63.2138,1.4542,-0.676,1,G,58.5469,-22.4774,24.1182,48.3819,32.9685,1.1766,2.321,-1,91.948
166895,175312361,G,108.793,-35.4528,16.477,-101.526,39.0946,-1.6826,2.7065,1,G,103.964,28.6133,-47.0341,-88.1908,55.0539,-1.25,-1.0243,-1,91.0642
166895,175405917,G,106.455,28.4265,1.9623,-102.571,28.4942,-1.9928,0.0689,1,G,25.1049,-24.041,-4.0132,6.014,24.3737,0.2443,-2.9762,-1,89.2266
166895,175069013,G,29.4452,-28.0128,-7.849,-4.5484,29.0916,-0.1557,-2.8684,1,G,47.366,44.138,5.879,-16.1494,44.5278,-0.3552,0.1324,-1,72.1641
166895,175299485,G,74.9846,7.7923,40.9985,62.2983,41.7325,1.1908,1.383,-1,G,42.8584,-10.8948,-39.431,12.78,40.9084,0.3075,-1.8404,1,90.7641
166895,175508420,G,61.1398,21.0245,-22.5411,-52.8008,30.8242,-1.3074,-0.8202,1,G,33.925,-25.8574,18.1453,12.3707,31.5889,0.3822,2.5297,-1,85.7906
166895,174774527,G,85.105,23.9706,-29.3791,76.1914,37.9173,1.4478,-0.8864,-1,G,70.6007,-36.0433,33.4475,50.6615,49.1716,0.9026,2.3935,1,89.3884
166895,175137063,G,106.601,4.3105,36.0289,100.236,36.2858,1.7405,1.4517,-1,G,36.8063,-2.5022,-35.138,10.6654,35.227,0.2983,-1.6419,1,90.8992
166895,175734341,G,78.445,0.8918,37.9995,-68.621,38.01,-1.353,1.5473,-1,G,43.3884,7.4799,-40.9458,-12.2487,41.6234,-0.2902,-1.3901,1,90.6901
166895,176549864,G,103.0,57.0326,4.6139,-85.6445,57.2189,-1.193,0.0807,1,G,179.151,-13.7423,34.9679,-175.167,37.5713,-2.2439,1.9452,-1,90.254
166895,175852858,G,54.9387,-42.7412,-6.199,33.956,43.1884,0.7219,-2.9976,-1,G,32.6114,30.8819,4.3929,-9.5134,31.1928,-0.3004,0.1413,1,83.2086
166895,175897707,G,58.1489,-11.9591,-29.4924,48.6669,31.8248,1.2109,-1.956,-1,G,38.4683,15.8983,31.3617,-15.6041,35.1612,-0.4304,1.1016,1,90.6793
166895,175807857,G,69.3056,26.5573,-28.4076,57.367,38.888,1.1809,-0.819,1,G,54.9499,-22.5986,43.169,25.4014,48.7263,0.5002,2.0531,-1,91.4071
166895,176402490,G,210.696,-37.5004,-29.7091,-205.192,47.8426,-2.1625,-2.4716,-1,G,218.953,41.9412,23.2842,-213.633,47.971,-2.1992,0.5068,1,95.5112
166895,175996966,G,57.1602,-18.6797,-30.6162,44.5084,35.8647,1.042,-2.1186,-1,G,33.1845,13.6672,17.4242,-24.7144,22.1448,-0.9611,0.9057,1,87.0127
166895,422150818,G,116.661,-39.7419,-5.7731,-109.53,40.159,-1.7285,-2.9973,1,G,90.2288,49.6868,5.4257,-75.12,49.9821,-1.1964,0.1088,-1,92.7814
166895,422041921,G,62.8158,30.8301,9.4374,53.9097,32.2422,1.2866,0.2971,-1,G,25.045,-22.4887,10.8816,1.7581,24.983,0.0703,2.6909,1,64.3287
166895,422082084,G,96.5398,9.6333,28.0287,-91.8777,29.6379,-1.8496,1.2397,-1,G,37.9258,-31.4364,-21.2157,0.0509,37.9256,0.0013,-2.5479,1,95.5355
166895,422424797,G,57.0971,25.5341,-20.4274,46.8059,32.6997,1.1561,-0.6747,1,G,41.2404,-27.6321,25.4075,-17.0789,37.5376,-0.4406,2.3981,-1,93.5808
166895,421735674,G,27.1153,22.5845,-11.4242,-9.7292,25.3095,-0.3755,-0.4683,-1,G,77.1932,-41.2513,63.4194,-15.3327,75.6551,-0.2013,2.1475,1,84.8541
166895,421920218,G,68.22,-40.9339,14.1155,-52.7175,43.2993,-1.0271,2.8095,-1,G,36.3012,33.6063,-13.6979,-0.8648,36.2907,-0.0238,-0.387,1,89.4414
166895,423313781,G,58.5512,2.6339,-46.8393,-35.034,46.9132,-0.6906,-1.5146,-1,G,73.4692,-51.9401,29.3375,-42.8866,59.6528,-0.6681,2.6274,1,92.846
166895,422753956,G,75.2942,31.5831,-6.4253,68.0473,32.2301,1.4923,-0.2007,1,G,38.1836,-37.6055,6.2511,-2.1739,38.1215,-0.057,2.9769,-1,92.2042
166895,422695263,G,91.961,-40.5269,3.2307,82.4861,40.6555,1.4565,3.062,1,G,57.9624,43.8284,4.0776,37.7104,44.0177,0.7763,0.0928,-1,89.2499
166895,423206448,G,66.0573,-35.7799,4.0936,-55.3768,36.0133,-1.2155,3.0277,1,G,41.5039,29.4377,9.3414,27.7258,30.8843,0.8072,0.3073,-1,102.879
166895,423893018,G,42.4403,-35.6167,-19.9252,-11.6449,40.8113,-0.2816,-2.6315,-1,G,52.2131,45.446,24.9604,-6.1512,51.8494,-0.1184,0.5023,1,92.307
166895,423994502,G,41.9202,3.5392,-33.3585,-25.1392,33.5457,-0.6927,-1.4651,1,G,37.84,-3.6824,33.1668,17.8398,33.3706,0.5119,1.6814,-1,79.4251
166895,424138695,G,52.075,36.1483,-27.1941,25.7988,45.2352,0.5432,-0.645,1,G,43.2986,-35.5087,24.322,-4.7257,43.0398,-0.1096,2.541,-1,92.9699
166895,424154087,G,68.6397,2.7661,22.9218,-64.6401,23.0881,-1.7531,1.4507,1,G,42.1603,-12.3552,-39.5358,7.8578,41.4214,0.1886,-1.8737,-1,93.1903
166895,424038909,G,52.2781,42.158,-28.6976,-11.4954,50.9985,-0.2235,-0.5977,-1,G,45.1815,-30.9237,23.1975,23.3872,38.6574,0.5731,2.498,1,95.9193
166895,423739165,G,150.617,-42.7018,-5.6693,-144.325,43.0764,-1.9238,-3.0096,1,G,54.544,41.871,2.6218,-34.8566,41.953,-0.7566,0.0625,-1,99.8738
166895,424196178,G,89.4284,39.9583,-19.5455,-77.5805,44.4825,-1.323,-0.4549,1,G,98.6076,-34.989,31.3579,-86.6943,46.9845,-1.3722,2.4109,-1,90.5931
166895,423840721,G,271.492,-43.1442,-23.954,266.969,49.3479,2.3898,-2.6348,-1,G,61.4761,23.3659,23.0398,51.9856,32.8146,1.2406,0.7784,1,93.5062
166895,425036823,G,69.4861,-22.3865,31.8293,-57.5677,38.9135,-1.1833,2.1837,-1,G,48.8756,25.9935,-36.4587,-19.5936,44.7761,-0.4247,-0.9514,1,89.561
166895,425127519,G,91.661,45.5361,39.0785,69.2896,60.0056,0.9867,0.7092,-1,G,34.5734,-33.6639,6.239,4.8086,34.2372,0.14,2.9583,1,90.8291
166895,424564178,G,27.459,-23.4532,7.3623,12.2365,24.5816,0.4792,2.8374,1,G,62.6544,34.3256,-26.5331,45.203,43.3849,0.9107,-0.658,-1,65.8438
166895,424884650,G,168.91,38.3287,21.6555,163.073,44.0232,2.0204,0.5143,1,G,117.373,-43.4513,-6.3363,108.85,43.9108,1.6394,-2.9968,-1,88.0657
166895,425072602,G,78.7348,-15.9663,-21.5977,-74.0119,26.8586,-1.7382,-2.2074,-1,G,50.3685,40.4485,21.3204,-21.1266,45.7235,-0.447,0.4851,1,83.7667
166895,424646489,G,156.035,26.5959,14.4899,-153.067,30.287,-2.323,0.4989,-1,G,28.9704,-25.0219,-14.4881,-1.8081,28.9137,-0.0625,-2.6167,1,101.183
166895,424896897,G,91.4439,-37.8679,19.6514,-80.8815,42.6633,-1.396,2.6629,-1,G,29.7978,23.4114,-18.2708,2.4461,29.6971,0.0823,-0.6627,1,91.3047
166895,424503179,G,125.621,11.4851,-34.0533,120.371,35.9379,1.9235,-1.2455,1,G,29.1253,-17.8765,22.9895,0.4328,29.1219,0.0149,2.2317,-1,95.8629
166895,425069739,G,200.578,19.238,-37.3112,196.136,41.9789,2.246,-1.0947,-1,G,129.882,-5.5513,45.7582,121.428,46.0937,1.696,1.6915,1,89.9915
166895,424821790,G,85.7808,5.2897,-27.0397,81.2355,27.5522,1.802,-1.3776,-1,G,24.6561,-7.7303,23.3853,1.1325,24.6298,0.046,1.8901,1,73.4336
166895,424791452,G,141.197,4.1165,43.501,134.266,43.6953,1.8412,1.4765,1,G,137.174,-10.5704,-44.8087,129.217,46.0386,1.7555,-1.8025,-1,89.5748
166895,425942118,G,89.6729,19.7758,-34.8241,80.2335,40.0475,1.4452,-1.0543,1,G,39.6539,-26.8511,28.9488,-3.6613,39.4844,-0.0926,2.3186,-1,103.815
166895,425199981,G,36.7047,33.4214,-12.2409,8.9662,35.5926,0.2493,-0.3511,1,G,61.9412,-41.755,26.3262,-37.4186,49.3614,-0.6996,2.5791,-1,93.0249
166895,425513692,G,123.965,50.7847,-38.0839,-106.479,63.4781,-1.2893,-0.6434,1,G,54.545,-30.1805,28.57,-35.3277,41.5584,-0.7713,2.3836,-1,106.026
166895,425579863,G,55.5475,-20.2108,-41.2383,31.2481,45.9246,0.6366,-2.0265,-1,G,54.832,11.6579,40.4776,35.1025,42.123,0.7585,1.2904,1,87.7923
166895,425250551,G,65.1845,37.4769,19.7318,49.5494,42.354,0.9966,0.4846,-1,G,39.4575,-28.147,-27.6152,1.4246,39.4316,0.0361,-2.3657,1,90.5671
166895,425554688,G,57.0423,54.3345,2.7483,17.1472,54.4039,0.3102,0.0505,1,G,50.291,-32.575,13.804,35.7421,35.3791,0.8886,2.7408,-1,89.3068
166895,426671096,G,71.4869,-30.3484,-34.953,54.4759,46.2897,1.0011,-2.2858,-1,G,73.7531,28.6345,35.8704,57.7312,45.898,1.0525,0.8971,1,92.1979
166895,426187335,G,74.1974,-22.0646,-30.8545,63.7683,37.9321,1.2912,-2.1916,-1,G,38.9,24.5683,30.0796,2.194,38.8379,0.0565,0.8859,1,91.8321
166895,426152192,G,99.1919,29.6923,21.8845,92.0785,36.8858,1.6459,0.6352,1,G,48.3466,-32.6456,-24.7872,25.6368,40.9895,0.5905,-2.4922,-1,88.8457
166895,426247526,G,284.73,-72.2453,12.3855,-275.134,73.2993,-2.0331,2.9718,-1,G,45.2269,15.8362,-28.4103,-31.4251,32.5258,-0.8572,-1.0623,1,107.027
166895,427153980,G,75.326,22.1934,10.4711,71.2166,24.5395,1.787,0.4408,-1,G,33.2602,-16.8736,-28.5496,-2.5349,33.1633,-0.0764,-2.1046,1,81.9673
166895,427440083,G,43.9764,-26.4588,-35.121,-0.6033,43.9722,-0.0137,-2.2164,1,G,48.1217,26.1931,40.3545,1.0587,48.1099,0.022,0.9951,-1,91.9478
166895,427134768,G,42.0758,-27.453,-2.0218,-31.8215,27.5273,-0.9875,-3.0681,-1,G,47.2827,37.2133,9.2075,27.6773,38.3355,0.6706,0.2426,1,88.4356
166895,427359463,G,58.5793,-31.5086,35.782,34.0351,47.6775,0.664,2.2928,1,G,59.6095,31.0278,-31.2458,40.1778,44.0343,0.8181,-0.7889,-1,91.8708
166895,428292734,G,81.6535,43.0708,6.3069,69.0826,43.5301,1.2421,0.1454,1,G,44.0852,-40.4443,1.3733,17.4889,40.4676,0.4197,3.1077,-1,90.8278
166895,428664055,G,45.5484,17.3616,34.1858,24.5876,38.3418,0.6039,1.1009,1,G,72.5309,-3.4478,-56.2972,45.6011,56.4027,0.7393,-1.632,-1,91.2894
166895,428424923,G,84.534,15.8122,33.7595,-75.87,37.2791,-1.4593,1.1328,1,G,49.5029,-18.7103,-38.3702,-25.0635,42.689,-0.5577,-2.0245,-1,88.0265
166895,428017008,G,85.0788,42.3499,9.6883,73.1506,43.444,1.2926,0.2249,1,G,66.8919,-47.9411,-7.214,46.0882,48.4808,0.846,-2.9922,-1,94.0202
166895,428682465,G,74.0687,16.8897,13.2882,70.8825,21.4904,1.9088,0.6666,1,G,62.306,-52.6487,15.9086,29.2755,54.9997,0.5099,2.8481,-1,80.2202
166895,428177637,G,54.7182,21.0685,31.5592,-39.4235,37.9455,-0.9086,0.9822,1,G,37.6131,-14.4859,-30.9622,15.692,34.1833,0.4443,-2.0084,-1,88.9843
166895,429174318,G,122.511,-26.1112,28.9057,-116.154,38.953,-1.8127,2.3054,1,G,41.9847,26.34,-25.8524,-20.0139,36.9072,-0.5187,-0.7761,-1,92.2385
166895,429189053,G,57.9056,35.1409,4.7199,45.7808,35.4565,1.0731,0.1335,-1,G,44.2205,-44.0171,2.7514,-3.2191,44.1031,-0.0729,3.0792,1,92.1066
166895,428773918,G,80.8649,12.6546,-50.2101,62.1122,51.7803,1.0157,-1.3239,1,G,53.6716,-13.6666,36.3432,37.0543,38.8279,0.8487,1.9305,-1,89.8485
166895,429477942,G,96.7236,35.1176,29.792,-85.0566,46.0522,-1.373,0.7035,1,G,43.4586,-22.4744,-32.2621,-18.5121,39.3185,-0.455,-2.1793,-1,93.5875
166895,429600558,G,31.832,-30.5816,-8.7241,1.3856,31.8016,0.0436,-2.8637,-1,G,32.7169,30.7245,11.2425,-0.0153,32.7168,-0.0005,0.3508,1,64.4851
166895,430464857,G,148.696,34.7542,-7.4412,-144.386,35.5419,-2.1097,-0.2109,-1,G,85.9553,-15.7428,-59.3104,-60.1893,61.3641,-0.8678,-1.8302,1,91.6136
166895,429775738,G,56.6589,55.3929,-11.3366,-3.65,56.5411,-0.0645,-0.2019,1,G,40.3985,-30.4824,11.2408,-24.0104,32.4889,-0.6844,2.7883,-1,89.6354
166895,430380663,G,68.0916,-24.045,-15.2077,-61.8629,28.4506,-1.519,-2.5776,-1,G,55.9563,52.0433,-8.2048,-18.8489,52.686,-0.3505,-0.1564,1,86.8415
166895,430082660,G,118.968,-32.173,-17.2412,113.23,36.5015,1.8502,-2.6496,-1,G,38.4251,30.1213,15.7774,17.8957,34.0033,0.5046,0.4825,1,87.0191
166895,429651335,G,34.9864,11.8957,-31.7452,8.6469,33.9009,0.2524,-1.2123,-1,G,42.2996,-1.6098,42.249,-1.2926,42.2797,-0.0306,1.6089,1,75.5176
166895,430037500,G,176.671,-39.0995,3.7013,172.25,39.2743,2.1843,3.0472,1,G,83.4729,44.5665,5.4037,70.3728,44.8929,1.2317,0.1207,-1,93.2527
166895,430461892,G,85.1194,-23.7038,25.0579,-77.8174,34.493,-1.5526,2.3284,1,G,55.6487,-21.9974,48.1862,17.0577,52.9698,0.3167,1.999,-1,93.1162
166895,430071597,G,123.202,-24.3533,-20.0528,-119.095,31.5468,-2.0387,-2.4527,-1,G,33.5207,24.5178,21.9488,-6.3837,32.9071,-0.1928,0.7302,1,93.8808
166895,430207685,G,132.508,-46.0422,14.2363,123.433,48.1929,1.6697,2.8417,-1,G,109.236,34.6756,-26.4063,100.164,43.5854,1.5695,-0.6508,1,90.3721
166895,430923383,G,45.4009,6.696,-28.0439,-35.0704,28.8322,-1.0264,-1.3364,1,G,34.5504,-23.8652,11.5491,22.1537,26.5128,0.7602,2.6909,-1,75.223
166895,431193556,G,156.227,28.3707,-37.2905,149.035,46.8559,1.8741,-0.9204,-1,G,67.4158,-39.7005,13.2312,52.8553,41.8473,1.0557,2.8199,1,92.4622
166895,431505513,G,27.9718,11.8324,24.9721,-4.3361,27.6335,-0.1563,1.1283,1,G,38.4696,-16.0078,-32.9644,-11.7047,36.6456,-0.3142,-2.0229,-1,63.8423
166895,432183497,G,53.0819,-46.752,-9.8806,23.1149,47.7847,0.4666,-2.9333,-1,G,39.7079,36.1361,14.7395,-7.3237,39.0266,-0.1866,0.3873,1,90.6878
166895,432782755,G,40.2091,28.1865,-19.9681,20.5805,34.5428,0.5652,-0.6164,-1,G,50.3013,-29.7631,20.7109,-34.8629,36.26,-0.8539,2.5337,1,89.3595
166895,432519698,G,127.26,-11.9803,31.4595,122.727,33.6635,2.005,1.9347,-1,G,21.9952,2.4296,-20.0223,8.7741,20.1691,0.4224,-1.45,1,69.0116
166895,433129418,G,51.5315,-4.3529,-34.1789,-38.3189,34.455,-0.9585,-1.6975,1,G,37.6059,19.2304,29.611,12.945,35.3075,0.3589,0.9948,-1,84.0204
166895,432291876,G,40.6563,-35.046,-13.136,15.8791,37.4269,0.4125,-2.783,-1,G,57.8162,52.9768,16.9176,15.8098,55.6125,0.2806,0.3091,1,91.4156
166895,432367998,G,34.309,-7.4042,21.334,-25.829,22.5823,-0.9795,1.9048,1,G,63.4446,-3.7743,-22.831,59.0738,23.1409,1.6667,-1.7346,-1,91.2325
166895,432907832,G,58.4742,-35.3866,-6.2632,46.1279,35.9366,1.0684,-2.9664,1,G,38.9681,37.2655,4.3495,-10.529,37.5185,-0.2771,0.1162,-1,90.667
166895,433747122,G,77.9688,-42.33,17.0767,-63.2115,45.6447,-1.1292,2.7581,1,G,85.9616,49.4865,-18.0008,-67.9444,52.6587,-1.0725,-0.3489,-1,98.0778
166895,433775160,G,192.781,5.565,-45.6512,187.215,45.9892,2.1117,-1.4495,1,G,30.2801,-15.2142,20.9824,15.6569,25.9178,0.5723,2.1982,-1,88.868
166895,433793928,G,189.371,3.9239,-49.6637,182.701,49.8184,2.0107,-1.492,-1,G,79.567,-3.9826,39.2114,69.1195,39.4131,1.3277,1.672,1,93.8353
166895,434058983,G,52.3015,4.8265,38.4123,-35.1659,38.7143,-0.8151,1.4458,-1,G,39.7418,12.5054,-26.5708,26.7769,29.3665,0.8176,-1.1309,1,89.2243
166895,434835532,G,96.1462,-18.7695,32.0688,-88.6757,37.1578,-1.6042,2.1003,-1,G,49.004,22.402,-36.9208,-23.16,43.1856,-0.5134,-1.0254,1,92.3289
166895,434514941,G,74.9511,2.5682,-35.3255,-66.0543,35.4187,-1.3816,-1.4982,1,G,34.4589,-2.1667,34.3172,-2.2445,34.3855,-0.0652,1.6339,-1,85.4672
166895,434522620,G,105.622,-36.9389,-28.3453,-94.805,46.5611,-1.4597,-2.4871,1,G,83.1714,34.453,24.3953,-71.6613,42.2154,-1.2996,0.6161,-1,88.9384
166895,434188840,G,111.391,-36.4773,-4.6563,-105.146,36.7733,-1.773,-3.0146,1,G,225.903,53.2705,7.2582,-219.412,53.7627,-2.1142,0.1354,-1,90.2244
166895,434671996,G,158.638,-33.3425,6.8782,-154.942,34.0446,-2.2204,2.9382,-1,G,38.4939,32.5068,-6.8561,-19.444,33.2219,-0.5562,-0.2079,1,91.9231
166895,435670449,G,123.074,-40.2276,-19.8422,114.609,44.855,1.6675,-2.6834,-1,G,42.9349,29.554,21.5896,22.4465,36.5999,0.5802,0.6309,1,93.0471
166895,435011836,G,63.2398,12.1924,-20.3016,58.6383,23.6815,1.6383,-1.03,-1,G,39.0572,32.5148,-11.6634,-18.2265,34.5434,-0.5058,-0.3444,1,76.2303
166895,435267112,G,58.785,-22.7822,21.669,-49.6699,31.4416,-1.2382,2.3812,1,G,36.7467,22.1078,-27.6686,9.7983,35.4162,0.2732,-0.8967,-1,86.6033
166895,435852067,G,74.5595,-41.92,-5.3468,61.4267,42.2596,1.1687,-3.0147,1,G,68.3984,48.5592,8.6928,47.3791,49.3311,0.8531,0.1771,-1,92.4284
166895,435968157,G,46.8925,-22.1197,3.7668,41.1756,22.4381,1.3674,2.9729,1,G,31.4752,20.9715,-0.6055,-23.4628,20.9803,-0.9626,-0.0289,-1,76.2656
166895,436017293,G,207.755,18.9283,38.3105,-203.313,42.7314,-2.2638,1.1119,1,G,101.758,-3.4996,-42.0172,-92.6126,42.1626,-1.5282,-1.6539,-1,89.3023
166895,436076909,G,116.428,-46.394,15.8675,-105.599,49.0325,-1.5103,2.8121,1,G,22.8487,13.5629,-17.8284,4.5,22.401,0.1996,-0.9205,-1,89.9729
166895,436577682,G,104.357,23.5624,-45.8099,90.7558,51.5144,1.3317,-1.0957,-1,G,41.7743,-15.6213,31.6842,22.2973,35.3258,0.5954,2.0288,1,91.1632
166895,436547402,G,119.458,27.2228,9.3617,-115.937,28.7876,-2.1013,0.3312,-1,G,28.8947,-27.7934,-7.6967,-1.783,28.8394,-0.0618,-2.8714,1,90.2624
166895,435896354,G,134.993,6.7585,32.7479,130.786,33.4381,2.073,1.3673,-1,G,62.7687,11.6156,-44.5454,42.6694,46.0349,0.8287,-1.3157,1,92.445
166895,436060896,G,191.214,1.0058,-37.3994,-187.518,37.413,-2.3148,-1.5439,1,G,30.5809,4.8649,26.1858,-15.0271,26.6339,-0.5379,1.3871,-1,89.4883
166895,436874385,G,104.88,38.0801,29.427,93.187,48.1252,1.4148,0.6579,1,G,52.0694,-19.2833,-32.5765,35.751,37.856,0.8415,-2.1053,-1,87.4354
166895,437375855,G,42.1815,33.4715,-19.9229,16.1864,38.9521,0.4044,-0.5369,-1,G,52.5823,-48.42,4.408,-20.024,48.6202,-0.401,3.0508,1,92.2024
166895,437546695,G,44.0146,39.581,9.9846,-16.4598,40.821,-0.393,0.2471,-1,G,67.1638,-42.3616,-23.61,-46.4653,48.4968,-0.8514,-2.6331,1,90.5963
166895,436815588,G,84.9728,-34.5428,12.7518,76.5804,36.8213,1.4788,2.7879,-1,G,30.5958,29.8931,2.9211,-5.8276,30.0355,-0.1928,0.0974,1,89.9049
172952,557914719,G,129.076,-2.9995,42.103,121.98,42.2098,1.783,1.6419,-1,G,61.1982,3.144,-46.4098,39.7675,46.5162,0.775,-1.5032,1,100.119
172952,557851897,G,100.036,-25.7798,12.017,-95.9075,28.443,-1.9299,2.7054,-1,G,27.5261,25.1095,-4.4307,10.3708,25.4974,0.3963,-0.1747,1,94.3273
172952,558058241,G,49.966,15.6487,27.9826,38.3234,32.061,1.013,1.0609,1,G,41.9148,-15.7588,-35.1871,-16.4429,38.5548,-0.4145,-1.9919,-1,88.9461
172952,557768614,G,193.398,-11.7431,-42.014,-188.414,43.6243,-2.1693,-1.8433,-1,G,104.378,10.6988,40.4648,-95.6186,41.8553,-1.5641,1.3123,1,89.4026
172952,558087829,G,49.2721,-47.5791,12.1706,3.9791,49.1111,0.0809,2.8912,-1,G,52.9412,27.0209,-31.5652,32.8065,41.5511,0.7245,-0.8628,1,91.0801
172952,558656341,G,56.2339,-37.2928,-11.776,-40.408,39.1079,-0.9047,-2.8357,1,G,51.5301,40.9075,13.8018,-28.1324,43.173,-0.6126,0.3254,-1,83.0549
172952,557964752,G,59.0669,18.3863,-28.9129,48.1131,34.2638,1.1404,-1.0044,-1,G,104.123,-40.5239,32.8692,90.106,52.1783,1.3144,2.4601,1,83.7902
172952,558139216,G,80.5473,-2.0263,-35.2481,72.397,35.3063,1.466,-1.6282,-1,G,29.6203,5.5221,26.0601,-12.951,26.6387,-0.4688,1.362,1,92.2303
172952,559718545,G,86.408,42.3047,14.428,-73.9491,44.6974,-1.2775,0.3287,1,G,71.1197,-19.8495,63.7853,-24.4017,66.8024,-0.3576,1.8725,-1,92.3068
172952,559902822,G,185.834,-44.426,14.9806,-179.823,46.8838,-2.054,2.8164,-1,G,48.0463,27.3455,-16.1446,-36.0557,31.7557,-0.974,-0.5333,1,88.3372
172952,559086379,G,136.529,-20.4673,-29.7199,-131.674,36.0858,-2.0059,-2.1739,1,G,50.2495,26.1374,29.8921,-30.7943,39.7078,-0.7134,0.8523,-1,91.9681
172952,559422059,G,73.3272,22.331,35.0734,-60.3991,41.579,-1.1682,1.0038,1,G,42.1996,22.7001,-35.1679,5.3593,41.8578,0.1277,-0.9976,-1,91.0453
172952,559156388,G,138.033,-8.2791,49.1012,128.739,49.7943,1.6785,1.7378,-1,G,56.6803,-0.1031,-29.3492,48.4898,29.3494,1.2763,-1.5743,1,77.7366
172952,559152412,G,145.985,17.588,-31.4694,141.463,36.0508,2.0761,-1.0612,-1,G,146.724,-41.472,38.0282,135.506,56.2679,1.6126,2.3995,1,91.3947
172952,559726133,G,53.0861,-28.1214,-33.8783,-29.6576,44.029,-0.6309,-2.2636,1,G,38.3814,26.6613,27.3996,3.3994,38.2304,0.0888,0.7991,-1,87.3653
172952,559292777,G,42.6887,25.8702,33.7651,-3.6005,42.5365,-0.0845,0.917,-1,G,113.0,-85.6296,14.9107,72.21,86.9181,0.7565,2.9692,1,116.582
172952,560640068,G,157.317,36.9854,14.487,152.22,39.7214,2.0532,0.3733,-1,G,89.2506,-38.3265,-16.2964,78.9378,41.6472,1.3959,-2.7395,1,85.7714
172952,560225909,G,43.5859,3.8037,-37.7908,21.3801,37.9817,0.5368,-1.4705,1,G,47.5995,-5.5129,41.1474,-23.2853,41.515,-0.535,1.704,-1,91.0877
172952,560016650,G,96.3341,3.4651,-21.6229,93.812,21.8987,2.1614,-1.4119,1,G,33.1694,19.8189,25.7324,-6.727,32.4799,-0.2057,0.9145,-1,92.8888
172952,559981374,G,72.6919,33.9725,-16.479,-62.1161,37.7583,-1.2727,-0.4516,-1,G,38.5241,-32.4308,20.6329,-2.5733,38.4379,-0.0669,2.575,1,90.3584
172952,560368971,G,98.4875,-19.8676,-11.8692,95.7297,23.143,2.1273,-2.6031,-1,G,28.2753,17.6005,20.2903,-8.832,26.8603,-0.3232,0.8563,1,91.8779
172952,560989745,G,70.5987,21.716,-32.8853,-58.5759,39.4085,-1.1872,-0.9872,1,G,35.1277,-10.0132,32.4063,-9.1385,33.9181,-0.2663,1.8705,-1,80.3471
172952,559978144,G,48.343,-23.9816,14.2968,39.4654,27.9198,1.1458,2.604,1,G,48.9839,45.07,3.8261,-18.8006,45.2322,-0.4045,0.0847,-1,90.9523
172952,560544696,G,45.8802,-17.263,18.3296,-38.3536,25.1791,-1.2076,2.3262,1,G,49.8096,22.2338,-16.9726,41.2138,27.9716,1.1799,-0.652,-1,95.5081
172952,561862634,G,111.367,29.8083,-23.8757,-104.614,38.1914,-1.7326,-0.6753,1,G,30.4932,-21.0237,21.9167,-2.7357,30.37,-0.09,2.3354,-1,92.3008
172952,562025803,G,141.042,38.5872,-14.2877,134.907,41.1474,1.9031,-0.3546,1,G,61.8417,-35.6965,16.3958,47.7632,39.2818,1.0261,2.711,-1,88.209
172952,562166895,G,55.6157,24.9829,23.8104,43.6121,34.512,1.0561,0.7614,1,G,49.3539,-44.4769,-20.9414,4.3653,49.1604,0.0887,-2.7016,-1,91.2608
172952,563146982,G,41.6923,-31.2442,25.7257,10.0115,40.4723,0.2449,2.4528,-1,G,51.8454,27.239,-23.8088,-37.1363,36.1777,-0.9,-0.7183,1,89.4082
172952,562732001,G,58.0415,34.7883,-13.367,44.4961,37.268,1.0121,-0.3668,-1,G,39.4469,-37.3712,12.03,-3.8363,39.2598,-0.0976,2.8302,1,88.5569
172952,562503518,G,91.7227,-36.4973,41.5069,73.1996,55.2709,1.0932,2.2921,-1,G,37.0947,33.4723,-12.974,9.3428,35.8987,0.2574,-0.3698,1,94.6436
172952,562533686,G,50.5606,37.8763,-2.4375,-33.4037,37.9546,-0.794,-0.0643,-1,G,39.3905,-32.8832,2.8555,21.4975,33.0069,0.6123,3.055,1,89.0187
172952,562818997,G,115.882,-10.0943,-42.788,107.219,43.9626,1.6243,-1.8025,-1,G,71.3957,15.2533,39.4563,57.5141,42.3021,1.1143,1.2019,1,88.8719
172952,562258233,G,31.6201,20.3495,23.8471,-4.1273,31.3494,-0.1313,0.8644,1,G,31.6671,-19.2693,-20.8931,13.9631,28.4222,0.4734,-2.3158,-1,62.439
172952,562902210,G,101.788,-64.3522,18.3766,76.6935,66.9246,0.9809,2.8634,1,G,98.682,44.4596,-6.4976,87.8592,44.9319,1.4235,-0.1451,-1,112.133
172952,562693971,G,124.973,-14.1637,38.2693,118.123,40.8062,1.7846,1.9253,-1,G,46.8466,9.9153,-35.7345,28.6238,37.0846,0.7105,-1.3001,1,89.2346
172952,563099612,G,88.9449,26.0956,-29.7147,-79.6696,39.5467,-1.4501,-0.8502,1,G,46.328,-10.2134,40.0502,-20.927,41.332,-0.4869,1.8205,-1,88.4309
172952,562278659,G,40.3867,-38.5887,-11.3747,3.5493,40.2303,0.0881,-2.8549,1,G,61.6361,38.9633,14.6554,-45.4541,41.6284,-0.9449,0.3598,-1,92.9609
172952,562271124,G,237.182,-68.9309,-17.4776,226.271,71.1122,1.8744,-2.8933,1,G,23.2587,19.5394,5.2571,11.4686,20.2343,0.5401,0.2628,-1,93.3842
172952,563835874,G,72.7522,15.0904,32.1519,-63.4934,35.5171,-1.3444,1.132,-1,G,39.8069,-17.4127,-34.9127,7.9042,38.7727,0.2013,-2.0334,1,97.8079
172952,563877661,G,72.5896,-17.334,20.4663,-67.453,26.8205,-1.6528,2.2735,-1,G,31.705,6.2414,-26.4657,16.3036,27.1917,0.5685,-1.3392,1,90.0115
172952,563628057,G,123.285,8.9848,40.0569,-116.249,41.0522,-1.7638,1.3501,-1,G,52.8516,1.9939,-37.3698,-37.3202,37.423,-0.8794,-1.5175,1,85.5146
172952,564181634,G,74.3374,56.84,-10.644,-46.7114,57.828,-0.7387,-0.1851,-1,G,32.0009,-19.3307,22.9574,11.1056,30.0119,0.3621,2.2706,1,92.095
172952,563772131,G,57.1734,-7.3231,33.6649,45.6272,34.4522,1.0932,1.785,1,G,40.217,11.1335,-37.7797,-8.1322,39.386,-0.205,-1.2842,-1,89.7082
172952,563864529,G,91.1192,33.5917,-5.4165,84.5278,34.0256,1.6414,-0.1599,-1,G,77.6589,-52.2806,13.4578,55.8259,53.9849,0.9053,2.8897,1,91.5039
172952,569382881,G,53.834,31.0347,-33.5578,-28.4396,45.7087,-0.5878,-0.8244,-1,G,49.1432,-38.017,26.6562,16.0996,46.4311,0.3401,2.5301,1,101.763
172952,569585985,G,76.6227,6.4309,40.1078,-64.9695,40.6201,-1.2487,1.4118,-1,G,105.393,-9.59,-42.3239,-96.0435,43.3968,-1.5351,-1.7936,1,84.7914
172952,569883097,G,47.6995,19.6906,-19.5166,-38.8151,27.724,-1.138,-0.781,-1,G,48.063,-10.1834,39.1591,25.9404,40.4615,0.6038,1.8252,1,92.3497
172952,569563867,G,98.7549,-47.3734,26.6645,82.4457,54.362,1.2039,2.6289,1,G,24.0525,23.5209,-3.0721,-3.9803,23.7206,-0.167,-0.1299,-1,88.3137
172952,569210320,G,65.9272,-11.369,-41.0221,-50.342,42.5684,-1.0048,-1.8412,1,G,56.6872,20.285,43.4171,-30.2803,47.9221,-0.596,1.1337,-1,91.919
172952,569522008,G,40.1157,25.5131,-30.8906,2.0262,40.0643,0.0506,-0.8804,-1,G,57.0441,-23.5053,36.8441,-36.6611,43.7033,-0.7627,2.1387,1,90.5592
172952,568933309,G,50.5843,-33.9796,-12.1967,-35.4315,36.1022,-0.8682,-2.797,-1,G,83.6504,36.6897,38.9665,-64.2873,53.5212,-1.0167,0.8155,1,85.7388
172952,569602133,G,50.8629,-44.9397,16.3846,17.2912,47.8334,0.354,2.792,1,G,46.7845,35.1909,-20.3766,23.1339,40.6646,0.542,-0.5249,-1,88.2601
172952,569051790,G,45.2149,30.1241,-33.249,-5.6053,44.866,-0.1246,-0.8347,-1,G,49.2672,-27.8341,29.1529,-28.3306,40.3067,-0.655,2.3331,1,88.0523
172952,569832326,G,103.527,41.841,-19.4563,92.675,46.1435,1.4474,-0.4353,-1,G,72.3405,-27.9873,36.8896,55.5788,46.3048,1.0162,2.2198,1,91.9479
172952,569733008,G,67.4961,30.3725,-26.2133,54.2779,40.1202,1.1103,-0.712,-1,G,37.5104,-29.2931,23.3856,-1.4312,37.483,-0.0382,2.4679,1,90.6887
172952,569349764,G,33.025,28.5356,-15.9776,-4.5908,32.7042,-0.1399,-0.5104,-1,G,35.0582,-18.6526,29.5878,2.3887,43.3725,0.0696,2.1319,1,65.936
172952,569456868,G,177.753,-32.1846,17.303,-173.956,36.5409,-2.2644,2.6483,-1,G,112.467,33.6692,-35.2114,-101.367,48.7181,-1.4791,-0.8078,1,90.008
172952,569475084,G,45.633,13.5075,-42.4704,9.8069,44.5666,0.2183,-1.2629,1,G,35.9247,-13.826,31.4208,-10.5897,34.3282,-0.3038,1.9853,-1,80.8013
172952,570121775,G,90.036,31.762,36.9234,-75.7252,48.7048,-1.2248,0.8604,1,G,207.081,15.6681,-39.2282,-202.726,42.2415,-2.2723,-1.1908,-1,92.1303
172952,570530634,G,216.662,11.152,-43.2961,-211.999,44.7093,-2.2605,-1.3187,1,G,108.547,-10.148,41.7224,-99.6928,42.9388,-1.5789,1.8094,-1,92.7665
172952,570864011,G,136.148,-15.801,22.6032,-133.326,27.5785,-2.2794,2.1809,1,G,25.2026,21.9727,-12.1621,2.1084,25.114,0.0839,-0.5055,-1,93.1075
172952,570279445,G,59.1943,27.7644,-37.2229,-36.7089,46.4371,-0.7252,-0.9299,1,G,46.0148,-28.2017,30.1351,-20.3443,41.273,-0.4749,2.3231,-1,88.1105
172952,570560253,G,81.4125,-34.6521,-13.2937,-72.4603,37.1146,-1.4221,-2.7753,1,G,45.5904,37.2418,13.3764,-22.6405,39.5712,-0.5448,0.3448,-1,84.136
172952,570146662,G,140.715,3.9667,43.3981,-133.797,43.579,-1.8404,1.4796,-1,G,92.2138,-8.169,-46.718,-79.0827,47.4268,-1.2842,-1.7439,1,94.3901
172952,570776390,G,63.4798,8.121,-40.8244,-47.928,41.6243,-0.9845,-1.3744,-1,G,30.9694,-14.5813,18.9749,19.6579,23.9303,0.7493,2.226,1,87.1913
172952,570467293,G,62.8854,-43.4648,-0.5093,45.4435,43.4678,0.9132,-3.1299,1,G,79.9853,45.386,0.6891,65.8579,45.3912,1.1672,0.0152,-1,89.5561
172952,570452413,G,102.003,-55.5414,-2.6719,85.5144,55.6056,1.2156,-3.0935,-1,G,47.7053,34.8925,-10.2099,30.8878,36.3556,0.7709,-0.2847,1,90.9447
172952,570463789,G,52.3664,8.4888,24.7781,45.3454,26.1919,1.3166,1.2407,-1,G,93.098,-16.9986,-38.1513,83.203,41.7669,1.4401,-1.99,1,66.2111
172952,570800985,G,102.009,35.5676,-30.5166,-90.6063,46.8649,-1.4134,-0.7091,1,G,86.6664,-33.8154,28.9864,-74.3463,44.5386,-1.2851,2.4329,-1,91.5622
172952,570611590,G,69.2751,31.2044,27.4262,-55.4357,41.5441,-1.0992,0.721,1,G,53.1489,-35.656,-30.8248,-24.5617,47.133,-0.5,-2.4287,-1,92.5023
172952,570581852,G,49.5202,17.6668,-28.6498,-36.3224,33.659,-0.9362,-1.0182,-1,G,85.0813,-40.7176,35.3737,-65.7997,53.9372,-1.0287,2.4263,1,84.3334
172952,570415441,G,87.5034,1.6027,-45.8263,74.5266,45.8543,1.2623,-1.5358,-1,G,39.9733,3.8933,35.1656,18.603,35.3805,0.5042,1.4605,1,86.2167
172952,571033314,G,99.1965,-39.6037,-23.7147,87.8015,46.161,1.399,-2.6021,1,G,95.9075,24.6793,43.5099,81.8294,50.0218,1.2678,1.0548,-1,93.1469
172952,571994277,G,42.0772,-1.9318,23.8751,-34.5938,23.9531,-1.1634,1.6515,1,G,51.3331,-0.9132,-25.3143,44.6479,25.3307,1.3321,-1.6068,-1,92.813
172952,571921255,G,42.135,8.1864,-35.3561,-21.4073,36.2915,-0.5601,-1.3433,-1,G,55.0991,0.9603,54.4751,-8.2118,54.4836,-0.1502,1.5532,1,90.1553
172952,572072416,G,94.0672,-42.177,22.4896,81.0182,47.7983,1.2983,2.6517,1,G,177.905,30.0676,-25.0235,173.551,39.1182,2.1955,-0.6941,-1,94.9229
172952,572116736,G,171.816,43.2687,-28.2233,163.865,51.6598,1.8715,-0.578,-1,G,144.697,-40.0754,9.7077,138.697,41.2344,1.9276,2.9039,1,91.0113
172952,573235414,G,49.6482,-46.1949,10.8604,14.5952,47.4543,0.3029,2.9107,-1,G,43.3749,40.7603,-12.8311,-7.4389,42.7322,-0.1732,-0.305,1,92.5671
172952,573156826,G,34.0959,16.9639,-28.493,7.9305,33.1606,0.2369,-1.0338,-1,G,77.8287,-13.6006,55.6982,52.631,57.3347,0.8222,1.8103,1,90.0443
172952,573266122,G,38.0397,25.2668,6.7324,-27.6274,26.1483,-0.9208,0.2604,-1,G,57.9161,-26.7822,2.3538,51.2975,26.8854,1.4017,3.0539,1,92.5332
172952,572448103,G,131.538,37.2319,-20.8585,-124.423,42.6766,-1.7914,-0.5107,-1,G,29.5239,-23.363,15.352,-9.494,27.9556,-0.3334,2.5602,1,88.2307
172952,572817831,G,122.299,-57.0055,37.9729,-101.318,68.495,-1.1832,2.554,1,G,32.95,19.7542,-26.3162,-1.7102,32.9055,-0.0519,-0.9269,-1,109.379
172952,572656448,G,89.6319,8.5877,-40.6572,-79.4174,41.5543,-1.4032,-1.3626,-1,G,79.6765,-10.6684,45.718,-64.3768,46.9463,-1.1212,1.8,1,89.2112
172952,572859423,G,68.5077,33.299,-22.6826,55.4073,40.2905,1.1235,-0.598,1,G,59.8926,-32.1236,27.1352,42.6483,42.0505,0.8914,2.4402,-1,82.7681
172952,573062935,G,39.9568,-16.8859,-33.4585,13.854,37.478,0.3617,-2.0382,-1,G,45.9535,21.9506,32.2667,-24.2641,39.0252,-0.5874,0.9734,1,85.1184
172952,572537502,G,130.846,-28.8158,29.7252,124.124,41.3997,1.8179,2.3407,-1,G,63.6472,31.7805,-26.6524,48.2763,41.4771,0.9927,-0.6979,1,89.9309
172952,573153265,G,54.8497,-4.215,-31.699,-44.5633,31.978,-1.1342,-1.703,1,G,54.9923,39.1311,38.4261,4.0421,54.8435,0.0736,0.7763,-1,95.7022
172952,572340258,G,62.2706,33.8389,2.5226,52.2128,33.9328,1.2161,0.0744,-1,G,48.3473,-47.261,8.3766,5.8033,47.9976,0.1206,2.9662,1,92.5824
172952,573249746,G,171.055,28.7832,-13.291,168.091,31.7037,2.37,-0.4326,1,G,39.8338,-31.0346,12.7813,21.4527,33.5635,0.6021,2.7509,-1,92.4222
172952,987663020,G,46.5024,17.4007,30.8215,30.1614,35.3942,0.7729,1.0568,-1,G,51.7521,-16.1361,-48.7556,6.3857,51.3565,0.124,-1.8904,1,89.4148
172952,986942455,G,122.889,50.4327,-8.0198,111.776,51.0663,1.525,-0.1577,-1,G,31.1704,-29.0945,0.7054,11.1623,29.103,0.3747,3.1174,1,90.0644
172952,987054783,G,77.8216,-1.9236,45.3283,-63.2284,45.3691,-1.1343,1.6132,-1,G,57.3432,-1.9041,-44.5708,-36.0284,44.6115,-0.7386,-1.6135,1,91.6645
172952,987377856,G,49.9019,28.502,1.9432,40.9152,28.5682,1.1565,0.0681,-1,G,37.9308,-36.4301,-9.0519,-5.4447,37.5378,-0.1445,-2.8981,1,79.6433
172952,987078842,G,129.311,36.7726,12.5194,-123.338,38.8453,-1.8724,0.3281,1,G,39.6285,-32.1031,-12.3726,-19.6651,34.4048,-0.5443,-2.7737,-1,89.826
172952,987660040,G,48.8148,40.2054,-27.4401,-3.6656,48.6769,-0.0752,-0.5989,-1,G,47.3504,-31.3511,21.3392,28.3512,37.9243,0.6912,2.544,1,92.3187
172952,986953556,G,32.0644,-19.4584,9.6817,23.5743,21.734,0.94,2.6799,-1,G,60.6262,36.8411,-16.12,-45.3697,40.2134,-0.9692,-0.4125,1,88.164
172952,988546405,G,44.6471,-41.2249,-3.2217,-16.8368,41.3506,-0.3967,-3.0636,1,G,59.4139,40.3634,15.0093,-40.9331,43.0637,-0.846,0.356,-1,85.7417
172952,988810649,G,74.9928,28.8333,-15.2778,-67.5214,32.6308,-1.4742,-0.4873,-1,G,37.1696,-17.7826,31.7685,7.4906,36.4069,0.2043,2.0811,1,92.6426
172952,988560624,G,85.0974,-22.6977,35.93,-73.7252,42.4989,-1.3183,2.1342,1,G,149.16,17.6828,-42.2841,-141.944,45.8326,-1.8487,-1.1747,-1,91.0926
172952,988718942,G,93.0016,-2.8754,-30.7094,87.7379,30.8438,1.7681,-1.6642,1,G,43.5813,-20.5825,32.2151,20.9254,38.2289,0.5232,2.1393,-1,79.3387
172952,988247759,G,58.2183,24.9593,-29.563,43.5021,38.6902,0.9666,-0.8696,1,G,42.7375,-28.1283,32.1385,-1.5502,42.7093,-0.0363,2.2898,-1,91.7358
172952,988744742,G,80.0617,-49.2769,11.2123,-62.0962,50.5364,-1.0342,2.9179,-1,G,51.8911,44.6528,-15.717,-21.2552,47.3381,-0.4351,-0.3384,1,102.09
172952,989755862,G,157.182,-34.4967,22.8353,-151.641,41.3699,-2.0102,2.5569,1,G,28.7202,20.4699,-17.2839,-10.3482,26.6029,-0.3772,-0.7013,-1,89.9548
172952,989020003,G,37.28,3.5116,-21.3202,30.3793,21.6075,1.1414,-1.4076,1,G,57.5685,-41.317,29.9165,-26.6838,51.0107,-0.5018,2.5149,-1,86.4837
172952,989043659,G,150.342,-15.0459,-52.5594,-140.05,54.6706,-1.6699,-1.8496,-1,G,97.83,-8.3457,38.5826,-89.5122,39.4749,-1.5573,1.7838,1,90.2679
172952,989450308,G,42.5615,35.6772,-23.2023,-0.5113,42.5583,-0.012,-0.5766,1,G,47.8958,-40.7447,23.5801,8.823,47.076,0.1863,2.617,-1,89.9312
172952,988900147,G,113.387,4.8032,26.6489,110.106,27.0783,2.1107,1.3925,1,G,41.3161,13.9626,-35.9652,14.7837,38.5804,0.3744,-1.2005,-1,88.8629
172952,989746174,G,40.7682,23.08,-7.5758,-32.7408,24.2915,-1.1073,-0.3172,1,G,55.4242,-24.7856,8.3619,48.8629,26.1581,1.383,2.8162,-1,94.8131
172952,990705144,G,89.9545,-25.7112,-39.7529,76.4881,47.343,1.2572,-2.1449,1,G,43.7653,-8.7493,37.6561,20.5148,38.6591,0.5085,1.7991,-1,85.3198
172952,990879755,G,160.894,44.5321,0.7938,154.607,44.5392,1.9578,0.0178,-1,G,163.202,-42.8968,-8.2328,157.248,43.6797,1.9928,-2.952,1,87.9033
172952,990938980,G,83.0773,3.1882,33.6509,-75.8899,33.8016,-1.5482,1.4763,1,G,37.1665,6.7057,-35.3887,-9.1655,36.0185,-0.2518,-1.3835,-1,84.3992
172952,990000517,G,39.0251,17.7728,34.4954,-4.1404,38.8047,-0.1065,1.0951,1,G,62.4918,-25.9348,-35.4129,-44.4807,43.894,-0.8908,-2.2029,-1,88.7367
172952,990103282,G,83.1899,11.7448,-22.998,-79.0804,25.8234,-1.838,-1.0986,1,G,28.5572,2.5067,24.195,14.9607,24.3245,0.5817,1.4676,-1,90.3966
172952,990390068,G,42.9363,24.3661,35.2371,2.8551,42.8411,0.0666,0.9658,1,G,65.318,-25.1069,-33.7186,49.9914,42.0393,1.009,-2.2108,-1,94.4637
172952,1025780573,G,59.3661,29.3056,0.5825,51.6253,29.3114,1.3315,0.0199,-1,G,36.6956,-33.0266,-0.1535,-15.993,33.027,-0.4671,-3.1369,1,89.1301
172952,1026115243,G,83.6594,11.1977,36.6015,74.3897,38.2761,1.4181,1.2739,1,G,85.1184,-27.0248,-37.4252,71.5132,46.1626,1.2217,-2.1962,-1,83.3493
172952,1026118770,G,113.799,-105.984,-9.2731,40.3921,106.389,0.3711,-3.0543,-1,G,35.7599,-3.7057,-35.5289,1.6507,35.7217,0.0462,-1.6747,1,81.0009
172952,1025517726,G,112.071,-38.261,-30.0747,100.953,48.6661,1.4764,-2.4754,-1,G,67.306,39.7317,29.9151,45.3494,49.7345,0.8176,0.6454,1,103.776
172952,1026214422,G,82.23,46.7811,3.9779,-67.509,46.9499,-1.1598,0.0848,1,G,46.4906,-40.8854,0.7108,-22.1188,40.8916,-0.5175,3.1242,-1,92.0821
172952,1026385326,G,205.331,-33.44,61.6433,192.984,70.1294,1.7369,2.0678,1,G,63.6885,22.816,-20.3201,55.8815,30.5529,1.3644,-0.7276,-1,92.8289
172952,1026133813,G,65.3808,-6.3507,-30.0704,-57.7068,30.7337,-1.3875,-1.7789,-1,G,33.4994,5.3663,31.0731,11.3076,31.533,0.3513,1.3998,1,87.3065
172952,1026496837,G,132.082,0.9732,-37.7486,126.569,37.7612,1.9242,-1.545,1,G,60.3928,-4.5155,40.8111,44.2871,41.0602,0.9359,1.681,-1,88.5031
172952,1026181878,G,88.894,-33.3826,29.8591,-76.7865,44.788,-1.3081,2.4118,-1,G,78.0603,30.6004,-32.8329,-63.8671,44.8819,-1.1513,-0.8206,1,89.8538
172952,1031587934,G,86.9932,22.9277,-34.5875,76.458,41.4967,1.3709,-0.9854,-1,G,66.4271,-19.7019,40.7035,48.6581,45.221,0.9341,2.0216,1,88.5208
172952,1031394911,G,109.637,-27.0793,-21.3269,104.078,34.4692,1.8246,-2.4745,-1,G,36.3112,13.9806,32.8421,6.6656,35.694,0.1857,1.1683,1,93.4487
172952,1031470922,G,112.245,-17.5264,-11.2022,110.3,20.8006,2.3702,-2.5729,-1,G,21.2181,20.4686,3.8788,4.0235,20.8328,0.192,0.1873,1,68.4108
172952,1030969190,G,48.3011,-30.6381,3.4439,-37.1811,30.831,-1.0198,3.0297,1,G,39.1605,37.8166,6.8006,-7.5626,38.4232,-0.1956,0.1779,-1,74.1016
172952,1031174430,G,86.7467,-12.6089,-40.9408,75.4311,42.8384,1.3313,-1.8696,-1,G,27.5167,23.7912,7.3217,-11.7272,24.8924,-0.4552,0.2986,1,87.9923
172952,1030982977,G,117.55,4.7346,22.3846,-115.302,22.8798,-2.3201,1.3623,-1,G,22.6959,-0.7991,-21.1545,8.182,21.1696,0.3775,-1.6085,1,90.4282
172952,1032067697,G,146.534,-11.2438,-35.772,-141.655,37.4975,-2.0393,-1.8753,1,G,257.321,37.6726,47.6681,-250.045,60.7575,-2.1223,0.902,-1,93.967
172952,1032363992,G,121.55,-88.6901,-30.0161,-77.5087,93.6318,-0.7542,-2.8152,1,G,23.2511,14.5315,15.4092,-9.5912,21.1804,-0.4386,0.8147,-1,87.5685
172952,1032636768,G,88.2021,1.9867,45.8291,-75.3349,45.8721,-1.2712,1.5275,-1,G,60.5544,-14.2571,-37.7109,-45.1824,40.3159,-0.9642,-1.9323,1,85.9512
172952,1032959100,G,56.9441,-26.1734,-28.1794,-41.994,38.4594,-0.9449,-2.3193,-1,G,40.1043,25.0869,29.2535,11.1008,38.5372,0.2842,0.8619,1,91.9874
172952,1032793729,G,101.597,-40.2059,-8.3099,92.9324,41.0557,1.5557,-2.9378,-1,G,31.5124,30.8381,4.4643,4.7014,31.1596,0.1503,0.1438,1,89.9072
172952,1033096954,G,41.5832,13.0848,16.1767,36.0036,20.8062,1.3161,0.8907,1,G,35.5514,-18.6688,-20.93,-21.8473,28.0462,-0.7162,-2.2992,-1,75.4691
172952,1032152735,G,68.7884,-56.2582,-13.9554,37.0418,57.9632,0.602,-2.8984,1,G,43.1551,32.9014,16.6711,22.4035,36.884,0.5752,0.469,-1,91.8949
172952,1032723053,G,39.9869,-7.9185,-39.035,3.537,39.83,0.0887,-1.7709,1,G,65.2981,37.1017,32.0843,43.1032,49.0504,0.793,0.713,-1,89.4967
172952,1032892485,G,39.3351,1.3009,-37.1317,12.9144,37.1545,0.3409,-1.5358,-1,G,61.8317,-2.1538,60.4503,12.8164,60.4887,0.2103,1.6064,1,95.0166
172952,1032172974,G,65.8295,-17.0237,-42.3605,47.4267,45.6533,0.9086,-1.9529,1,G,67.777,22.0753,42.944,47.5627,48.2857,0.8707,1.096,-1,93.8183
172952,1032147832,G,65.3919,-1.4849,-48.6529,-43.6667,48.6755,-0.8067,-1.6013,1,G,46.598,-6.0032,36.4725,-28.3741,36.9632,-0.7072,1.7339,-1,84.5425
172952,1033469289,G,58.812,5.8599,32.4189,-48.7187,32.9442,-1.183,1.392,-1,G,38.2783,-5.9219,-37.7788,1.7064,38.2401,0.0446,-1.7263,1,84.7799
172952,1034039993,G,83.4541,8.5319,26.5043,-78.6721,27.8437,-1.7618,1.2594,-1,G,31.0543,-7.9519,-28.1452,10.4392,29.247,0.3498,-1.8461,1,91.9425
172952,1034161012,G,125.889,-17.7474,-42.4558,117.178,46.0159,1.6643,-1.9667,1,G,54.9071,12.4341,37.0289,38.5879,39.0608,0.8728,1.2468,-1,91.4696
172952,1033159208,G,75.0034,3.7018,36.3431,-65.5055,36.5311,-1.3471,1.4693,-1,G,35.0792,-5.1746,-34.3778,4.6823,34.7651,0.1343,-1.7202,1,91.7206
172952,1033947424,G,91.3493,-10.3263,-38.2494,82.3106,39.6188,1.4778,-1.8345,1,G,62.9879,-6.1119,43.8428,44.8098,44.2668,0.89,1.7093,-1,85.7839
172952,1034013843,G,67.2998,-29.856,-3.0466,-60.2377,30.0111,-1.4468,-3.0399,-1,G,115.191,53.1224,49.1813,-89.5997,72.3933,-1.0399,0.7469,1,90.4533
172952,1034066875,G,237.934,24.4096,49.0065,-231.55,54.7492,-2.1489,1.1087,1,G,88.861,-2.2592,-32.9117,-82.5105,32.9891,-1.6477,-1.6393,-1,86.0912
172952,1033662507,G,216.244,39.0068,17.3465,-211.989,42.6899,-2.3057,0.4184,-1,G,116.028,-40.8425,-18.2189,-107.063,44.7218,-1.6071,-2.722,1,92.7737
172952,1034211327,G,41.4018,22.3515,-34.8442,0.6221,41.397,0.015,-1.0004,-1,G,58.3687,-1.8625,57.7651,8.1626,57.7951,0.1408,1.603,1,94.5083
172952,1033699182,G,137.429,-36.9221,-81.9981,-103.922,89.9274,-0.9872,-1.9939,-1,G,21.1961,19.3785,8.3389,-2.0491,21.0965,-0.097,0.4064,1,90.5459
172952,1033758057,G,95.2538,19.6269,-27.5774,-89.0367,33.8486,-1.6946,-0.9523,-1,G,29.1386,-22.6563,18.1915,2.1916,29.0558,0.0754,2.4651,1,88.5105
172952,1034478544,G,30.2778,17.3453,-24.586,-3.3767,30.0887,-0.112,-0.9564,-1,G,60.773,5.884,52.4631,-30.1056,52.792,-0.5432,1.4591,1,76.5012
172952,1035188685,G,92.1921,38.2871,-10.9759,83.1445,39.8293,1.4821,-0.2792,1,G,35.1299,-33.7869,9.3455,2.2817,35.0555,0.065,2.8717,-1,94.2886
172952,1035048199,G,29.5247,-4.8975,-26.7699,11.4492,25.848,0.4094,-1.7512,1,G,32.7487,19.0115,23.7384,-12.1457,30.4129,-0.3894,0.8955,-1,60.5731
172952,1034936948,G,54.7078,19.1627,-51.1979,-2.1221,54.6666,-0.0388,-1.2127,1,G,42.8539,2.4234,38.4827,-18.699,38.559,-0.4677,1.5079,-1,91.9627
172952,1034423979,G,135.158,69.777,-7.11,115.535,70.1383,1.2738,-0.1015,1,G,37.1303,-27.0689,-6.8947,24.462,27.9332,0.7907,-2.8922,-1,89.8001
172952,1034665275,G,167.114,-7.1837,44.2729,-160.983,44.8519,-1.9899,1.7316,1,G,202.71,7.9738,-44.1018,-197.694,44.8169,-2.1899,-1.3919,-1,90.1139
172952,1034241506,G,113.899,-31.0327,12.9667,108.82,33.6328,1.8904,2.7458,1,G,32.0316,31.3693,-5.7709,2.9462,31.8957,0.0922,-0.1819,-1,93.5528
172952,1035058234,G,109.636,16.5588,-45.7877,-98.2312,48.6899,-1.4514,-1.2238,1,G,79.0452,-14.7379,38.9238,-67.2002,41.6205,-1.2567,1.9327,-1,90.4582
172952,1140584905,G,204.679,29.4727,-25.3358,200.955,38.8657,2.3453,-0.7101,1,G,41.8324,-28.0876,15.783,26.6818,32.2183,0.7545,2.6296,-1,94.1072
172952,1139648700,G,80.6971,-2.1126,-20.9727,77.8954,21.0789,2.0181,-1.6712,-1,G,29.5253,-16.2834,15.95,-18.7664,22.7937,-0.7508,2.3665,1,91.0445
172952,1139984204,G,42.4082,-42.0162,-5.1877,2.4845,42.3353,0.0587,-3.0187,1,G,46.3947,45.6862,1.0991,-8.0017,45.6994,-0.1742,0.0241,-1,88.461
172952,1140116202,G,70.1888,23.5979,-29.9586,-58.9244,38.1363,-1.2195,-0.9036,1,G,36.9069,-22.8536,27.043,10.4164,35.4063,0.2901,2.2724,-1,95.4328
172952,1140187876,G,173.594,5.1415,-37.6177,-169.391,37.9675,-2.201,-1.435,-1,G,55.9937,-13.9114,35.1333,-41.3208,37.7873,-0.946,1.9478,1,90.7081
172952,1140477379,G,211.775,-20.5015,49.5456,204.875,53.6198,2.0503,1.9631,1,G,102.094,-20.7673,-36.3547,93.1138,41.8681,1.5395,-2.0898,-1,88.5407
172952,1140522115,G,85.4946,70.5611,48.255,-1.377,85.4834,-0.0161,0.5998,-1,G,53.0773,-21.177,41.259,-25.815,46.3764,-0.5313,2.045,1,89.5053
172952,1140526485,G,81.873,21.7136,24.5292,-75.0334,32.7591,-1.5665,0.8462,1,G,34.1679,-23.0108,-24.7956,4.808,33.8278,0.1417,-2.3189,-1,92.3696
172952,1141516317,G,99.6318,-0.5915,37.8693,-92.1523,37.8739,-1.6221,1.5864,-1,G,29.3256,2.8472,-28.9471,-3.7334,29.0868,-0.128,-1.4728,1,85.7394
172952,1141158199,G,290.878,-75.148,13.7928,280.665,76.4033,2.0123,2.9601,-1,G,43.8667,23.038,20.7378,31.0398,30.9969,0.8824,0.7329,1,104.817
172952,1141417365,G,114.647,38.4033,-5.8937,-107.863,38.8529,-1.7452,-0.1523,-1,G,54.7958,-42.9262,1.3272,-34.0316,42.9467,-0.7267,3.1107,1,92.3881
172952,1141708309,G,51.1266,27.2157,32.1441,-28.9825,42.1181,-0.6429,0.8682,-1,G,44.6744,-34.0509,-27.8992,7.6136,44.0207,0.1721,-2.4552,1,93.0401
172952,1141183368,G,57.0523,4.3425,36.587,43.5601,36.8438,1.0046,1.4527,-1,G,55.7326,5.0725,-51.7982,19.933,52.046,0.3742,-1.4732,1,91.4823
172952,1141011794,G,48.8314,34.0346,-20.056,28.7037,39.5044,0.6743,-0.5325,-1,G,42.2911,-33.8857,21.0681,-14.0151,39.9012,-0.3444,2.5853,1,89.925
172952,1140795970,G,48.3703,-33.9562,-27.8579,20.263,43.9214,0.4464,-2.4545,1,G,55.1306,39.6426,27.774,26.3901,48.4038,0.5213,0.6111,-1,92.2149
172952,1142782890,G,78.9527,14.4599,-40.3049,66.332,42.8203,1.2217,-1.2263,1,G,46.4701,-14.0596,40.7888,17.2644,43.1439,0.3902,1.9027,-1,93.4993
172952,1142681668,G,47.4823,-19.4303,-35.5147,-24.8139,40.4825,-0.5799,-2.0714,1,G,37.9006,20.4239,21.8795,23.2507,29.9307,0.7145,0.8198,-1,84.2667
172952,1142772670,G,142.325,0.7051,41.4528,-136.153,41.4588,-1.9046,1.5538,-1,G,91.0978,-8.8864,-44.1241,-79.2016,45.0101,-1.3307,-1.7695,1,89.6363
172952,1141913544,G,54.3155,27.8875,3.8677,-46.4488,28.1544,-1.2751,0.1378,-1,G,38.7781,-23.4571,13.6707,27.6877,27.15,0.8953,2.6139,1,89.3712
172952,1142572189,G,48.2032,-23.944,-33.3256,25.2908,41.0355,0.5828,-2.1938,-1,G,43.2677,27.1289,33.6513,1.9222,43.2248,0.0445,0.8923,1,87.2704
172952,1142663981,G,50.3431,14.4682,-37.6178,30.166,40.3042,0.6919,-1.2036,-1,G,39.3459,-8.9052,34.6468,-16.3826,35.7729,-0.4433,1.8224,1,88.3989
172952,1142756613,G,241.363,-55.0767,-46.8746,-230.273,72.3234,-1.8751,-2.4365,1,G,57.6741,16.8573,22.4816,-50.3657,28.0996,-1.3467,0.9274,-1,92.7883
172952,1142422135,G,128.242,29.4047,-16.7006,123.704,33.8164,2.0083,-0.5165,1,G,35.9672,-30.7852,14.2632,11.9356,33.9289,0.3449,2.7077,-1,92.5148
172952,1143336711,G,32.6307,3.1632,28.4671,-15.6322,28.6423,-0.5218,1.4601,1,G,55.4196,-35.9631,-41.5127,7.3938,54.9241,0.1342,-2.2847,-1,80.2431
172952,1143636311,G,104.71,-39.2825,-14.5553,95.9645,41.8924,1.5666,-2.7868,-1,G,61.9029,40.9285,12.1969,44.8113,42.7072,0.9158,0.2896,1,89.0715
172952,1143064472,G,44.4247,30.1908,-23.5124,22.566,38.2664,0.56,-0.6617,1,G,39.1784,-32.3903,17.1695,-13.821,36.6595,-0.3686,2.6542,-1,82.873
172952,1143310484,G,100.748,-27.5256,-39.3281,-88.5765,48.0038,-1.3722,-2.1814,1,G,67.2641,21.0366,37.2807,-51.885,42.8065,-1.0237,1.0571,-1,91.9366
172952,1143765355,G,102.461,-21.5865,9.5594,99.7044,23.6085,2.1475,2.7247,1,G,50.6419,32.0902,-33.7475,19.8976,46.569,0.4152,-0.8106,-1,91.8726
172952,1143823604,G,62.3258,-45.9578,-15.0748,39.3082,48.367,0.7426,-2.8246,-1,G,42.9955,32.0566,26.9772,9.6541,41.8975,0.2284,0.6996,1,91.435
172952,1142817622,G,98.2324,-33.1664,-13.8331,91.4233,35.9355,1.6635,-2.7464,1,G,36.5812,30.7414,13.8921,14.1476,33.7346,0.408,0.4244,-1,83.807
172952,1143051494,G,185.694,-44.955,3.4611,180.137,45.0881,2.0936,3.0648,-1,G,68.275,39.6845,-2.5802,55.4972,39.7683,1.1354,-0.0649,1,94.595
172952,1143246848,G,77.488,3.4414,-40.3332,66.0739,40.4797,1.266,-1.4857,1,G,49.0389,-1.0541,42.2669,24.8434,42.28,0.5582,1.5957,-1,87.9411
172952,1143121031,G,80.045,42.5775,29.1836,-61.1773,51.619,-1.0064,0.6009,-1,G,50.8665,-37.4878,-17.2811,-29.7224,41.2792,-0.669,-2.7096,1,93.314
172952,1142929281,G,87.7882,81.9625,14.5259,27.8907,83.2398,0.3291,0.1754,-1,G,27.0648,-25.1462,8.7802,4.8034,26.635,0.1794,2.8057,1,91.384
172952,1143014717,G,75.43,73.5987,3.8811,16.0576,73.7009,0.2162,0.0527,1,G,94.8926,45.318,-55.202,62.4789,71.4212,0.79,-0.8834,-1,77.8896
172952,1143341029,G,191.629,15.9583,48.3247,184.747,50.8915,2.0009,1.2518,-1,G,154.094,-9.7028,-46.9094,146.46,47.9024,1.8365,-1.7748,1,98.9201
172952,1143396085,G,48.7927,10.5696,-42.2308,-22.0353,43.5334,-0.4867,-1.3256,-1,G,66.6953,14.3792,45.755,-46.3462,47.9613,-0.8574,1.2663,1,89.5912
172952,1144564373,G,49.4312,25.0652,13.1737,-40.517,28.3162,-1.1558,0.4839,-1,G,47.9938,-28.4223,-32.1418,21.5053,42.9059,0.4823,-2.2949,1,93.5903
172952,1144658350,G,30.2985,27.2032,-11.0049,7.5409,29.3449,0.2542,-0.3844,-1,G,77.8587,-37.7086,44.7583,-51.3491,58.5256,-0.792,2.2709,1,92.3535
172952,1143980127,G,88.2302,-37.4001,-39.5925,-69.4134,54.4641,-1.0628,-2.3277,-1,G,77.2399,13.8241,43.2328,-62.4964,45.3893,-1.1245,1.2613,1,97.0106
172952,1144955040,G,57.9071,1.1292,53.9743,-20.9456,53.9861,-0.3789,1.5499,-1,G,42.5011,-24.1427,-18.3901,29.7534,30.3491,0.8674,-2.4906,1,90.6
172952,1144266586,G,69.6873,40.8337,-12.074,-55.1646,42.5814,-1.0757,-0.2875,1,G,59.2945,-43.0741,14.8476,-37.9472,45.5613,-0.7581,2.8096,-1,89.1839
172952,1145093985,G,46.688,42.7031,-18.4952,-3.759,46.5363,-0.0807,-0.4087,1,G,45.4135,-41.818,17.7044,0.4251,45.4114,0.0094,2.7411,-1,92.0335
172952,1145714745,G,48.5232,-12.0516,27.2511,-38.2965,29.7971,-1.0694,1.9872,-1,G,57.7799,-24.9404,-51.8874,4.9169,57.5702,0.0853,-2.0189,1,90.6134
172952,1144974955,G,67.9695,-13.2183,-54.1609,38.8808,55.7506,0.6505,-1.8102,-1,G,28.5513,22.0704,16.501,-7.4685,27.5569,-0.2678,0.642,1,82.6613
172952,1145014488,G,48.1528,40.3509,6.938,-25.3446,40.943,-0.5851,0.1703,1,G,61.2893,-43.1629,-11.8251,-41.8748,44.7534,-0.8352,-2.8742,-1,86.1819
172952,1145644108,G,45.9859,-23.1515,-39.4991,4.3031,45.784,0.0938,-2.101,-1,G,60.8417,-26.2592,54.2493,8.3167,60.2705,0.1376,2.0216,1,92.7031
172952,1145806005,G,69.2027,-35.5347,26.2112,53.2847,44.1559,1.0203,2.5061,1,G,55.6767,39.9843,-16.8035,34.9111,43.3717,0.7365,-0.3978,-1,87.7956
172952,1145370214,G,43.6231,-40.4302,-11.9732,11.1806,42.1659,0.2621,-2.8537,1,G,52.5017,34.6985,12.5458,-37.3501,36.8969,-0.89,0.3469,-1,92.3144
172952,1145118789,G,54.5033,0.4553,-34.0302,42.5716,34.0332,1.0481,-1.5574,1,G,34.2746,3.4023,29.6115,-16.921,29.8063,-0.5409,1.4564,-1,84.7889
172952,1145079258,G,49.1285,-22.4828,-30.6479,31.126,38.0101,0.7473,-2.2037,1,G,51.3554,42.9466,27.5942,5.6134,51.0476,0.1097,0.5711,-1,91.2093
166895,54753712,G,83.6057,12.0294,26.6215,78.3358,29.2132,1.7126,1.1464,-1,G,31.7856,-16.3324,-26.9878,-3.902,31.5451,-0.1234,-2.115,1,88.0689
166895,55162885,G,124.498,-25.6137,28.4972,-118.455,38.3164,-1.847,2.303,1,G,37.4502,17.8394,-29.4367,-14.7559,34.4204,-0.4165,-1.026,-1,91.7644
166895,54549332,G,71.7773,26.8232,-14.1467,65.0565,30.3251,1.5068,-0.4853,1,G,37.1381,-23.9838,27.3106,-7.625,36.3468,-0.2083,2.2914,-1,91.5578
166895,54681628,G,36.9485,-23.1504,6.4395,-28.0673,24.0293,-0.9954,2.8703,1,G,45.7292,28.8165,-6.511,34.9051,29.5429,1.0041,-0.2222,-1,82.1993
166895,54779267,G,110.072,-4.7155,44.5361,-100.549,44.7851,-1.5482,1.6763,1,G,56.4225,-7.9702,-38.6131,-40.3607,39.4271,-0.898,-1.7744,-1,87.5717
166895,54836268,G,84.31,-14.3765,32.0136,-76.6591,35.0935,-1.5232,1.9929,-1,G,39.3509,24.7509,-29.7872,-6.9711,38.7283,-0.179,-0.8775,1,90.4733
166895,54680042,G,130.428,-21.7247,20.3957,126.978,29.7984,2.1562,2.3877,1,G,32.593,30.6871,-9.9908,4.5584,32.2725,0.1408,-0.3147,-1,95.3169
166895,54764026,G,76.5593,2.8595,43.4912,62.9417,43.5851,1.1634,1.5051,-1,G,39.5638,0.2128,-38.5591,8.8565,38.5596,0.2277,-1.5653,1,91.0815
166895,56209677,G,109.606,-34.9635,-32.4882,98.6685,47.7276,1.4733,-2.3929,1,G,38.8203,29.5686,16.9979,18.5411,34.1062,0.5199,0.5217,-1,89.5719
166895,55870172,G,85.9288,-12.2312,26.4823,-80.8259,29.1705,-1.7434,2.0035,-1,G,30.2618,16.0114,-25.6752,-0.433,30.2586,-0.0143,-1.0132,1,82.9597
166895,56355724,G,122.07,10.5822,-34.4232,116.637,36.0131,1.8914,-1.2726,1,G,23.491,-22.4393,3.62,-5.9321,22.7295,-0.2581,2.9816,-1,88.5611
166895,56000176,G,66.4302,-26.507,26.8265,-54.687,37.7132,-1.1667,2.3502,1,G,82.171,18.8979,-32.8244,-72.9211,37.8757,-1.4097,-1.0484,-1,75.5287
166895,55993143,G,165.926,-54.4281,-40.4976,151.423,67.8415,1.5428,-2.5019,-1,G,81.0904,34.1874,2.5786,73.4861,34.2846,1.506,0.0753,1,92.6575
166895,55866683,G,46.8969,-28.6913,-37.0482,-1.8813,46.859,-0.0401,-2.2298,1,G,46.5966,33.366,31.9593,6.0451,46.2027,0.1305,0.7639,-1,93.1447
166895,55481895,G,40.2356,-5.2527,39.5537,-5.1776,39.901,-0.1294,1.7028,1,G,69.6191,34.9655,-34.0287,-49.6616,48.7908,-0.8939,-0.7718,-1,90.2628
166895,55881804,G,75.049,8.2755,23.0968,-70.9253,24.5346,-1.7833,1.2268,-1,G,33.1693,-12.506,-25.7244,16.7943,28.6032,0.5578,-2.0233,1,93.5748
166895,56395264,G,79.6441,26.9884,18.5967,-72.5876,32.7751,-1.5357,0.6033,1,G,39.6163,-33.9851,-19.7088,-5.1007,39.2864,-0.1295,-2.6161,-1,90.2073
166895,56398222,G,103.314,-41.4735,-21.7896,92.0807,46.8491,1.4281,-2.6578,-1,G,46.4967,32.5279,18.8787,27.3397,37.6095,0.6746,0.5259,1,89.9633
166895,56913686,G,42.2977,27.4667,-24.1837,21.2089,36.596,0.5512,-0.7219,1,G,70.7863,-56.3053,15.2489,40.0982,58.3337,0.6423,2.8771,-1,90.0995
166895,56687171,G,64.1043,17.1145,-31.1391,-53.3554,35.5324,-1.1957,-1.0682,1,G,36.4015,-15.6079,25.3546,20.9427,29.7735,0.6554,2.1226,-1,94.9479
166895,57228144,G,52.941,-39.417,-18.9875,-29.8079,43.7519,-0.6373,-2.6927,1,G,37.3614,30.1314,6.545,21.098,30.8341,0.6397,0.2139,-1,88.5304
166895,57065431,G,70.9051,25.8336,29.8392,58.9047,39.4683,1.1906,0.8572,-1,G,49.2617,-31.7946,-30.0895,22.5926,43.7752,0.4956,-2.3837,1,88.1057
166895,56887079,G,112.822,-1.4279,20.9863,110.844,21.0348,2.364,1.6387,-1,G,26.6881,-3.3183,-25.3075,-7.7948,25.5241,-0.3008,-1.7012,1,93.8232
166895,57266166,G,111.221,12.5395,-30.3737,106.256,32.8603,1.8898,-1.1793,1,G,139.197,-65.1204,29.4588,119.446,71.4737,1.2861,2.7168,-1,94.8808
166895,56652761,G,41.8504,32.0718,-26.8857,0.0263,41.8503,0.0006,-0.6977,1,G,55.2124,-34.5622,27.53,-33.1052,44.1865,-0.6925,2.469,-1,91.216
166895,56939561,G,77.3412,44.094,27.6984,-57.1854,52.0719,-0.9491,0.5609,1,G,74.4975,-47.1569,-19.9705,-54.1043,51.2113,-0.9208,-2.741,-1,102.959
166895,57897928,G,43.767,38.746,15.8629,12.7535,41.8675,0.3001,0.3886,1,G,63.6847,-50.7555,21.5075,31.8911,55.1243,0.5503,2.7408,-1,89.5095
166895,57333568,G,54.859,24.6916,-40.9301,-26.9175,47.8011,-0.5369,-1.028,-1,G,40.0775,-12.154,38.1412,1.9279,40.0309,0.0481,1.8793,1,90.6834
166895,58163096,G,51.7813,-29.1246,-8.6045,-41.9406,30.3691,-1.1269,-2.8543,1,G,130.196,54.603,45.8689,-108.929,71.3123,-1.2099,0.6987,-1,91.1938
166895,58188655,G,37.527,26.3494,-10.1934,-24.6995,28.2524,-0.7896,-0.3691,1,G,43.5477,-42.211,10.2015,-3.249,43.4262,-0.0747,2.9045,-1,74.4338
166895,58202043,G,108.601,-31.0926,-36.3836,-97.4862,47.8593,-1.46,-2.2779,-1,G,80.0269,22.8737,33.9868,-68.7458,40.9672,-1.2896,0.9784,1,88.7354
166895,57682490,G,87.5134,-25.0197,-26.7194,79.49,36.6048,1.5178,-2.3234,-1,G,45.702,28.2624,29.9972,19.7501,41.214,0.4625,0.8152,1,88.7495
166895,58103025,G,94.4046,-44.1516,-11.8066,-82.6042,45.7029,-1.354,-2.8803,1,G,60.2559,42.0637,8.7693,-42.2433,42.9681,-0.8694,0.2055,-1,91.2105
166895,58372376,G,93.5461,-34.7664,-7.8075,-86.494,35.6323,-1.6199,-2.9207,1,G,33.4349,32.5939,6.9348,2.7251,33.3235,0.0817,0.2096,-1,95.4017
166895,59066411,G,148.249,-17.1422,46.8012,-139.619,49.8418,-1.7536,1.9219,1,G,61.5676,-18.0743,58.0978,-9.4087,60.8444,-0.154,1.8724,-1,97.8247
166895,59023038,G,160.042,-27.4242,26.5897,155.417,38.1982,2.1112,2.3716,-1,G,61.7004,30.433,-25.9574,46.9784,39.9994,0.9995,-0.7062,1,90.5344
166895,58475490,G,126.109,31.8041,4.427,-121.952,32.1107,-2.0445,0.1383,1,G,34.1939,-30.3704,-8.025,-13.5074,31.4128,-0.4177,-2.8833,-1,85.6312
166895,58753185,G,42.6521,-35.9593,-15.3928,17.0053,39.1154,0.4221,-2.7371,-1,G,49.1291,33.7566,16.0535,-31.8815,37.3795,-0.7735,0.4439,1,90.5384
166895,58400906,G,78.5043,-36.2882,-3.6517,-69.5179,36.4715,-1.4008,-3.0413,-1,G,34.875,34.8596,-0.1462,-1.0213,34.8599,-0.0293,-0.0042,1,88.6713
166895,59708996,G,39.1485,4.1627,-33.7506,-19.3951,34.0063,-0.5432,-1.4481,1,G,51.7895,-3.3835,36.0921,36.9872,36.2504,0.8957,1.6643,-1,89.186
166895,60083880,G,82.9305,47.7697,5.6291,-67.5561,48.1002,-1.1406,0.1173,-1,G,46.6666,-40.098,-12.1829,-20.5303,41.9079,-0.4722,-2.8466,1,94.5219
166895,59203717,G,64.9934,38.6758,4.9574,-51.9975,38.9922,-1.0987,0.1275,-1,G,71.6861,-50.6044,-8.0448,-50.1335,51.2399,-0.866,-2.9839,1,89.9929
166895,59875723,G,40.5993,-19.3261,-15.899,-31.969,25.0255,-1.0646,-2.4532,-1,G,47.6221,14.5705,19.2175,41.0639,24.1166,1.3022,0.9221,1,87.5595
166895,59390361,G,54.1765,-18.4313,19.6855,-46.9877,26.9672,-1.3221,2.3233,1,G,40.1595,19.4069,-5.3367,34.7515,20.1273,1.3142,-0.2684,-1,92.4268
166895,65119123,G,85.4472,-24.9071,25.1807,77.7611,35.4179,1.5278,2.3507,-1,G,33.3753,22.6749,-24.1599,-4.006,33.1339,-0.1206,-0.8171,1,93.1287
166895,64871457,G,55.6968,27.5347,-27.0567,40.1484,38.6035,0.9094,-0.7766,1,G,39.1073,-17.2566,32.79,-12.5057,37.0537,-0.3314,2.0552,-1,89.9176
166895,65016133,G,45.5804,-29.7729,6.9761,33.8005,30.5793,0.9539,2.9114,-1,G,56.8853,39.9312,-39.8728,-7.1817,56.43,-0.1269,-0.7847,1,92.7646
166895,65836283,G,55.1768,18.5583,-18.1409,-48.6926,25.952,-1.3869,-0.774,-1,G,34.3337,-28.5739,14.3153,12.5457,31.9593,0.3831,2.6772,1,81.1824
166895,66444737,G,110.364,33.9708,1.3296,-104.997,33.9968,-1.846,0.0391,-1,G,32.2708,-31.9603,-1.6201,-4.1598,32.0014,-0.1296,-3.0909,1,91.7894
166895,66479082,G,75.9329,28.2098,-36.8115,60.1242,45.6556,1.0762,-0.9169,1,G,45.6031,-27.0484,33.002,16.0897,42.6702,0.3687,2.2574,-1,94.5864
166895,66447678,G,194.821,43.8289,16.4057,-189.117,46.7987,-2.1046,0.3582,1,G,136.655,-43.3357,-9.413,-129.26,44.3463,-1.7912,-2.9277,-1,91.9996
166895,66254150,G,75.4558,-18.2739,-41.0065,-60.6474,44.894,-1.1091,-1.99,-1,G,70.1232,23.3346,40.0556,-52.6146,46.3569,-0.9737,1.0433,1,91.3153
166895,66497076,G,33.0647,17.6317,21.7255,17.6179,27.9799,0.5941,0.889,1,G,58.705,-18.2515,-37.741,-41.0945,41.9226,-0.8673,-2.0212,-1,87.2562
166895,66229465,G,79.114,-2.1428,-78.7628,-7.1296,78.792,-0.0904,-1.598,1,G,33.5994,-13.5085,27.0143,14.7192,30.2035,0.4699,2.0345,-1,98.6095
166895,65934437,G,54.772,-46.2929,-0.9594,-29.2577,46.3028,-0.596,-3.1209,1,G,53.2286,44.3639,8.9958,-28.0036,45.2667,-0.5847,0.2001,-1,91.1975
166895,65993197,G,173.517,48.4011,-31.9788,163.532,58.0113,1.7596,-0.5839,-1,G,37.562,-23.5057,25.5607,14.3187,34.7256,0.4015,2.3143,1,110.736
166895,67101338,G,88.916,-22.701,22.2992,-83.0268,31.8212,-1.687,2.3651,1,G,27.4779,11.9408,-20.7819,13.4372,23.9681,0.5348,-1.0493,-1,92.6647
166895,67140774,G,52.641,-11.5454,-44.0,-26.4909,45.4895,-0.5536,-1.8274,-1,G,43.7462,5.7048,43.1571,-4.3165,43.5326,-0.099,1.4394,1,91.1404
166895,67376934,G,45.5358,20.7306,19.2374,-35.6885,28.2813,-1.055,0.7481,1,G,68.7981,-59.0231,-29.646,-19.2499,66.05,-0.2875,-2.6761,-1,92.0835
166895,67148122,G,84.6755,-30.2654,-30.3934,-73.008,42.8924,-1.3019,-2.3541,-1,G,60.2227,15.1559,31.0207,-49.3435,34.5252,-1.1548,1.1163,1,76.1375
166895,67933453,G,92.3239,-34.9019,-22.4885,-82.461,41.5196,-1.4374,-2.5692,-1,G,28.9621,20.7937,18.2743,8.5126,27.6827,0.3029,0.721,1,95.0007
166895,68970503,G,55.7863,-54.2121,-9.0805,-9.5232,54.9674,-0.1724,-2.9756,1,G,33.7769,33.5921,3.4216,-0.8571,33.7659,-0.0254,0.1015,-1,86.3517
166895,68421642,G,46.8269,-1.8343,-24.0422,40.1418,24.112,1.2828,-1.6469,1,G,43.3163,-12.6906,28.1964,-30.3349,30.9207,-0.8679,1.9937,-1,88.3256
166895,68933233,G,176.564,-28.1199,-17.934,-173.385,33.352,-2.3507,-2.5739,-1,G,48.8092,27.611,24.0532,-32.2708,36.6186,-0.7949,0.7166,1,91.9833
166895,68567440,G,114.612,-45.0296,-1.6788,105.382,45.0609,1.5856,-3.1043,-1,G,45.974,37.6352,1.1152,26.3808,37.6517,0.6532,0.0296,1,91.4952
166895,69546979,G,182.477,-34.6797,-13.171,-178.666,37.0966,-2.2757,-2.7786,-1,G,130.415,38.4326,15.6472,-123.637,41.4957,-1.8119,0.3866,1,80.5835
166895,70003676,G,80.903,7.0471,30.5782,-74.5694,31.3798,-1.6003,1.3443,-1,G,35.9869,-6.1822,-33.2438,12.3156,33.8138,0.3566,-1.7547,1,98.8932
166895,70045125,G,196.176,-29.6621,27.5801,191.949,40.503,2.2599,2.3925,-1,G,122.61,27.0632,-37.3339,113.608,46.1111,1.6337,-0.9436,1,90.3155
166895,69519169,G,43.4399,-2.1547,-40.4267,-15.7498,40.484,-0.3798,-1.624,-1,G,46.68,-3.0721,45.9055,7.8904,46.0082,0.1707,1.6376,1,89.4567
166895,69589353,G,45.0364,-34.6088,-28.7981,1.0819,45.0233,0.024,-2.4476,-1,G,48.182,35.5632,28.3359,-15.932,45.4716,-0.3436,0.6728,1,92.0218
166895,69806185,G,141.986,-25.3882,-8.0034,-139.468,26.6198,-2.3583,-2.8362,-1,G,34.7835,31.5147,-2.3145,-14.5378,31.5996,-0.4452,-0.0733,1,85.9396
166895,69956993,G,30.6776,-4.3071,-28.8544,9.4853,29.1741,0.3197,-1.719,-1,G,74.7587,22.3345,48.3058,-52.503,53.2192,-0.8718,1.1377,1,92.5361
166895,70028582,G,36.863,22.3246,-27.7457,9.5216,35.6119,0.2643,-0.8932,1,G,60.2822,-46.222,34.6252,17.2787,57.7527,0.2949,2.4987,-1,90.0029
166895,69831329,G,58.8005,29.0991,18.4305,47.6555,34.4448,1.1284,0.5646,1,G,36.1521,-28.246,-19.9321,-10.5754,34.5706,-0.3013,-2.5271,-1,87.3961
166895,70509076,G,139.011,-42.7813,-14.9674,-131.414,45.324,-1.7862,-2.805,1,G,115.486,47.3873,11.9413,-104.637,48.8687,-1.505,0.2469,-1,94.9638
166895,70267338,G,129.774,-31.4052,-28.6985,122.603,42.5428,1.7804,-2.4012,-1,G,101.55,35.1547,28.8722,90.7907,45.4913,1.4418,0.6876,1,89.2192
166895,71036682,G,68.1244,-25.5523,-23.7161,-58.5282,34.8622,-1.29,-2.3935,-1,G,48.5448,33.2086,30.6498,-17.7304,45.1909,-0.3829,0.7453,1,87.6905
166895,70844891,G,39.0741,23.9583,-14.0503,27.4839,27.7743,0.874,-0.5304,1,G,33.6427,-24.5656,15.9044,-16.5952,29.2646,-0.5404,2.567,-1,71.8705
166895,70546969,G,77.9171,-62.5599,34.3418,-31.2724,71.3659,-0.4253,2.6396,1,G,41.9943,-7.396,-40.7527,-6.9302,41.4184,-0.1666,-1.7503,-1,89.3553
166895,71489057,G,106.533,36.6844,-37.8305,92.5866,52.6962,1.3294,-0.8008,1,G,63.4231,-31.0505,26.9787,48.2751,41.1337,0.999,2.4263,-1,94.3047
166895,71708645,G,74.7883,13.7467,-16.8034,-71.5678,21.7101,-1.9083,-0.8851,-1,G,29.8151,-12.7499,18.2305,19.8499,22.2466,0.8031,2.1811,1,90.9071
166895,71410332,G,113.003,32.1625,17.7961,106.857,36.7577,1.7886,0.5054,-1,G,29.9309,-29.609,3.8974,1.991,29.8644,0.0666,3.0107,1,90.0274
166895,71881778,G,30.6306,16.6922,-13.0305,-22.1314,21.176,-0.9129,-0.6628,-1,G,87.4101,40.3823,19.8719,74.9326,45.0069,1.2829,0.4573,1,88.5514
166895,71231622,G,164.702,-30.7019,-24.6267,-159.93,39.3583,-2.11,-2.4656,1,G,34.1373,23.6225,16.5471,-18.2623,28.8415,-0.5971,0.611,-1,87.5733
166895,72745716,G,66.037,1.9588,-38.8406,-53.3708,38.89,-1.1218,-1.5204,1,G,44.8306,-8.6678,42.603,-10.9374,43.4758,-0.249,1.7715,-1,89.9828
166895,72645703,G,122.204,27.075,-10.2238,118.727,28.941,2.1193,-0.3611,-1,G,29.2016,-28.4738,-6.3567,-1.2484,29.1747,-0.0428,-2.9219,1,94.0502
166895,72846439,G,76.0033,53.0655,-29.3163,-45.8376,60.6251,-0.698,-0.5047,-1,G,40.4545,-28.996,11.0854,-25.9404,31.0428,-0.7603,2.7764,1,86.5946
166895,72650243,G,35.7869,21.9893,-1.8412,-28.1739,22.0663,-1.0642,-0.0835,1,G,43.9023,-42.1018,10.8311,6.1262,43.4727,0.1405,2.8898,-1,73.3413
166895,72986906,G,43.6784,20.9476,19.9769,32.7094,28.9462,0.9704,0.7617,-1,G,69.7766,-46.7724,28.9782,-42.9111,55.0218,-0.7169,2.5869,1,98.5111
166895,73733640,G,82.4045,-38.2754,-6.8118,72.6573,38.8768,1.3834,-2.9655,1,G,39.7142,37.5631,9.6544,8.5447,38.7839,0.2186,0.2516,-1,91.1626
166895,73770634,G,74.2612,18.0741,-35.6033,-62.6135,39.9283,-1.232,-1.1011,-1,G,56.1791,-22.6125,41.9886,-29.6937,47.6903,-0.5881,2.0648,1,91.8297
166895,73438527,G,129.002,26.8457,11.2474,-125.676,29.1066,-2.169,0.3967,1,G,37.1415,-34.0339,-8.6652,-12.0868,35.1197,-0.3377,-2.8923,-1,92.5577
166895,73778368,G,64.4018,-37.0416,-22.8562,-47.4668,43.5257,-0.944,-2.5887,1,G,39.9596,34.1741,19.3037,-7.5005,39.2492,-0.19,0.5142,-1,88.5949
166895,73457254,G,53.2457,-33.6178,9.6646,-40.1439,34.9794,-0.982,2.8617,1,G,49.3298,38.5136,-29.4572,-9.0771,48.4873,-0.1861,-0.6529,-1,87.6545
166895,73636829,G,84.5317,-13.1501,-40.8912,-72.8051,42.9536,-1.2983,-1.8819,1,G,66.3884,-11.1346,47.257,-45.2792,48.5511,-0.8329,1.8022,-1,90.5688
166895,74303849,G,66.284,-26.3051,-16.0248,58.6925,30.8018,1.4005,-2.5944,-1,G,36.2028,31.2396,15.7376,-9.3302,34.9797,-0.2637,0.4667,1,89.6799
166895,74402831,G,41.6459,-36.7949,-7.1552,-18.147,37.4841,-0.467,-2.9495,1,G,58.1889,52.4918,-24.5325,-5.3575,57.9417,-0.0923,-0.4372,-1,90.355
166895,74608796,G,94.9381,50.8536,-25.6789,-75.9456,56.9692,-1.0985,-0.4676,1,G,54.9509,-34.5162,20.0786,-37.7501,39.9315,-0.8422,2.6147,-1,96.1339
166895,74310995,G,108.302,-24.6473,45.352,95.2107,51.6168,1.3719,2.0686,-1,G,94.4874,23.1879,-35.0878,84.611,42.0575,1.4489,-0.9868,1,93.1682
166895,74479395,G,118.026,14.3011,-30.6308,113.082,33.8049,1.9223,-1.134,-1,G,38.8141,-35.73,10.955,10.4823,37.3717,0.2769,2.8441,1,92.1117
166895,73980135,G,45.1982,-19.6026,21.9171,-34.3255,29.4044,-0.9949,2.3005,1,G,66.2934,66.1194,-4.1597,2.3926,66.2501,0.0361,-0.0628,-1,94.5068
166895,74395501,G,53.8067,-36.5616,9.1027,-38.4128,37.6777,-0.8951,2.8976,1,G,42.3836,40.5969,-11.0204,5.1772,42.0661,0.1228,-0.2651,-1,90.1554
166895,74311974,G,56.0332,27.5854,-7.9212,48.1249,28.7002,1.289,-0.2796,-1,G,39.4264,-38.0204,10.305,-1.6369,33.6774,-0.0417,2.8778,1,82.685
166895,74628942,G,224.482,23.0012,-43.3495,219.052,49.0737,2.2014,-1.083,-1,G,132.798,-31.5156,31.2958,125.151,44.4146,1.7592,2.3597,1,94.6343
166895,75595479,G,138.329,-22.6708,42.0536,-129.817,47.7752,-1.725,2.0652,-1,G,23.6165,-18.8875,-13.3999,4.6294,23.158,0.1986,-2.5246,1,89.478
166895,75012662,G,47.5802,-26.8116,-35.8073,-16.2122,44.7328,-0.3549,-2.2135,-1,G,53.3231,27.8077,40.1483,-21.4052,48.8381,-0.4253,0.965,1,93.523
166895,75157142,G,137.977,-38.3841,-39.8988,-126.381,55.3647,-1.5634,-2.3369,-1,G,53.7159,34.335,10.7424,-39.8885,35.9763,-0.9562,0.3032,1,90.7403
166895,75046883,G,96.9273,-60.8179,38.4786,64.9266,71.9682,0.8105,2.5775,-1,G,28.0659,20.5747,-18.5293,-4.5859,27.6885,-0.1649,-0.7331,1,99.8239
166895,75291265,G,41.8107,-18.3357,-14.1745,-34.7996,23.1758,-1.1956,-2.4835,-1,G,45.0123,11.256,23.7561,36.5383,26.2878,1.1321,1.1283,1,85.9842
166895,76247299,G,69.8814,21.8262,19.9076,-63.3302,29.5414,-1.5061,0.7395,-1,G,50.9177,-28.0959,-29.0468,-30.9758,40.4116,-0.7063,-2.3396,1,74.6724
166895,75833329,G,84.6471,7.6322,-45.7541,70.8055,46.3863,1.2093,-1.4055,1,G,125.427,-10.0461,45.006,116.643,46.1136,1.6581,1.7904,-1,94.805
166895,76019706,G,63.821,8.7411,-19.4859,60.1415,21.3567,1.7586,-1.1491,1,G,52.0142,10.5286,46.7917,-20.1286,47.9616,-0.4082,1.3495,-1,103.44
166895,77609830,G,99.1566,2.3565,89.7484,-42.0916,86.6003,-0.4529,1.5447,1,G,22.367,-1.4227,-22.2583,1.6781,22.4183,0.0748,-1.6345,-1,92.6226
166895,77460315,G,93.4982,37.5523,34.7577,78.2537,51.169,1.2109,0.7468,1,G,37.2317,-33.2313,-12.3976,11.321,35.4686,0.314,-2.7845,-1,92.4556
166895,77375674,G,65.3992,-30.2198,0.4208,57.9968,30.2228,1.4068,3.1277,-1,G,86.7817,66.5035,5.422,55.4881,66.7242,0.7572,0.0813,1,94.4963
166895,77430090,G,43.196,-6.4974,-42.4335,4.8032,42.928,0.1117,-1.7227,-1,G,46.4653,1.7203,44.7735,-12.3039,44.8066,-0.2713,1.5324,1,89.1886
166895,77436612,G,69.1217,-10.4657,39.7462,-55.5743,41.101,-1.1099,1.8283,-1,G,46.4095,7.2467,-38.5009,-24.8796,39.177,-0.5987,-1.3847,1,82.8415
166895,77534929,G,140.608,-49.3678,-0.8517,-131.653,49.3751,-1.7073,-3.1243,-1,G,102.318,30.7758,-41.9305,-88.1119,52.0127,-1.2978,-0.9376,1,92.4137
166895,78325933,G,43.2241,33.6821,-17.6689,-20.5338,38.0352,-0.5166,-0.4831,1,G,46.4803,-24.9346,20.8643,33.2167,32.5123,0.8966,2.4448,-1,88.3135
166895,78103294,G,374.342,-80.7814,-45.4233,362.688,92.6764,2.0735,-2.6294,1,G,176.993,-3.8581,-63.4318,165.191,63.5491,1.6835,-1.6315,-1,79.3741
166895,78463798,G,139.305,26.8947,13.8416,-135.982,30.2475,-2.2084,0.4753,-1,G,31.1501,-29.3544,1.4618,-10.3197,29.3908,-0.3443,3.0918,1,86.0852
166895,78357819,G,60.4016,36.1734,4.5178,-48.1603,36.4545,-1.0913,0.1242,1,G,39.815,-32.0399,-20.6939,11.4206,38.1418,0.2951,-2.5681,-1,91.7322
166895,78557355,G,76.1447,29.3911,28.3113,64.2856,40.8089,1.2358,0.7667,-1,G,80.0395,-16.9939,-46.0068,63.2526,49.0451,1.0721,-1.9246,1,87.5254
166895,77805487,G,63.9039,31.4397,-26.9827,-48.6536,41.4309,-0.9994,-0.7093,-1,G,37.5002,-26.2044,25.6459,7.8658,36.6658,0.2129,2.367,1,92.6819
166895,77944679,G,40.8308,-2.1389,-37.3445,16.3693,37.4057,0.4247,-1.628,-1,G,52.2809,8.2291,46.1166,-23.2126,46.845,-0.4772,1.3942,1,92.2438
166895,78449524,G,44.1237,12.7557,-39.5548,-14.8191,41.5607,-0.3494,-1.2588,1,G,50.5857,-14.693,36.4995,31.7932,39.3459,0.7389,1.9535,-1,93.1057
166895,78082690,G,90.506,-45.8595,-53.5504,-56.7502,70.5034,-0.7365,-2.279,1,G,31.8738,30.3389,-8.1577,5.3783,31.4165,0.1704,-0.2627,-1,91.0437
166895,78661213,G,62.845,-8.5904,-30.7572,54.1266,31.9343,1.2982,-1.8432,-1,G,36.6479,-1.3103,32.8543,-16.1844,32.8804,-0.4742,1.6107,1,91.4156
166895,78785109,G,69.6138,-27.0325,12.6906,-62.8829,29.8631,-1.4899,2.7027,1,G,35.3322,28.3452,-21.0878,-0.4524,35.3291,-0.0128,-0.6396,-1,83.2469
166895,79409437,G,58.7616,-20.8938,28.1763,-47.143,35.0778,-1.105,2.2089,1,G,38.3935,21.1764,-27.1808,16.9357,34.4563,0.4736,-0.9089,-1,92.334
166895,79055079,G,76.109,26.8348,19.428,68.5201,33.1294,1.4737,0.6266,1,G,29.9733,-22.1437,-12.3397,-15.9929,25.3498,-0.5951,-2.6332,-1,91.7719
166895,79105591,G,30.2443,27.3617,-10.2167,7.8525,29.2069,0.2657,-0.3574,-1,G,36.2078,-30.0555,15.9319,12.4031,34.017,0.357,2.6542,1,62.9736
166895,78757963,G,88.7674,85.7694,-18.5039,13.4486,87.7427,0.1527,-0.2125,1,G,29.6358,-19.1304,19.7702,-11.0199,27.5106,-0.3906,2.3397,-1,97.8318
166895,79283273,G,45.3366,-8.384,-41.6693,-15.7726,42.5044,-0.3631,-1.7693,1,G,47.5924,12.5839,45.6958,-4.3081,47.3969,-0.0908,1.3021,-1,90.5467
166895,79689750,G,169.262,29.357,-25.0724,-164.801,38.6064,-2.1579,-0.7068,1,G,81.0713,13.3853,45.453,-65.7829,47.3829,-1.1312,1.2844,-1,85.181
166895,80309591,G,124.572,-39.2195,-10.6482,117.756,40.6393,1.7856,-2.8765,1,G,32.9718,21.5431,22.4109,10.9899,31.0862,0.3466,0.8051,-1,88.2812
166895,80203992,G,89.8271,20.4477,-19.1174,-85.354,27.9926,-1.8339,-0.7518,1,G,25.0382,-23.8726,6.9273,-3.0017,24.8574,-0.1205,2.8592,-1,72.2977
166895,80195196,G,127.691,29.7416,0.417,124.179,29.7445,2.1363,0.014,-1,G,38.7562,-34.9779,11.6701,11.9327,36.8733,0.3182,2.8196,1,94.8945
166895,80000885,G,61.1641,-36.6774,-15.2442,46.5127,39.7192,0.9973,-2.7477,1,G,42.2653,38.573,17.0292,-2.911,42.1648,-0.069,0.4157,-1,93.7538
166895,80031106,G,59.2633,-21.3456,-16.9659,-52.6179,27.2668,-1.4118,-2.47,-1,G,46.4975,39.2778,11.1306,22.2568,40.8245,0.5213,0.2761,1,99.5386
166895,81148561,G,44.2454,-5.4108,-43.7072,4.2474,44.0409,0.0963,-1.694,1,G,55.8588,6.264,45.7626,31.4125,46.1893,0.6363,1.4348,-1,93.5107
166895,80820574,G,73.4832,37.7052,15.7724,61.0682,40.8711,1.1915,0.3962,-1,G,40.5934,-40.3138,-2.4573,4.0709,40.3887,0.1006,-3.0807,1,92.6622
166895,80928351,G,81.2579,-44.6923,-5.0492,67.6753,44.9766,1.1973,-3.0291,-1,G,80.8768,45.1455,-27.3689,61.2689,52.7937,0.9905,-0.545,1,92.7897
166895,81088840,G,69.7449,-25.2414,17.6187,62.5843,30.7823,1.4584,2.5322,-1,G,34.3416,26.5365,-8.3179,-20.1485,27.8096,-0.6726,-0.3038,1,94.5782
166895,81155976,G,64.5012,42.1764,-7.9375,48.1512,42.9168,0.965,-0.186,-1,G,82.7554,-43.4076,19.4512,67.7191,47.5665,1.1517,2.7203,1,90.136
166895,81177088,G,103.78,33.157,32.3587,-92.864,46.3301,-1.4456,0.7732,1,G,77.0127,-35.8356,-25.0095,-63.4135,43.6997,-1.1673,-2.5323,-1,90.5649
166895,80483785,G,55.1266,-23.445,-24.4347,-43.4996,33.8633,-1.069,-2.3355,-1,G,35.8615,18.1147,20.4337,23.2457,27.3071,0.7722,0.8455,1,88.4545
166895,80929371,G,46.991,15.9308,18.0984,-40.3336,24.111,-1.287,0.849,-1,G,74.2172,-46.9317,0.863,57.4878,46.9397,1.0317,3.1232,1,114.353
166895,80832732,G,141.54,-0.0743,42.9156,134.877,42.9156,1.8627,1.5725,1,G,71.9479,-1.1781,-41.0502,59.0761,41.0671,1.1602,-1.5995,-1,89.1866
166895,81261842,G,58.9805,32.8599,-48.9685,0.999,58.9719,0.0169,-0.9798,-1,G,39.7887,-21.1165,30.2062,14.9935,36.8554,0.3964,2.1809,1,94.9192
166895,81542389,G,74.2517,33.0017,-14.9027,64.8236,36.2106,1.3457,-0.4242,-1,G,30.4914,-17.6009,19.353,-15.6648,26.1597,-0.5678,2.3088,1,91.0909
166895,82272414,G,59.5543,10.216,28.3142,-51.3871,30.1009,-1.3045,1.2245,-1,G,34.8364,-17.1023,-30.2485,-2.4703,34.7485,-0.071,-2.0854,1,77.1868
166895,81392129,G,58.0309,-40.4859,-41.4148,-3.6452,57.9162,-0.0629,-2.3449,1,G,44.0148,41.383,14.9334,-1.3144,43.995,-0.0299,0.3463,-1,98.4208
166895,81723792,G,49.1043,17.3767,-18.8676,-41.8723,25.6503,-1.266,-0.8265,1,G,37.7285,-8.9657,19.844,30.8101,21.7754,1.1466,1.9952,-1,85.7081
166895,81522539,G,173.877,-74.8415,4.9288,156.868,75.0036,1.4838,3.0758,1,G,61.732,24.2149,16.1073,54.452,29.0827,1.385,0.587,-1,88.5988
166895,82108739,G,85.3282,-35.3591,18.0909,75.5205,39.7183,1.3986,2.6687,-1,G,59.6669,42.4844,-6.4806,41.3908,42.9759,0.8551,-0.1514,1,84.6744
166895,83051985,G,138.343,-58.7106,-11.3702,-124.75,59.8015,-1.4815,-2.9503,-1,G,90.973,37.3126,-19.0193,-80.7596,41.8804,-1.4111,-0.4714,1,94.7114
166895,83157769,G,58.8151,-24.0616,-41.4646,34.0725,47.9403,0.6614,-2.0966,-1,G,78.4688,62.018,-6.276,47.6626,62.3348,0.7048,-0.1009,1,91.9043
166895,83053044,G,109.205,35.9571,9.7443,102.654,37.2541,1.7382,0.2646,-1,G,23.0392,-20.3041,-8.3833,-6.9466,21.9667,-0.3112,-2.75,1,89.8985
166895,82817097,G,36.7085,11.2799,18.8617,-29.4024,21.9772,-1.1013,1.0318,-1,G,55.0347,-13.8161,-25.5992,46.7183,29.0896,1.2522,-2.0657,1,89.8061
166895,83081513,G,31.0786,-11.3792,-28.8622,1.8318,31.0244,0.059,-1.9463,-1,G,66.7103,12.7313,64.8648,-8.9845,66.1024,-0.1355,1.377,1,90.6282
166895,82507255,G,111.352,12.9323,20.1742,108.743,23.9634,2.2175,1.0008,-1,G,26.4415,-15.2307,-21.1699,-4.3592,26.0795,-0.1664,-2.1945,1,89.9156
166895,82791456,G,108.734,-31.1379,-30.2574,-99.6894,43.4175,-1.5687,-2.3705,1,G,186.003,-18.2546,65.0943,-173.282,67.6054,-1.6704,1.8442,-1,93.2915
166895,82545186,G,78.0147,36.0152,-29.2988,-62.6958,46.4275,-1.1088,-0.6829,-1,G,72.5432,-36.6221,23.2194,-58.1566,43.3626,-1.1033,2.5765,1,89.5826
166895,82786826,G,127.573,-73.2203,-4.9303,-104.352,73.3861,-1.1507,-3.0744,1,G,27.1971,24.4804,-6.8139,-9.6929,25.411,-0.3728,-0.2715,-1,91.8371
166895,82364699,G,42.8628,37.6868,-17.0074,-11.2985,41.3467,-0.27,-0.4239,-1,G,50.1152,-37.0222,7.522,32.9287,37.7787,0.7876,2.9411,1,89.9257
166895,82561179,G,65.5918,-46.0148,-38.6777,-26.2478,60.111,-0.4239,-2.4426,1,G,35.075,11.7969,32.7251,-4.4883,34.7865,-0.1287,1.2248,-1,89.3466
166895,83949807,G,100.212,-40.4198,-18.5689,-89.7986,44.481,-1.452,-2.7109,-1,G,57.6261,40.9174,19.1079,-35.7968,45.1591,-0.7269,0.4369,1,95.5928
166895,83542074,G,40.2244,6.0224,21.4796,-33.4716,22.3079,-1.195,1.2974,-1,G,50.596,-22.4978,-25.4593,37.4915,33.9754,0.9527,-2.2945,1,89.1341
166895,84946590,G,67.7746,12.4333,15.9247,-64.6931,20.2035,-1.8805,0.9079,1,G,31.1139,-10.831,-17.2457,23.5232,20.3648,0.9869,-2.1316,-1,89.8869
166895,84655692,G,165.676,36.8167,-0.1349,161.534,36.817,2.1846,-0.0037,-1,G,84.6281,-41.3708,15.041,72.2782,44.0202,1.271,2.7929,1,87.9852
166895,84879999,G,48.996,36.3711,-28.1346,16.9169,45.9827,0.3601,-0.6584,-1,G,44.9979,-40.5265,19.4056,-2.4135,44.933,-0.0537,2.695,1,92.3636
166895,84326804,G,116.316,-0.7496,-29.4382,112.526,29.4478,2.0504,-1.5962,1,G,27.1459,-9.673,24.7201,-5.6778,26.5452,-0.2123,1.9438,-1,95.046
166895,84199330,G,93.154,41.8956,26.5269,78.859,49.5875,1.2438,0.5645,-1,G,58.654,-27.4801,-21.2762,47.2488,34.7539,1.1142,-2.4828,1,83.1091
166895,85601837,G,140.801,40.7591,9.4151,134.443,41.8324,1.884,0.227,1,G,27.1054,-26.2405,4.1166,5.4017,26.5615,0.202,2.986,-1,90.7859
166895,85071831,G,78.3646,72.8735,-25.976,12.4781,77.3647,0.1606,-0.3424,1,G,39.0486,-26.6817,-28.3918,-2.6027,38.9616,-0.0668,-2.3251,-1,92.7297
166895,85565755,G,112.717,42.4886,0.5286,104.401,42.4919,1.6311,0.0124,1,G,63.2188,-38.6596,3.6975,49.8835,38.836,1.0689,3.0462,-1,84.3635
166895,85379888,G,87.744,-24.7357,-28.9419,79.0539,38.0721,1.4773,-2.278,1,G,26.8478,11.9361,20.5056,-12.5636,23.7265,-0.5075,1.0436,-1,92.0615
166895,85724496,G,49.5452,-6.0607,-27.2507,-40.9315,27.9165,-1.1759,-1.7896,-1,G,46.0515,22.0092,19.2364,35.5849,29.2309,1.0271,0.7183,1,93.7634
166895,85667387,G,103.57,38.47,18.2409,94.4146,42.5755,1.5369,0.4428,-1,G,67.2784,-41.3157,-18.9671,49.5946,45.4614,0.9442,-2.7112,1,91.8802
166895,85836651,G,116.958,32.5901,10.6452,111.82,34.2846,1.8981,0.3157,-1,G,67.3716,-46.6572,5.4655,48.2923,46.9762,0.901,3.025,1,88.7918
166895,86879729,G,52.8358,-19.3507,-19.9457,-44.9369,27.7899,-1.258,-2.3411,-1,G,43.457,25.1169,24.1726,25.9485,34.8594,0.6886,0.7662,1,94.1309
166895,86322630,G,73.8963,16.6271,-13.0145,70.8154,21.1149,1.9248,-0.6641,-1,G,33.9959,-17.0652,18.217,-23.0787,24.9616,-0.827,2.3236,1,96.6161
166895,86154408,G,35.1487,15.0884,29.105,12.6751,32.7836,0.3776,1.0925,-1,G,56.7084,-32.8801,-46.1832,1.3559,56.6921,0.0239,-2.1895,1,87.365
166895,86872996,G,51.7859,30.015,-33.9171,25.1096,45.291,0.5293,-0.8464,-1,G,67.8663,-22.8268,44.8298,45.5527,50.3068,0.8129,2.0418,1,95.6699
166895,86756987,G,99.452,-5.9741,36.0199,92.5071,36.5119,1.6596,1.7352,1,G,33.6305,7.7388,-32.5454,3.451,33.4528,0.103,-1.3374,-1,92.1292
166895,86762738,G,66.4554,-24.6164,25.5987,-56.1698,35.5142,-1.2392,2.3366,1,G,36.835,14.1118,-33.3589,6.6966,36.221,0.1838,-1.1706,-1,89.7259
166895,87024559,G,122.896,29.6966,4.7402,-119.16,30.0726,-2.0856,0.1583,1,G,35.0256,-28.787,-4.0485,-19.5371,29.0703,-0.6296,-3.0019,-1,75.5056
166895,87753327,G,63.7608,-53.2788,30.3093,17.5543,61.2966,0.2826,2.6244,1,G,57.3885,33.4229,-22.4955,40.8692,40.2882,0.8915,-0.5924,-1,103.964
166895,87517987,G,119.821,-37.3443,-15.4931,112.794,40.4306,1.7498,-2.7483,-1,G,35.657,30.954,14.3451,10.3671,34.1165,0.2994,0.434,1,94.6714
166895,88752728,G,161.414,31.3248,-16.8213,-157.449,35.5556,-2.1937,-0.4928,1,G,25.1754,-21.7497,11.0021,-6.3005,24.3741,-0.2557,2.6733,-1,88.7473
166895,88470415,G,63.3128,39.8905,20.8384,44.5311,45.0054,0.8739,0.4814,1,G,33.125,-26.5419,-11.4605,-16.169,28.9105,-0.5336,-2.734,-1,90.7178
166895,87892328,G,62.858,5.3574,38.0938,49.712,38.4687,1.0737,1.4311,1,G,52.0142,-6.0508,-47.7702,19.669,48.1519,0.3979,-1.6968,-1,91.0374
166895,88088512,G,39.84,39.4035,5.66,-1.594,39.8079,-0.04,0.1427,1,G,59.8544,-47.5992,33.9462,-12.8263,58.4639,-0.2177,2.5221,-1,89.9733
166895,88232428,G,150.296,14.9192,-28.352,146.842,32.0377,2.2273,-1.0864,1,G,48.4758,-8.3267,28.3256,38.4476,29.5241,1.0798,1.8567,-1,71.6567
166895,88555157,G,143.906,-20.6985,-19.3528,141.088,28.3366,2.3083,-2.3898,1,G,26.7284,25.5293,0.7489,7.8799,25.5403,0.3038,0.0293,-1,80.9634
166895,88688605,G,57.2437,44.6272,1.0053,35.8361,44.6385,0.7349,0.0225,1,G,49.423,-44.9029,11.502,17.1482,46.3526,0.362,2.8908,-1,91.7275
166895,89596910,G,157.768,-37.525,-12.5712,-152.724,39.5748,-2.06,-2.8183,1,G,60.8827,39.5243,10.5176,-45.0989,40.8997,-0.9521,0.2601,-1,93.0919
166895,89154992,G,74.2814,32.391,32.9729,-58.1492,46.2211,-1.0526,0.7943,1,G,48.1886,-18.6668,-35.0012,-27.3604,39.6678,-0.6442,-2.0607,-1,86.571
166895,89240055,G,136.133,-128.667,-15.1225,-41.8144,129.552,-0.3174,-3.0246,-1,G,25.0163,4.9821,22.3769,-10.0129,22.9248,-0.424,1.3517,1,89.0652
166895,89272535,G,73.4256,5.9218,-43.3742,58.9485,43.7766,1.1065,-1.4351,-1,G,32.8674,-29.637,5.0372,-13.2866,30.062,-0.4287,2.9732,1,84.7412
166895,88986307,G,54.4542,-54.3751,-2.7101,-1.1213,54.4425,-0.0206,-3.0918,-1,G,38.3491,34.6903,1.8836,-16.2384,34.7413,-0.4519,0.0542,1,89.0108
166895,89386613,G,126.616,24.968,26.8257,-121.196,36.6473,-1.9113,0.8213,1,G,46.4556,-32.9541,-21.9893,-24.2612,39.6169,-0.5794,-2.5532,-1,93.3201
166895,88988434,G,202.859,25.9259,54.8845,-193.565,60.6998,-1.8765,1.1295,-1,G,57.3649,-27.82,-18.4535,-46.6502,33.3839,-1.1365,-2.5559,1,93.18
166895,89817688,G,65.2031,6.41,-54.0115,-35.9598,54.3905,-0.6205,-1.4527,1,G,41.3826,-8.1943,35.0869,-20.3538,36.031,-0.5385,1.8002,-1,88.4759
166895,90044856,G,262.681,52.494,-68.8195,-248.011,86.5549,-1.775,-0.9192,-1,G,29.1029,11.0422,19.8228,-18.2235,22.6908,-0.7351,1.0626,1,88.4273
166895,90077162,G,58.0684,-54.1653,-9.8021,18.4924,55.0451,0.3299,-2.9626,-1,G,35.9195,34.2873,1.81,10.55,34.335,0.3026,0.0527,1,86.7828
166895,90575506,G,155.908,47.5974,7.314,148.284,48.1561,1.8432,0.1525,1,G,66.1676,-37.4679,10.3568,53.5447,38.8729,1.1248,2.8719,-1,90.3752
166895,90038979,G,65.3212,-27.0394,-21.1348,-55.5791,34.3192,-1.2593,-2.4781,1,G,37.2441,30.2493,21.4045,3.7328,37.0564,0.1006,0.6158,-1,88.4376
166895,90338857,G,91.9455,-45.4849,15.454,-78.3981,48.0385,-1.2658,2.8141,-1,G,46.0109,35.3374,25.2004,-15.271,43.4026,-0.345,0.6195,1,92.208
166895,90146282,G,36.8772,-4.6351,-22.7177,28.6765,23.1858,1.0393,-1.7721,-1,G,40.7221,-6.7926,34.7172,-20.1708,35.3754,-0.5431,1.764,1,75.3309
166895,90516581,G,125.167,-43.0303,18.8613,-116.015,46.9825,-1.6358,2.7285,1,G,99.8673,38.1717,-18.6548,-90.3792,42.4862,-1.4991,-0.4546,-1,89.5454
166895,90676195,G,110.518,23.043,-2.7967,108.053,23.2121,2.2424,-0.1208,1,G,25.7644,-25.1662,-1.3516,5.3508,25.2024,0.2107,-3.0879,-1,75.4375
166895,90915801,G,118.871,26.9302,-56.0472,-101.31,62.1814,-1.2644,-1.1229,-1,G,55.9942,-37.7327,7.6592,-40.6561,38.5022,-0.9204,2.9413,1,89.2484
166895,91320337,G,153.263,41.4633,1.9064,147.536,41.5071,1.9806,0.0459,1,G,31.9427,-20.2397,-11.7154,21.7585,23.3858,0.8313,-2.6169,-1,71.3728
166895,91065852,G,36.5113,28.762,-9.2508,-20.4995,30.2131,-0.635,-0.3112,1,G,57.4023,-40.0553,-1.2794,41.0968,40.0757,0.8993,-3.1097,-1,90.3166
166895,91456253,G,175.294,-26.8661,34.0868,-169.836,43.4016,-2.0734,2.2383,-1,G,135.263,23.283,-39.5724,-127.232,45.9138,-1.7435,-1.039,1,90.2955
166895,91987282,G,68.4481,-19.2286,34.9694,55.6106,39.9074,1.1342,2.0735,-1,G,71.721,20.8215,-40.2941,55.5585,45.3558,1.0318,-1.0938,1,85.1936
166895,91836750,G,154.934,6.551,39.3564,-149.709,39.8979,-2.0328,1.4059,-1,G,100.583,-25.8796,-44.7814,-86.2653,51.7217,-1.2844,-2.0948,1,95.9268
166895,91919866,G,113.376,14.6737,22.5967,110.128,26.9431,2.1157,0.9949,1,G,32.5748,-8.5172,-31.0796,4.7565,32.2255,0.1471,-1.8383,-1,89.4054
166895,92047033,G,49.7792,-25.7156,6.6331,-42.103,26.5573,-1.2412,2.8892,-1,G,36.9019,25.552,0.1121,26.6237,25.5523,0.9107,0.0044,1,85.0205
166895,92031685,G,67.9303,9.1357,38.2239,55.4074,39.3005,1.1437,1.3362,1,G,49.4887,-16.378,-40.4442,23.3482,43.6346,0.5124,-1.9556,-1,86.7604
166895,92029771,G,150.283,10.2125,36.7814,-145.354,38.1729,-2.047,1.3,-1,G,41.7003,-9.1704,-33.4206,-23.192,34.6559,-0.6273,-1.8386,1,91.8554
166895,93335071,G,45.5532,22.542,-27.2784,28.6851,35.3871,0.7409,-0.8802,1,G,47.2406,-17.9993,33.4225,-28.1182,37.961,-0.6857,2.0648,-1,92.477
166895,93036984,G,132.772,39.6861,16.3731,125.639,42.9309,1.795,0.3913,-1,G,108.857,-42.1944,-21.8422,97.9412,47.5126,1.4708,-2.6639,1,91.4339
166895,92864721,G,104.563,2.4001,30.0131,100.134,30.1089,1.9167,1.491,-1,G,54.8988,-50.9809,16.7721,11.5546,53.669,0.2137,2.8238,1,91.6772
166895,92751893,G,111.97,10.5391,18.3657,109.949,21.1748,2.3495,1.0498,-1,G,32.0298,-26.5622,16.2701,-7.4585,31.1491,-0.2372,2.592,1,93.6755
166895,92984491,G,49.5347,21.2788,-40.8754,18.1684,46.0823,0.3847,-1.0908,1,G,36.655,-14.5852,32.9569,-6.6848,36.0401,-0.1844,1.9874,-1,84.7896
166895,93193059,G,79.2899,-8.7404,20.7212,-76.0337,22.4892,-1.9325,1.97,-1,G,34.8303,25.188,-5.6451,23.3846,25.8128,0.8133,-0.2205,1,98.7608
166895,93993506,G,72.8357,-20.1768,-15.3488,68.2813,25.3513,1.7168,-2.4913,1,G,31.3956,24.2195,4.5,-19.4637,24.634,-0.7249,0.1837,-1,91.3617
166895,93778826,G,78.013,-43.6063,5.2073,-64.4778,43.9161,-1.177,3.0227,1,G,54.3096,45.2177,-0.8421,-30.0695,45.2255,-0.6237,-0.0186,-1,92.4576
166895,93915704,G,49.8223,15.3835,-40.9391,23.866,43.734,0.5217,-1.2113,-1,G,40.989,-13.5936,22.9365,-31.1323,26.6621,-0.9951,2.1058,1,88.6938
166895,94131368,G,48.3182,-23.1859,-39.0775,16.4317,45.4383,0.3542,-2.1063,1,G,43.9345,8.2116,43.1586,0.358,43.9329,0.0081,1.3828,-1,89.3744
166895,94190536,G,46.4061,38.8723,-19.2368,-16.5047,43.3718,-0.3719,-0.4595,1,G,34.358,-19.6123,22.6562,16.8082,29.9657,0.535,2.2843,-1,78.3589
166895,93910001,G,176.96,-61.9613,-59.7237,-154.624,86.0588,-1.3489,-2.3746,1,G,153.39,30.2481,-30.1196,-147.331,42.6865,-1.9523,-0.7833,-1,94.2161
166895,93896430,G,113.693,7.6661,-42.2891,-105.256,42.9784,-1.6281,-1.3915,1,G,79.6846,-0.0689,46.5546,-64.6706,46.5546,-1.1317,1.5723,-1,91.8897
166895,93986459,G,191.441,50.9447,-8.8716,184.325,51.7114,1.9833,-0.1724,1,G,144.831,-38.9618,-0.7598,139.49,38.9692,1.9873,-3.1221,-1,89.3684
166895,94022411,G,52.1579,-25.6339,38.6772,-23.8206,46.4006,-0.4931,2.1561,-1,G,63.639,7.5942,-44.512,-44.8433,45.1552,-0.8765,-1.4018,1,91.2947
166895,94697082,G,43.5439,41.1431,-14.0495,-2.4328,43.4757,-0.0559,-0.3291,1,G,25.3102,-17.0619,12.0715,-14.2746,20.9005,-0.6387,2.5258,-1,62.273
166895,94882839,G,67.6393,31.4982,31.9318,-50.6289,44.8528,-0.9696,0.7922,-1,G,60.2397,-30.2297,-35.5224,-38.12,46.6441,-0.7461,-2.2759,1,91.99
166895,95062754,G,282.043,-44.48,26.4317,277.256,51.7408,2.3804,2.6054,1,G,29.33,19.3795,5.0005,21.4399,20.0142,0.9309,0.2525,-1,78.2025
166895,95888593,G,79.4778,33.7389,-26.437,66.9289,42.863,1.2284,-0.6646,-1,G,35.057,-27.257,18.3385,-12.2368,32.8518,-0.3644,2.5494,1,100.097
166895,95948097,G,86.2294,-21.3421,-25.2807,79.6297,33.0847,1.6121,-2.2719,-1,G,36.1739,26.8978,24.078,-2.3017,36.1005,-0.0637,0.7301,1,94.7134
166895,95953618,G,56.712,-30.2147,18.9104,-44.1102,35.6445,-1.0398,2.5824,1,G,48.7539,0.0726,-44.2447,20.4777,44.2448,0.4477,-1.5692,-1,94.9431
166895,95884576,G,143.953,-37.6851,41.61,-132.555,56.1388,-1.5944,2.3067,-1,G,44.8232,6.6008,-25.0578,-36.5738,25.9126,-1.1446,-1.3132,1,76.1025
166895,95846240,G,100.596,-1.7025,35.6345,94.0577,35.6752,1.6968,1.6185,1,G,36.2214,6.5098,-35.213,5.4449,35.8097,0.1515,-1.388,-1,93.7817
166895,95237382,G,82.9248,-56.3161,-2.4936,-60.8178,56.3712,-0.9361,-3.0973,1,G,34.3955,33.7527,2.0728,-6.2847,33.8162,-0.1848,0.0613,-1,93.5522
166895,96336173,G,143.859,-9.7194,29.1768,-140.534,30.7531,-2.2244,1.8924,-1,G,30.8928,28.2551,-11.121,-5.6858,30.3649,-0.1862,-0.375,1,92.1333
166895,96711777,G,76.5635,36.6256,-18.9274,64.5157,41.2272,1.2302,-0.477,-1,G,123.054,-46.7837,16.982,112.539,49.7705,1.5547,2.7934,1,91.6055
166895,96308372,G,69.4493,-25.7792,-15.5103,-62.5944,30.0855,-1.4791,-2.6,1,G,31.4225,21.4322,14.5832,17.7582,25.9231,0.6404,0.5975,-1,90.2501
166895,96582695,G,108.381,-23.2188,-47.5525,94.5832,52.9183,1.3443,-2.025,-1,G,44.5682,32.2709,2.5519,30.6332,32.3717,0.8429,0.0789,1,74.8812
166895,97449698,G,65.5678,-13.6891,32.3676,-55.3541,35.1433,-1.2357,1.9709,-1,G,34.715,10.8043,-29.9966,13.7326,31.8831,0.4184,-1.2251,1,91.1611
166895,97777306,G,173.785,-20.7825,42.6065,-167.194,47.4049,-1.9731,2.0246,1,G,102.887,24.8452,-36.629,-92.8798,44.2602,-1.4868,-0.9748,-1,94.1077
166895,97543330,G,66.1276,-7.3157,-43.0851,-49.6287,43.7018,-0.9741,-1.739,1,G,46.9987,8.135,41.4733,-20.5585,42.2636,-0.469,1.3771,-1,88.7021
166895,97761859,G,103.512,-42.3206,-6.2491,-94.2578,42.7795,-1.531,-2.995,1,G,87.737,36.6869,-1.4721,-79.6848,36.7164,-1.5173,-0.0401,-1,78.9214
166895,97427654,G,104.137,-8.6244,18.4733,102.122,20.3873,2.3142,2.0076,1,G,32.5141,21.5053,-24.3318,1.6257,32.4732,0.05,-0.847,-1,87.8051
166895,98440866,G,45.758,5.7843,-42.093,16.9855,42.4886,0.3898,-1.4342,1,G,47.7028,-8.9385,46.5499,5.3626,47.4003,0.1129,1.7605,-1,90.5852
166895,98514634,G,43.6389,-22.0156,32.4816,-19.0946,39.2395,-0.4692,2.1665,1,G,57.4942,25.3545,-34.415,-38.449,42.7463,-0.8085,-0.9358,-1,83.0767
166895,98142140,G,93.4191,-27.3598,-13.6956,-88.2666,30.5962,-1.7814,-2.6775,-1,G,34.0022,18.9559,28.2147,0.8628,33.9911,0.0254,0.9792,1,91.1886
166895,98803285,G,107.855,13.5254,-23.5702,-104.376,27.1752,-2.0554,-1.0498,-1,G,24.4657,-6.7634,23.4284,1.9816,24.3851,0.0812,1.8518,1,83.5379
166895,98673880,G,95.3328,41.0486,-13.9009,-84.9124,43.3385,-1.4253,-0.3265,-1,G,43.5749,-36.5563,13.0123,-19.8261,38.8031,-0.491,2.7996,1,91.1275
166895,98371268,G,170.977,-35.5384,0.7617,167.241,35.5465,2.2529,3.1202,1,G,58.9489,35.0559,-7.432,46.8061,35.8351,1.0822,-0.2089,-1,83.696
166895,98806980,G,245.68,46.427,-9.3796,-241.071,47.365,-2.3299,-0.1993,-1,G,126.149,-40.9204,10.0387,-118.904,42.1338,-1.7606,2.901,1,92.9712
166895,98165798,G,70.5088,23.3544,28.4812,60.1238,36.8321,1.266,0.884,-1,G,40.1387,-17.1843,-36.2674,0.6912,40.1326,0.0172,-2.0133,1,91.9005
166895,99604681,G,43.2024,31.2631,20.6327,21.5255,37.4579,0.547,0.5834,-1,G,43.6796,-22.5524,-22.8863,-29.589,32.1309,-0.8243,-2.3488,1,86.0379
166895,99423845,G,141.647,29.1686,-60.9698,124.482,67.5879,1.3705,-1.1246,-1,G,38.9893,-20.6085,21.9152,24.8026,30.083,0.7517,2.3255,1,93.5152
166895,99648241,G,49.589,-16.1012,43.4865,17.5708,46.3716,0.3704,1.9254,-1,G,70.0581,17.8535,-49.306,46.4574,52.4388,0.7984,-1.2234,1,100.89
166895,99759912,G,78.0069,0.9899,-33.2732,70.5478,33.288,1.4958,-1.5411,1,G,75.6098,34.0659,48.0646,47.3935,58.9125,0.7362,0.9542,-1,90.776
166895,99148604,G,67.1588,4.5783,-44.1742,50.3783,44.4108,0.9733,-1.4675,-1,G,47.7742,-2.8338,43.3975,19.7735,43.4899,0.4403,1.636,1,91.0202
166895,100512962,G,70.2805,18.9791,-29.8931,-60.7086,35.4091,-1.3081,-1.0051,-1,G,32.8364,-10.0,28.0145,13.9071,29.7457,0.452,1.9137,1,91.4252
166895,99999573,G,179.588,12.3276,50.4352,-171.919,51.9199,-1.9125,1.3311,1,G,86.9491,28.8247,-34.7527,-74.3069,45.1511,-1.273,-0.8784,-1,92.0616
166895,100703110,G,37.8138,33.1408,17.8568,-3.5624,37.6454,-0.0945,0.4942,1,G,56.0947,-41.3272,-8.4736,-36.9712,42.1869,-0.7912,-2.9394,-1,83.79
166895,101261265,G,65.3241,13.3867,-28.9456,-57.0103,31.8912,-1.3444,-1.1376,1,G,52.2905,-19.5446,47.0682,-11.6992,50.9648,-0.2276,1.9644,-1,93.5191
166895,100827114,G,174.31,42.6262,-14.903,-168.359,45.1563,-2.0266,-0.3363,1,G,79.8311,-39.1139,10.3809,-68.8138,40.4681,-1.3011,2.8822,-1,91.1253
166895,101214034,G,223.444,39.4125,-35.4745,217.061,53.0263,2.1171,-0.7329,1,G,194.432,-7.8166,42.854,189.489,43.561,2.1763,1.7512,-1,91.0191
166895,101667620,G,177.923,26.0866,-23.9737,-174.36,35.4295,-2.2969,-0.7432,-1,G,43.5096,-26.6053,23.859,-24.8189,35.7365,-0.6482,2.4106,1,96.747
166895,101414280,G,104.197,-20.8433,32.662,96.7256,38.7459,1.6459,2.1388,1,G,48.8623,24.3198,-34.9114,24.0262,42.5471,0.5383,-0.9623,-1,93.9635
166895,101070633,G,87.9242,-1.9917,27.1084,83.6171,27.1815,1.8423,1.6441,-1,G,234.247,43.7925,-62.4983,221.468,76.314,1.787,-0.9596,1,87.8518
166895,100868935,G,139.948,19.7779,-37.093,-133.486,42.0364,-1.8725,-1.081,1,G,128.221,-26.1461,41.3754,-118.512,48.9443,-1.6176,2.1344,-1,91.395
166895,101954499,G,77.7416,15.8628,26.0744,-71.5,30.5205,-1.5872,1.0243,-1,G,30.6752,-22.3357,-17.4387,11.7459,28.3371,0.4035,-2.4787,1,89.8175
166895,102346584,G,162.469,13.8189,30.3173,-159.016,33.3182,-2.2668,1.1431,-1,G,129.592,-25.2465,-49.3301,-117.146,55.4152,-1.4935,-2.0438,1,92.4232
166895,102171084,G,143.466,47.2006,-28.7519,-132.392,55.2681,-1.6077,-0.5471,1,G,37.6112,-21.3871,20.8201,-22.8846,29.8477,-0.7065,2.3696,-1,89.1546
166895,102818362,G,140.638,-13.1491,-39.9278,134.208,42.0372,1.8777,-1.8889,1,G,136.101,17.7061,43.9697,127.58,47.4008,1.7161,1.188,-1,89.5222
166895,103388427,G,41.7962,-23.535,34.4105,2.9888,41.6891,0.0716,2.1707,1,G,52.219,24.3807,-34.8112,-30.3409,42.4998,-0.664,-0.9598,-1,89.9436
166895,103230891,G,95.1719,-21.9627,-17.7851,-90.8791,28.2607,-1.8845,-2.4609,1,G,36.9258,-24.4042,25.4573,10.9483,35.2653,0.3057,2.3351,-1,94.0857
166895,103438227,G,296.867,40.5369,37.8649,291.639,55.4707,2.3617,0.7513,-1,G,115.956,-42.691,0.0242,107.812,42.691,1.6566,3.141,1,97.0697
166895,103035246,G,133.604,-34.7575,-21.58,127.185,40.9118,1.8523,-2.586,-1,G,116.632,42.0689,28.2404,105.051,50.6686,1.4759,0.5912,1,92.6623
166895,103055568,G,128.784,-28.7491,6.9249,-125.343,29.5713,-2.151,2.9052,-1,G,32.1983,25.9518,-6.404,-17.9502,26.7303,-0.6292,-0.2419,1,73.3094
166895,104389662,G,98.2237,-5.7312,36.1149,-91.1633,36.5669,-1.6446,1.7282,-1,G,46.442,8.4023,-45.4788,4.2339,46.2485,0.0914,-1.3881,1,115.224
166895,103711705,G,40.3151,-19.7242,-14.2129,32.1597,24.3115,1.0923,-2.5172,1,G,92.1098,49.2319,28.5881,72.4095,56.9303,1.0612,0.5261,-1,74.3255
166895,104293878,G,53.9205,-1.0503,-50.3218,-19.3394,50.3328,-0.3754,-1.5917,1,G,47.5739,2.3797,38.3271,-28.0826,38.4009,-0.6781,1.5088,-1,88.9191
166895,103718857,G,226.833,36.8935,-39.2531,220.343,53.8696,2.1164,-0.8164,-1,G,63.9586,-28.0625,19.7451,53.9752,34.3129,1.2346,2.5284,1,94.0769
166895,103932697,G,57.158,53.3978,-5.4332,19.6515,53.6735,0.3584,-0.1014,-1,G,24.729,-20.1717,-10.6675,9.53,22.8187,0.4064,-2.6551,1,67.0128
166895,104002501,G,68.5204,-26.4104,-34.3163,-53.1029,43.3026,-1.0327,-2.2267,1,G,44.3826,29.0472,30.5319,-13.9237,42.1419,-0.3247,0.8103,-1,90.7373
166895,103979519,G,60.6072,-35.6373,15.0154,46.6663,38.6714,1.0203,2.7428,1,G,75.2329,50.804,-17.9177,52.5156,53.8711,0.8635,-0.3391,-1,91.5262
166895,104688923,G,69.9352,52.4575,-5.4335,-45.9306,52.7381,-0.7871,-0.1032,-1,G,28.2368,-22.9866,16.0193,-3.5082,28.0179,-0.1249,2.533,1,78.8224
166895,105210486,G,39.3044,12.8433,27.2521,-25.2428,30.1269,-0.762,1.1304,-1,G,52.7998,-6.9948,-35.7732,38.199,36.4506,0.9149,-1.7639,1,90.6008
166895,104727905,G,71.9922,29.5081,6.2344,-65.3703,30.1595,-1.5161,0.2082,1,G,32.9314,-29.1156,-4.7216,14.6441,29.496,0.4781,-2.9808,-1,91.8334
166895,104605437,G,162.74,-34.1906,7.2001,158.945,34.9405,2.2199,2.934,-1,G,49.497,37.8138,-6.9361,31.176,38.4447,0.7412,-0.1814,1,94.2624
166895,105263186,G,69.8317,-6.6787,30.8723,-62.2797,31.5864,-1.4309,1.7838,1,G,36.4323,1.9068,-35.8129,-6.4112,35.8636,-0.1778,-1.5176,-1,80.7864
166895,104754183,G,76.9139,-24.4761,25.9937,-68.1247,35.7037,-1.4018,2.3261,1,G,124.967,40.9215,-34.5436,-112.912,53.5521,-1.4911,-0.7011,-1,87.3978
166895,104993595,G,191.856,29.9721,-33.5518,186.507,44.9894,2.1294,-0.8417,-1,G,42.2744,-18.145,25.489,28.4286,31.2878,0.8153,2.1894,1,91.7337
166895,106239555,G,94.5465,-22.4316,37.6538,-83.7738,43.8291,-1.4033,2.1081,-1,G,54.1837,-10.931,-28.9329,-44.4889,30.9289,-1.1601,-1.932,1,66.9346
166895,105441121,G,241.912,-41.4693,-17.5096,237.687,45.0143,2.366,-2.7421,1,G,92.8336,29.7836,28.0838,83.3205,40.9361,1.4593,0.756,-1,93.5971
166895,105653192,G,87.0704,26.8169,-28.0265,77.9526,38.7896,1.4479,-0.8074,-1,G,36.993,-32.0884,13.5838,12.4212,34.8452,0.3493,2.7411,1,83.5938
166895,105630010,G,64.9697,-56.1827,16.0933,-28.3824,58.4422,-0.4683,2.8626,-1,G,43.5313,31.2867,-3.127,30.1054,31.4425,0.851,-0.0996,1,104.793
166895,106261330,G,167.933,40.1753,1.9321,-163.045,40.2217,-2.1076,0.0481,-1,G,47.2046,-34.7783,-7.8166,-30.9455,35.6459,-0.785,-2.9205,1,92.6717
166895,106627593,G,51.9432,21.1942,-28.3433,38.0204,35.3912,0.9329,-0.9287,-1,G,41.3584,-27.3144,28.5612,-12.1938,39.5198,-0.3039,2.3339,1,89.4465
166895,106665839,G,74.6781,-1.7575,35.0338,-65.9269,35.0778,-1.3884,1.6209,1,G,207.68,20.7096,-52.1821,-199.947,56.1415,-1.9825,-1.193,-1,91.5616
166895,106697471,G,159.187,23.7054,45.6426,150.65,51.4314,1.7958,1.0918,-1,G,65.5284,-23.8515,-29.7785,53.2758,38.153,1.1359,-2.2461,1,93.0578
166895,106372952,G,67.5348,44.0581,-10.5182,50.0919,45.2962,0.9543,-0.2343,1,G,75.0555,-42.3506,10.9448,60.9914,43.742,1.1347,2.8887,-1,89.3835
166895,106945948,G,75.003,-0.9113,26.0378,70.3323,26.0537,1.7189,1.6058,-1,G,33.6643,2.092,-32.6667,-7.8602,32.7337,-0.2379,-1.5068,1,88.6593
166895,106463915,G,43.7406,-2.2688,-33.7447,-27.7377,33.8209,-0.7483,-1.6379,-1,G,51.3006,8.0032,50.4685,4.5406,51.0991,0.0887,1.4135,1,90.4553
166895,107711558,G,45.014,40.4043,7.4687,-18.3836,41.0888,-0.4337,0.1828,-1,G,59.6329,-44.3004,8.4383,-39.0172,45.0969,-0.7828,2.9534,1,85.9529
166895,107568464,G,58.4996,2.2683,-21.2932,-54.4394,21.4137,-1.6628,-1.4647,-1,G,32.9459,1.0147,23.4103,23.1592,23.4323,0.8731,1.5275,1,85.8403
166895,108037567,G,59.5261,44.6894,-7.4024,-38.6187,45.2983,-0.7732,-0.1641,1,G,61.6636,-44.7587,9.1296,-41.421,45.6803,-0.8139,2.9404,-1,90.9813
166895,108093001,G,42.8182,-33.7239,-16.0011,20.9774,37.3274,0.536,-2.6986,1,G,62.8605,40.166,20.5396,43.775,45.113,0.8602,0.4727,-1,83.1446
166895,107846365,G,115.33,-48.3895,-10.1036,-104.199,49.4331,-1.4909,-2.9358,-1,G,35.3981,30.1773,1.7994,-18.4148,30.2309,-0.5766,0.0596,1,85.3477
166895,107873355,G,78.8772,20.14,-13.8715,-74.9905,24.4548,-1.8393,-0.6031,1,G,29.5921,-15.3596,13.8906,21.138,20.709,0.8959,2.4064,-1,94.0354
166895,108673482,G,47.7253,41.1298,-9.851,-22.1132,42.293,-0.5016,-0.2351,-1,G,50.868,-45.4029,15.4739,-16.9314,47.9674,-0.346,2.8131,1,90.2568
166895,108497249,G,99.8435,-27.7936,6.9379,95.6457,28.6464,1.9205,2.897,1,G,58.3288,37.4857,-33.8068,29.2261,50.4785,0.5507,-0.7338,-1,92.7882
166895,108320358,G,75.5801,-14.475,-22.1711,-70.7902,26.478,-1.7098,-2.1492,1,G,30.8133,15.138,22.5685,14.5241,27.1753,0.5118,0.98,-1,90.2944
166895,108271690,G,89.6779,52.0043,-16.6588,-71.1347,54.6074,-1.0801,-0.31,-1,G,27.4211,-16.8007,17.7502,12.4327,24.4404,0.489,2.3287,1,95.004
166895,108430191,G,65.8079,-31.756,17.6558,-54.8679,36.3342,-1.2004,2.6342,-1,G,107.752,47.1303,-32.0479,-91.4449,56.9942,-1.2513,-0.5972,1,90.9512
166895,109937812,G,132.723,21.3066,-34.3012,-126.431,40.38,-1.8591,-1.015,1,G,76.2722,-17.1655,44.7697,-59.3165,47.9477,-1.0395,1.9369,-1,95.1317
166895,109303565,G,64.6845,-23.2162,-30.9759,51.8226,38.7104,1.1018,-2.214,-1,G,36.4413,23.0975,28.0442,-2.8255,36.3314,-0.0777,0.8818,1,88.4144
166895,109751339,G,99.2456,-32.8958,42.5698,83.3988,53.7989,1.2223,2.2287,1,G,59.5116,36.5678,-25.2436,39.5876,44.4347,0.8021,-0.6042,-1,98.8156
166895,109158142,G,110.843,45.9646,5.7546,100.699,46.3234,1.5188,0.1245,-1,G,22.0703,-19.765,6.7053,-7.1742,20.8714,-0.3373,2.8145,1,89.8743
166895,109998471,G,58.1361,25.9328,-28.104,-43.7887,38.2406,-0.9803,-0.8256,-1,G,93.6177,-60.8169,14.0268,-69.777,62.4135,-0.9624,2.9149,1,93.3649
166895,110779740,G,49.1253,23.1629,-43.3036,1.2509,49.1093,0.0255,-1.0796,-1,G,59.0437,-24.4374,40.463,35.3795,47.2699,0.6919,2.1141,1,101.73
166895,109953877,G,103.801,38.2806,-5.3567,-96.3358,38.6536,-1.6444,-0.139,1,G,36.9949,-35.0376,2.4365,-11.6207,35.1222,-0.3251,3.0722,-1,90.2768
166895,110008686,G,109.913,33.5689,-16.7806,103.307,37.5294,1.7372,-0.4636,-1,G,29.1684,-25.8073,13.5856,-0.4461,29.1648,-0.0153,2.657,1,93.2351
166895,110095382,G,147.449,9.6627,60.9113,133.931,61.673,1.5179,1.4135,-1,G,32.8062,6.8621,-26.5226,18.047,27.396,0.6185,-1.3176,1,89.1001
166895,110131574,G,29.4933,-10.7971,-24.6651,-12.0373,26.9248,-0.4334,-1.9834,-1,G,56.3066,48.9521,22.7444,-16.0252,53.9779,-0.2927,0.435,1,71.5167
166895,111373228,G,93.6468,16.6835,-37.7831,84.0465,41.3026,1.4591,-1.155,-1,G,74.067,-6.3541,47.2264,56.7027,47.652,1.0095,1.7045,1,90.1205
166895,110986158,G,96.7851,5.6717,-45.1263,-85.433,45.4813,-1.3879,-1.4458,-1,G,51.3933,-5.5291,41.0902,-30.3692,41.4605,-0.6791,1.7046,1,92.3601
166895,111007189,G,85.6438,36.552,11.9618,76.5227,38.4595,1.439,0.3163,1,G,82.0126,-45.0336,-19.4785,65.7162,49.0656,1.1022,-2.7334,-1,88.0246
166895,111370893,G,128.735,-38.6662,0.1475,122.791,38.6665,1.8726,3.1378,-1,G,33.9645,31.4344,-6.8229,10.9042,32.1664,0.3328,-0.2137,1,92.1949
166895,111417653,G,51.6153,-27.9441,4.0182,-43.2101,28.2315,-1.2116,2.9988,1,G,40.8676,28.2792,-13.9217,26.0119,31.5203,0.7523,-0.4575,-1,90.3278
166895,111203427,G,132.446,31.6611,-30.7199,-124.883,44.1151,-1.7635,-0.7703,1,G,54.2563,-27.1569,33.9442,-32.4658,43.4708,-0.6906,2.2456,-1,100.341
166895,110944376,G,60.711,-0.3147,36.8773,-48.2263,36.8787,-1.0831,1.5793,1,G,37.7856,-2.4978,-31.9322,20.0458,32.0297,0.5909,-1.6489,-1,94.2076
166895,111386832,G,172.927,29.2589,-31.2685,167.541,42.823,2.0732,-0.8186,-1,G,61.3923,-27.1083,26.6273,48.2196,37.9983,1.0594,2.3651,1,91.2513
166895,111486024,G,34.5439,-24.2999,-22.2767,-10.3214,32.9657,-0.3082,-2.3996,-1,G,44.9097,25.085,31.9992,19.0701,40.6596,0.4533,0.9059,1,78.3658
166895,110919337,G,60.8893,-19.9705,23.9875,52.2807,31.2126,1.2881,2.2651,-1,G,45.0173,33.6618,-25.8265,15.0473,42.4278,0.3476,-0.6544,1,80.5749
166895,112485404,G,85.1927,-30.85,33.6947,-71.9078,45.6843,-1.2351,2.3121,-1,G,53.543,30.0208,-28.945,-33.5824,41.7021,-0.7368,-0.7672,1,89.9787
166895,111943982,G,38.5859,2.6831,-29.4851,-24.7445,29.6069,-0.7604,-1.4801,-1,G,57.7477,-9.5398,49.8387,27.5659,50.7435,0.5195,1.7599,1,93.8665
166895,112459022,G,45.8084,-30.9539,-33.4581,4.562,45.5806,0.0999,-2.3173,1,G,54.404,25.9067,34.653,32.9817,43.2665,0.703,0.9288,-1,92.7691
166895,112302133,G,156.801,37.3999,9.1488,-152.001,38.5026,-2.082,0.2399,1,G,29.2267,-25.7492,-8.7718,-10.6876,27.2023,-0.3834,-2.8133,-1,89.46
166895,112383544,G,80.6006,-33.7348,30.419,-66.5815,45.4241,-1.1756,2.4078,-1,G,43.0689,29.0776,-27.7617,-15.4499,40.2022,-0.3754,-0.7623,1,92.3919
166895,111905257,G,36.2202,27.3248,-6.3704,22.9056,28.0576,0.7454,-0.229,1,G,28.633,-26.3484,11.0675,-1.7636,28.5784,-0.0617,2.7439,-1,61.1224
166895,112112873,G,76.3,29.5841,-9.7794,-69.6478,31.1586,-1.5442,-0.3193,1,G,32.203,-28.2745,8.6967,12.7255,29.5818,0.4179,2.8432,-1,92.3573
166895,113476685,G,73.8105,-44.488,-2.5545,-58.8411,44.5613,-1.0909,-3.0842,-1,G,57.9423,44.5471,2.9106,-36.9376,44.6421,-0.7539,0.0652,1,90.4716
166895,112987751,G,92.7298,-16.5499,-20.288,88.9568,26.1821,1.9372,-2.2551,1,G,27.4457,15.7848,22.2647,-2.8948,27.2924,-0.1059,0.9541,-1,83.8511
166895,113180251,G,144.573,46.1089,0.2195,137.023,46.1095,1.8095,0.0048,-1,G,111.829,-42.5049,9.2813,103.019,43.5064,1.597,2.9266,1,89.5471
166895,113551523,G,234.578,32.6968,-29.49,-230.409,44.0311,-2.3571,-0.7339,1,G,140.167,-39.4394,20.6477,-132.909,44.5173,-1.8139,2.6593,-1,91.1595
166895,112890122,G,59.6452,14.3439,-51.4028,26.6372,53.3666,0.4804,-1.2987,1,G,34.5371,-15.2786,24.477,-18.9801,28.8541,-0.6178,2.1288,-1,89.9211
166895,112976056,G,36.5809,33.0684,-15.0549,4.2405,36.3341,0.1164,-0.4272,-1,G,61.7537,-38.8629,20.2599,-43.5054,43.8268,-0.8762,2.661,1,89.8181
166895,114402148,G,43.0482,-28.7389,23.7771,-21.4909,37.2998,-0.5483,2.4504,-1,G,67.926,29.076,-40.0259,-46.545,49.4721,-0.8389,-0.9426,1,86.1524
166895,113683205,G,33.8162,-18.7747,7.447,-27.1215,20.1977,-1.1043,2.764,1,G,50.5825,26.5197,-9.8919,41.9218,28.3045,1.1842,-0.357,-1,82.6931
166895,113748701,G,61.6296,-20.5987,-41.6717,-40.4643,46.4848,-0.7868,-2.0299,-1,G,36.5664,12.8259,30.911,-14.7341,33.4663,-0.4272,1.1775,1,80.1211
166895,113675768,G,127.459,9.9415,37.3636,-121.453,38.6636,-1.8622,1.3108,1,G,59.6976,-12.7795,-39.1067,-43.2566,41.1419,-0.9173,-1.8866,-1,88.8094
166895,113901768,G,55.7781,-43.3394,4.79,-34.7841,43.6033,-0.7309,3.0315,-1,G,60.6192,44.0307,-9.1288,-40.6527,44.9671,-0.8119,-0.2044,1,88.5343
166895,113767401,G,130.257,-32.9287,17.2554,124.84,37.1759,1.926,2.6589,-1,G,28.2028,20.4967,-11.4431,15.631,23.4746,0.6245,-0.5092,1,72.0368
166895,336066296,G,44.5412,24.6961,17.2678,32.7999,30.1343,0.9426,0.6102,-1,G,50.9313,-49.6099,-11.5242,-0.1849,50.9308,-0.0036,-2.9133,1,86.0091
166895,335625726,G,138.095,13.3306,-41.6051,131.002,43.6886,1.818,-1.2607,-1,G,94.496,-19.9311,42.3847,82.0718,46.837,1.327,2.0104,1,93.0267
166895,335668358,G,64.4558,41.7871,-11.0027,-47.8259,43.2114,-0.9549,-0.2575,-1,G,40.1531,-17.0901,-26.4249,24.9383,31.4697,0.7268,-2.1449,1,91.6974
166895,336086293,G,67.9995,9.1816,28.7788,-60.9213,30.208,-1.4511,1.262,1,G,35.8412,-8.8559,-31.925,13.6727,33.1306,0.4018,-1.8414,-1,92.4146
166895,336132734,G,152.709,0.0192,31.8475,149.352,31.8475,2.2497,1.5702,-1,G,31.0574,-1.8942,-29.5791,9.2759,29.6396,0.3081,-1.6347,1,92.7303
166895,336358346,G,86.1346,-23.0431,-13.2784,-81.9259,26.5952,-1.8436,-2.6188,1,G,31.5012,28.9405,10.3852,6.8493,30.7474,0.221,0.3445,-1,90.3246
166895,335900546,G,68.4702,42.1335,40.4982,-35.6765,58.4409,-0.5778,0.7656,1,G,33.3126,-32.0902,-6.7757,5.8332,32.7977,0.1769,-2.9335,-1,90.725
166895,337019309,G,129.897,11.0829,-35.6294,124.423,37.3133,1.9192,-1.2692,-1,G,173.265,-54.7013,26.5181,162.25,60.7902,1.7082,2.6902,1,87.9779
166895,336952387,G,79.1034,-35.9696,67.7654,-19.271,76.72,-0.2486,2.0588,-1,G,42.0681,-26.1751,-32.1404,-7.181,41.4505,-0.1724,-2.2543,1,94.0835
166895,336670152,G,137.974,3.9124,40.9387,-131.702,41.1253,-1.8806,1.4755,1,G,117.717,-11.2453,-39.312,-110.387,40.8888,-1.7189,-1.8494,-1,81.9388
166895,336997592,G,41.946,39.2526,-8.5417,-12.0718,40.1712,-0.2962,-0.2143,-1,G,56.4595,-53.6452,6.6562,-16.2957,54.0566,-0.2971,3.0181,1,93.1033
166895,336650114,G,115.803,41.3734,17.6777,106.705,44.9917,1.5985,0.4038,1,G,77.3005,-40.4113,-16.1331,63.8905,43.5127,1.1771,-2.7618,-1,90.4578
166895,336909897,G,134.003,-85.3473,10.9878,102.723,86.0517,1.0119,3.0135,1,G,37.1244,0.1386,-35.5823,10.5871,35.5826,0.2933,-1.5669,-1,92.6289
166895,337148107,G,39.8262,-34.8231,-1.8286,-19.2386,34.871,-0.527,-3.0891,1,G,72.9334,56.8585,-6.2143,-45.2522,57.1971,-0.7258,-0.1089,-1,89.4729
166895,337160682,G,57.1349,-13.3367,21.9273,-51.0462,25.6647,-1.4387,2.1172,-1,G,246.591,10.6236,-46.2391,-241.984,47.4438,-2.3319,-1.345,1,76.0552
166895,336478095,G,49.3477,12.6931,-24.1378,-41.1271,27.2717,-1.1992,-1.0867,1,G,53.4373,-5.3166,-21.2596,48.7371,21.9143,1.5395,-1.8158,-1,91.6053
166895,337682276,G,84.6481,15.1816,31.1515,77.2295,34.6539,1.5414,1.1173,1,G,54.0568,-28.0638,-37.9683,26.3241,47.2141,0.5321,-2.2073,-1,91.1224
166895,337486163,G,49.7743,-17.7947,-33.4216,-32.3081,37.8636,-0.7737,-2.06,-1,G,42.0343,23.3034,30.1634,17.7198,38.1166,0.4496,0.913,1,90.4159
166895,338161521,G,45.7639,7.1765,-42.9518,14.0697,43.5472,0.3177,-1.4052,1,G,54.9118,-9.5119,43.3141,32.3838,44.3462,0.6773,1.787,-1,89.2865
166895,338213521,G,68.2681,-28.1811,-37.8778,-49.3115,47.2112,-0.9125,-2.2104,1,G,76.8842,49.9334,12.3143,-57.1505,51.4294,-0.9579,0.2418,-1,92.7814
166895,338348394,G,51.011,42.3229,-19.2437,-20.9897,46.4924,-0.4374,-0.4267,1,G,42.5743,-35.2372,13.5111,19.7066,37.7387,0.501,2.7755,-1,93.1316
166895,338976688,G,61.2258,40.3591,11.6077,44.5532,41.9952,0.9238,0.2801,-1,G,43.2331,-39.6798,-17.1588,0.4196,43.2309,0.0097,-2.7334,1,94.116
166895,338562342,G,49.4164,-33.6326,-34.0422,12.3266,47.8542,0.2548,-2.3501,-1,G,49.8187,29.4516,31.5804,24.8429,43.1824,0.5475,0.8203,1,91.883
166895,339054929,G,78.73,2.1729,-41.8763,66.6338,41.9326,1.2432,-1.519,1,G,58.8422,-2.4026,46.0422,36.5615,46.1048,0.7272,1.6229,-1,90.8815
166895,339607172,G,37.1785,-22.7949,0.2969,29.369,22.7968,1.0713,3.1286,-1,G,55.3179,36.4632,21.5539,-35.5799,42.3572,-0.7636,0.5339,1,88.6157
166895,339875444,G,49.6621,34.1681,-31.0009,18.3794,46.1358,0.3885,-0.7368,1,G,43.3766,-38.2151,19.3917,-6.7152,42.8536,-0.1561,2.672,-1,91.4823
166895,339179185,G,59.3447,27.7387,-46.1802,-24.8945,53.8706,-0.4471,-1.0299,1,G,36.2819,-2.4528,27.7975,23.1873,27.9055,0.7566,1.6588,-1,90.3561
166895,339725251,G,99.8569,-33.0277,28.5594,-89.8049,43.6632,-1.4687,2.4286,1,G,140.024,55.1622,1.5286,-128.692,55.1834,-1.583,0.0277,-1,91.6894
166895,339604778,G,97.2909,-10.6834,34.7943,-90.226,36.3975,-1.6394,1.8687,1,G,44.3433,19.9148,-35.3649,-17.8617,40.5867,-0.427,-1.0579,-1,91.0591
166895,340559468,G,153.433,14.8977,26.2284,150.439,30.1641,2.31,1.0542,-1,G,23.8719,-17.3559,-16.3542,1.0812,23.8472,0.0453,-2.3859,1,91.5163
166895,340566023,G,42.8059,-33.8144,-11.7572,23.4667,35.8001,0.6158,-2.807,-1,G,48.1321,37.6578,12.8982,-27.0593,39.8055,-0.636,0.33,1,90.7784
166895,340921692,G,36.3515,-20.9836,-27.3038,11.6455,34.4355,0.332,-2.226,-1,G,63.4947,60.4712,16.5013,-10.1244,62.6822,-0.1608,0.2664,1,91.0549
166895,340334825,G,54.0707,37.6901,-32.3903,-21.3062,49.6958,-0.4166,-0.7099,1,G,53.8924,-40.0639,33.5837,-13.092,52.2779,-0.2479,2.444,-1,102.302
166895,340556841,G,93.6168,0.5704,-46.9329,-81.0005,46.9364,-1.3138,-1.5586,-1,G,78.3665,-2.229,44.6024,-64.3968,44.6581,-1.1622,1.6207,1,91.8134
166895,340561285,G,130.212,-46.9456,-1.8511,121.441,46.9821,1.6783,-3.1022,1,G,43.1615,25.4482,-5.4486,34.4326,26.0249,1.0924,-0.2109,-1,72.4325
166895,340724333,G,75.2276,-41.5701,24.6958,-57.6301,48.3524,-1.0108,2.6055,1,G,147.431,27.9859,-0.5805,-144.75,27.9919,-2.3455,-0.0207,-1,88.6194
166895,340412898,G,105.856,25.2537,-32.0731,-97.6677,40.8219,-1.6066,-0.9038,-1,G,49.891,-22.3817,31.3065,-31.75,38.4843,-0.7521,2.1915,1,86.5982
166895,340894930,G,92.9215,-25.5784,19.9689,87.0712,32.4501,1.7132,2.4787,1,G,33.2208,28.0793,-17.4704,3.1545,33.0706,0.0952,-0.5566,-1,88.0837
166895,340043118,G,123.208,-1.7092,26.6659,120.275,26.7206,2.2096,1.6348,1,G,25.8674,3.7549,-25.5132,-2.0216,25.788,-0.0783,-1.4247,-1,90.7411
166895,115258771,G,166.915,14.519,34.7817,162.604,37.6904,2.1682,1.1753,1,G,41.6354,-15.1496,-30.0374,24.5303,33.6416,0.6764,-2.0379,-1,91.93
166895,115392234,G,98.8448,-21.4421,-33.0454,90.6561,39.3924,1.5708,-2.1464,1,G,32.4868,18.7053,26.3567,3.2892,32.3197,0.1016,0.9536,-1,91.488
166895,115423917,G,69.1835,28.6102,-27.7462,-56.5505,39.8547,-1.1489,-0.7701,-1,G,55.9178,-24.4528,31.4366,-39.2504,39.8271,-0.8711,2.2319,1,80.2599
166895,115222193,G,60.0817,-11.5046,-57.1535,14.5229,58.2999,0.2466,-1.7694,-1,G,46.9673,-34.9644,30.8662,-5.5389,46.6394,-0.1185,2.4184,1,92.3491
166895,115457401,G,42.7306,-8.6584,-41.7034,-3.4273,42.5928,-0.0804,-1.7755,1,G,48.8239,6.8408,37.5121,30.4927,38.1307,0.7324,1.3904,-1,87.343
166895,114555943,G,77.7065,-18.875,-36.2304,66.1013,40.8522,1.2585,-2.0511,1,G,81.4786,24.934,42.0626,65.175,48.8975,1.0983,1.0357,-1,89.642
166895,114914575,G,66.4397,26.9726,-36.636,-48.4201,45.4941,-0.9261,-0.9362,1,G,23.1739,-8.8104,18.3026,11.1539,20.3128,0.5247,2.0194,-1,77.3037
166895,115242367,G,92.1586,28.9283,18.8465,85.4468,34.5259,1.6379,0.5774,-1,G,78.4063,-54.645,-4.5384,56.0434,54.8332,0.8969,-3.0587,1,90.5916
166895,115522340,G,112.614,37.6347,37.516,99.2882,53.1396,1.3832,0.7838,1,G,27.5391,-25.7748,-8.9921,3.6323,27.2983,0.1327,-2.8059,-1,89.9782
166895,115560382,G,34.9358,-1.0355,-31.0831,-15.9144,31.1003,-0.4917,-1.6041,-1,G,60.5668,-23.2001,55.902,2.2477,60.525,0.0371,1.9642,1,87.924
166895,115630501,G,87.6149,37.0813,-21.4415,-76.4304,42.8341,-1.3428,-0.5243,-1,G,168.853,-11.8946,66.0401,-154.946,67.1027,-1.5739,1.749,1,98.0659
166895,115531465,G,151.854,21.2149,24.4888,-148.357,32.4002,-2.2263,0.8569,1,G,48.3327,-35.2388,-9.9021,-31.5628,36.6036,-0.7806,-2.8677,-1,85.4052
166895,116226819,G,128.051,-29.2958,-23.0622,-122.503,37.2842,-1.9051,-2.4747,-1,G,46.6806,28.5851,24.8969,-27.2417,37.9073,-0.6679,0.7165,1,90.0214
166895,116584404,G,80.0168,-34.7875,1.1647,72.0496,34.807,1.4745,3.1081,1,G,36.8261,36.5188,-4.3631,1.869,36.7785,0.0508,-0.1189,-1,90.4162
166895,117270278,G,62.4328,-33.1382,-8.0934,52.2895,34.1123,1.2129,-2.9021,-1,G,38.9806,36.5669,12.7285,-4.508,38.7189,-0.1162,0.335,1,89.2656
166895,116808086,G,91.5337,3.1679,26.8776,-87.4412,27.0637,-1.889,1.4535,1,G,83.7675,-72.8563,7.849,-40.5874,73.2778,-0.5289,3.0343,-1,90.9767
166895,117104562,G,61.1793,-36.8695,-20.1154,44.4849,41.9999,0.9226,-2.6421,1,G,46.1833,38.3757,24.0159,9.134,45.2709,0.2004,0.5592,-1,92.9207
166895,116901785,G,39.6594,38.051,-11.1641,-0.5866,39.6549,-0.0148,-0.2854,-1,G,57.7186,-37.3266,26.9783,-34.7897,46.0554,-0.6975,2.5158,1,89.333
166895,461778758,G,43.3091,29.8068,-14.4267,-27.9121,33.1146,-0.7658,-0.4508,-1,G,56.5647,-36.7624,42.907,-2.658,56.5021,-0.047,2.2792,1,90.4474
166895,462015500,G,48.0355,-44.9536,-2.5868,-16.7299,45.0279,-0.3635,-3.0841,-1,G,43.3589,37.8297,5.6626,20.4165,38.2512,0.5112,0.1486,1,90.9898
166895,461983335,G,158.326,13.0047,-32.3437,-154.44,34.8602,-2.1941,-1.1885,1,G,31.5163,-16.09,24.5936,-11.3813,29.3893,-0.3782,2.1502,-1,92.0523
166895,462039015,G,45.8611,4.576,25.1094,-38.1026,25.523,-1.1908,1.3905,1,G,29.7437,-6.589,-23.8829,16.4581,24.7751,0.6232,-1.84,-1,72.4019
166895,461654450,G,98.2358,38.4782,8.6485,-89.9716,39.4381,-1.5628,0.2211,1,G,39.5659,-38.6133,-4.6912,-7.2428,38.8972,-0.1851,-3.0207,-1,97.5858
166895,461739923,G,117.616,-46.0685,-20.7547,106.21,50.5279,1.4883,-2.7183,1,G,44.471,29.5751,18.4237,27.6323,34.8442,0.7272,0.5571,-1,89.8951
166895,462440260,G,44.1029,32.8473,-27.4105,-10.713,42.7818,-0.2479,-0.6954,1,G,63.0856,-36.6342,29.2711,-42.201,46.892,-0.8088,2.4675,-1,93.1218
166895,462972870,G,91.5722,32.2166,33.6346,-78.8433,46.5747,-1.2972,0.8069,1,G,43.7133,-13.6278,-35.8181,-21.0283,38.323,-0.5244,-1.9344,-1,89.3171
166895,462968688,G,173.237,56.7233,33.5726,-160.207,65.914,-1.6211,0.5344,-1,G,45.9754,-5.4765,-30.6652,-33.8139,31.1504,-0.9406,-1.7475,1,88.1769
166895,463301077,G,42.6605,-28.8883,-31.3852,-0.5902,42.6563,-0.0138,-2.3148,1,G,50.5358,35.9136,27.9942,21.9177,45.5353,0.4645,0.6621,-1,90.3871
166895,463619317,G,46.506,21.9384,-27.2976,30.5998,35.0207,0.7892,-0.8938,1,G,44.6654,-17.7629,37.1389,-17.3254,41.1682,-0.4093,2.0169,-1,89.5641
166895,463338596,G,99.3689,-37.0995,15.9709,-90.7895,40.3911,-1.5493,2.7351,1,G,28.0149,20.2467,-19.1426,2.9078,27.8634,0.1042,-0.7574,-1,90.6055
166895,463972419,G,43.2314,17.3119,15.6431,-36.3942,23.3326,-1.2275,0.7348,1,G,51.378,-26.113,-19.4715,39.7323,32.5734,1.0286,-2.5009,-1,94.0622
166895,463440601,G,231.748,42.263,-6.5744,-227.767,42.7713,-2.3743,-0.1543,-1,G,85.6683,-35.7903,-22.3853,-74.5453,42.2143,-1.3337,-2.5827,1,92.0865
166895,463264446,G,148.195,37.7722,8.1498,-143.068,38.6414,-2.0199,0.2125,-1,G,40.4536,-34.6181,-0.8434,-20.9131,34.6283,-0.5722,-3.1172,1,92.9246
166895,463615098,G,65.9206,25.2364,-36.1739,-48.9907,44.107,-0.9575,-0.9617,-1,G,57.0659,-18.6454,42.7775,-32.8473,46.6644,-0.6559,1.9818,1,91.33
166895,463448707,G,86.1799,22.8764,-35.4361,-75.1527,42.1787,-1.3416,-0.9975,-1,G,42.0164,-23.4891,30.7117,-16.4444,38.6646,-0.4134,2.2237,1,89.5633
166895,466809839,G,241.873,-10.1911,152.147,187.75,152.488,1.0358,1.6377,-1,G,62.0635,32.7838,49.2113,18.8505,59.1314,0.3136,0.9831,1,92.9415
166895,467033801,G,121.014,5.8487,-22.0677,-118.841,22.8296,-2.352,-1.3117,-1,G,25.7073,2.6952,25.2414,4.0575,25.3849,0.1592,1.4644,1,90.9329
166895,467579270,G,48.9621,37.0456,-30.8502,-8.5538,48.209,-0.1765,-0.6944,-1,G,55.3113,-24.0837,31.8756,-38.2525,39.9509,-0.851,2.2178,1,92.2662
166895,467216453,G,60.7512,-29.6126,-28.4709,44.7571,41.0792,0.9433,-2.3758,-1,G,59.2991,35.5197,33.0282,34.1153,48.5027,0.6554,0.7491,1,90.1973
166895,467818768,G,49.8301,-3.4638,-34.0799,36.1883,34.2555,0.9207,-1.6721,1,G,40.786,2.9094,28.3185,-29.2076,28.4676,-0.8996,1.4684,-1,90.1612
166895,467761474,G,91.3951,-14.8468,38.8977,81.3609,41.6348,1.4229,1.9354,1,G,55.6534,16.2137,-40.4293,34.6393,43.5593,0.7289,-1.1894,-1,90.3494
166895,467702660,G,52.7007,-37.9018,-30.0646,-20.9027,48.3779,-0.4196,-2.471,1,G,60.0057,30.5802,26.398,-44.3697,40.3981,-0.9492,0.7121,-1,91.5161
166895,468091476,G,63.2092,27.6387,-19.1449,-53.5254,33.6218,-1.2447,-0.6058,-1,G,35.4136,-25.1695,17.9406,17.2843,30.909,0.5335,2.5223,1,91.6815
166895,468292412,G,30.7931,9.9789,-27.7953,-8.7207,29.5323,-0.2912,-1.2261,1,G,66.9269,-30.7117,54.6066,23.5396,62.6506,0.3674,2.0831,-1,90.4484
166895,468392164,G,66.3156,-29.893,-6.8068,-58.8033,30.6581,-1.4064,-2.9177,1,G,133.641,50.9799,46.5624,-114.424,69.0435,-1.279,0.7401,-1,89.1612
166895,467681622,G,218.019,-38.2447,17.9546,213.886,42.2496,2.3246,2.7027,-1,G,83.4331,36.0386,-15.3565,73.6645,39.1741,1.3888,-0.4028,1,90.4235
166895,467907551,G,35.7537,-6.968,22.2263,-27.1248,23.2929,-0.9931,1.8746,1,G,53.7038,5.9879,-21.8558,48.6884,22.6612,1.5082,-1.3034,-1,86.8133
166895,468500293,G,66.7622,4.8823,-22.871,62.532,23.3863,1.7099,-1.3605,-1,G,45.2394,-7.5344,-30.9647,-32.1094,31.8682,-0.8867,-1.8095,1,93.3461
166895,468910939,G,115.737,-33.2016,-2.9043,110.834,33.3284,1.9166,-3.0543,1,G,33.8408,31.9896,7.9135,7.6964,32.9539,0.2315,0.2425,-1,91.0903
166895,469147066,G,53.6086,-4.9487,28.8635,-44.903,29.2846,-1.2131,1.7406,1,G,54.6888,8.4576,-53.2425,-9.1959,53.91,-0.1698,-1.4133,-1,90.5262
166895,469014252,G,97.7158,30.4327,-29.0293,88.2016,42.0577,1.4863,-0.7618,-1,G,84.3063,-29.1928,39.4024,68.5767,49.0385,1.1371,2.2084,1,91.8884
166895,469198724,G,52.3749,-0.5895,48.6467,-19.3976,48.6503,-0.3888,1.5829,-1,G,52.5775,3.9015,-45.969,-25.2194,46.1342,-0.5225,-1.4861,1,94.901
166895,468658703,G,72.9474,31.1686,-24.274,-61.3237,39.5058,-1.2234,-0.6617,1,G,41.4801,-35.525,19.6703,-8.4641,40.6073,-0.207,2.6359,-1,90.4607
166895,469304609,G,34.4349,-3.5667,-28.9057,18.3709,29.125,0.595,-1.6936,-1,G,42.6853,22.1121,35.3036,-9.3135,41.6568,-0.2218,1.0112,1,74.0313
166895,468865234,G,147.314,-6.6646,33.0985,143.392,33.7628,2.153,1.7695,1,G,45.2304,5.7188,-34.1093,29.1484,34.5854,0.7657,-1.4047,-1,85.4458
166895,469108962,G,59.6198,20.5383,21.7743,51.5613,29.9323,1.3122,0.8146,-1,G,36.0203,-25.5349,-18.7517,-17.1404,31.6805,-0.5176,-2.5082,1,89.04
166895,118045501,G,179.582,38.5514,27.1084,173.288,47.1283,2.0132,0.6129,1,G,102.943,-33.1457,-26.1735,93.8802,42.2338,1.5391,-2.4732,-1,91.7139
166895,117956144,G,42.7245,35.9691,-16.5526,-16.0502,39.595,-0.395,-0.4313,-1,G,41.4918,-25.1602,14.968,-29.4022,29.2758,-0.8844,2.6049,1,70.051
166895,118197352,G,67.5854,31.6443,21.1684,55.8418,38.0718,1.1762,0.5896,-1,G,36.204,-28.662,-21.5207,-5.1053,35.842,-0.142,-2.4975,1,90.4932
166895,117520526,G,125.301,-6.8787,28.8529,-121.74,29.6615,-2.1197,1.8048,-1,G,29.6197,8.2795,-27.2104,8.2681,28.4422,0.2868,-1.2754,1,105.452
166895,118759358,G,39.8093,30.7754,-15.0656,20.2651,34.2651,0.5615,-0.4552,1,G,51.8724,-39.1827,27.4583,20.0373,47.846,0.4074,2.5303,-1,80.9752
166895,118350676,G,53.5278,49.074,-14.1713,16.0043,51.0791,0.3084,-0.2811,1,G,64.2254,-48.6685,12.0542,-40.1368,50.139,-0.7331,2.8988,-1,115.234
166895,118834679,G,56.2939,-49.5101,0.9423,-26.7742,49.5191,-0.5173,3.1226,-1,G,49.983,41.9929,0.8238,-27.0962,42.001,-0.6071,0.0196,1,91.286
166895,118442497,G,20.0813,19.8626,-2.6109,1.3802,20.0335,0.0688,-0.1307,1,G,57.1033,-39.8999,-2.1968,-40.7915,39.9604,-0.896,-3.0866,-1,63.0841
166895,119375748,G,253.108,45.7399,9.7544,-248.749,46.7685,-2.3731,0.2101,1,G,84.4487,-42.1772,-21.8684,-69.8171,47.5094,-1.1778,-2.6633,-1,110.907
166895,119750918,G,98.8418,37.7908,-4.6371,91.2142,38.0742,1.6078,-0.1221,-1,G,44.1728,-34.7885,-0.8937,27.2063,34.8,0.7184,-3.1159,1,79.9383
166895,119250640,G,114.281,-9.4872,-27.7321,-110.458,29.31,-2.037,-1.9004,-1,G,90.9929,20.7734,56.0116,-68.6358,59.7397,-0.9829,1.2156,1,95.58
166895,119804563,G,75.2945,37.0668,35.5895,55.0335,51.3864,0.9307,0.7651,-1,G,48.8305,-38.3161,-29.1199,8.2653,48.1258,0.1709,-2.4917,1,106.569
166895,120643254,G,99.0891,-7.719,-32.5503,-93.2713,33.453,-1.7492,-1.8036,1,G,34.3043,9.7795,32.7354,-3.0861,34.165,-0.0902,1.2805,-1,92.2212
166895,120621960,G,49.9338,-26.7647,-32.5816,-26.7482,42.1653,-0.5981,-2.2585,-1,G,31.6563,24.0823,20.357,-2.7835,31.5335,-0.0882,0.7018,1,75.0212
166895,120412122,G,155.357,-15.5184,47.7693,147.013,50.2268,1.7951,1.8849,1,G,119.483,7.9915,-41.307,111.83,42.0729,1.7044,-1.3797,-1,91.8601
166895,121162294,G,246.31,45.5653,63.8919,-233.474,78.4753,-1.8106,0.9513,1,G,67.4877,13.8808,-28.972,-59.3508,32.1256,-1.3733,-1.124,-1,89.2704
166895,121161662,G,45.0953,14.2395,-41.3386,11.0424,43.7223,0.2499,-1.2391,-1,G,62.877,-9.482,38.9565,48.4354,40.0939,1.0211,1.8095,1,89.9561
166895,121810897,G,48.9791,18.0836,-33.4051,30.9196,37.9858,0.7435,-1.0746,1,G,43.0724,-7.5197,37.4112,-19.977,38.1594,-0.5021,1.7692,-1,90.6978
166895,120968146,G,56.2822,-31.7454,10.7468,45.2151,33.5151,1.108,2.8152,-1,G,43.2924,41.0809,6.6666,-11.9222,41.6183,-0.2827,0.1609,1,91.7404
166895,121048907,G,67.6448,23.761,-24.6378,58.3456,34.2287,1.3031,-0.8035,1,G,70.8914,-25.8135,24.7075,61.2273,35.7323,1.3076,2.3781,-1,69.9313
166895,121227419,G,184.154,-48.9866,-20.5797,176.322,53.1339,1.9146,-2.7439,1,G,144.54,34.9337,12.9978,139.652,37.2734,2.0314,0.3562,-1,89.138
166895,121809291,G,230.545,-36.4955,-28.8306,-225.805,46.5094,-2.2836,-2.473,-1,G,36.8161,24.7286,14.9489,-22.8133,28.8959,-0.7244,0.5437,1,96.6428
166895,122588302,G,33.6702,14.6634,-26.4588,-14.7848,30.2503,-0.4711,-1.0647,1,G,67.9722,-15.8685,45.6694,47.7777,48.3477,0.873,1.9052,-1,94.1921
166895,122101303,G,61.1527,-43.3416,15.3673,40.3112,45.9853,0.7914,2.8009,1,G,41.8791,29.095,-9.2821,-28.656,30.5398,-0.8371,-0.3088,-1,101.191
166895,122388639,G,112.56,-37.6147,13.708,105.2,40.0347,1.6936,2.7921,-1,G,34.9363,32.0264,-8.9019,10.7518,33.2405,0.3181,-0.2711,1,90.863
166895,122167878,G,136.087,50.2486,-0.8281,126.468,50.2555,1.6533,-0.0165,1,G,79.6291,-45.0186,1.5228,65.6642,45.0443,1.1711,3.1078,-1,97.9335
166895,122188374,G,89.3378,-4.402,-30.5908,83.8216,30.9059,1.7233,-1.7137,1,G,31.8143,-10.9344,29.3994,-5.3155,31.367,-0.1687,1.9269,-1,90.9836
166895,122359345,G,62.321,-29.0747,-9.1465,-54.359,30.4795,-1.3424,-2.8368,-1,G,34.7534,31.4471,-1.66,14.7006,31.4909,0.4513,-0.0527,1,87.9104
166895,121904466,G,227.223,74.3264,-23.8454,-213.395,78.0578,-1.7307,-0.3104,1,G,49.2965,-17.2877,21.0091,-41.1083,27.2074,-1.2008,2.2593,-1,91.8142
166895,122282385,G,94.2678,-4.6216,25.6043,-90.6061,26.018,-1.9609,1.7494,-1,G,81.3552,18.9247,-55.6162,-56.2793,58.7478,-0.8513,-1.2428,1,90.3484
166895,122985151,G,184.563,-6.0177,-42.0381,-179.611,42.4667,-2.1489,-1.713,1,G,94.0142,4.0922,42.7283,-83.6433,42.9238,-1.4204,1.4753,-1,91.095
166895,123401688,G,135.346,28.2701,-34.5655,-127.767,44.654,-1.7736,-0.8853,1,G,48.0008,-22.8723,27.7831,-31.7651,35.9867,-0.7959,2.2595,-1,89.9457
166895,122979425,G,63.5508,27.9565,32.6877,46.783,43.0122,0.942,0.8633,-1,G,36.7594,-15.3149,-28.9631,16.6685,32.7629,0.489,-2.0572,1,76.5662
166895,123703860,G,47.4921,-23.0782,-27.4706,31.1167,35.8781,0.7844,-2.2695,-1,G,46.4619,28.5335,31.79,-18.2738,42.7172,-0.4157,0.8393,1,92.8116
166895,123399997,G,73.7131,17.1771,-38.0969,60.7222,41.7903,1.1684,-1.1472,1,G,48.3155,-6.7462,42.6765,21.6237,43.2065,0.4816,1.7276,-1,89.3329
166895,123917477,G,67.7824,21.7203,-35.7907,-53.3076,41.8658,-1.0621,-1.0253,1,G,36.5342,-16.7796,32.3794,2.181,36.4689,0.0598,2.0489,-1,90.7303
166895,124297937,G,103.037,25.8924,19.1791,-97.8693,32.222,-1.8302,0.6375,-1,G,26.7596,-25.4737,4.4795,6.8622,25.8646,0.2623,2.9675,1,89.4708
166895,123817987,G,99.682,0.5108,-28.1382,95.6267,28.1428,1.9373,-1.5527,1,G,33.0758,-21.7108,24.7796,-2.9347,32.9452,-0.089,2.2903,-1,92.5857
166895,124163547,G,101.15,-30.0387,-8.0574,96.2495,31.1006,1.848,-2.8795,-1,G,21.1679,18.0764,9.5195,-5.5402,20.4298,-0.268,0.4847,1,81.1673
166895,124357643,G,43.8336,-40.4124,12.5385,11.4455,42.3128,0.2673,2.8407,1,G,41.2161,38.969,-11.5097,-6.9061,40.6332,-0.1692,-0.2872,-1,84.91
166895,125472294,G,94.1763,-37.254,-22.0217,-83.6442,43.276,-1.4132,-2.6077,1,G,48.2297,30.8465,25.2677,-27.1317,39.8743,-0.6366,0.6863,-1,89.1996
166895,125109716,G,110.18,35.1235,4.7248,104.325,35.4399,1.8005,0.1337,-1,G,34.3893,-31.1471,-12.445,7.589,33.5413,0.2244,-2.7615,1,91.1056
166895,124828380,G,76.6352,-3.1725,39.8013,-65.4121,39.9275,-1.2691,1.6503,1,G,38.2595,-0.3672,-33.3067,-18.8231,33.3087,-0.5387,-1.5818,-1,77.7851
166895,125172964,G,122.027,1.7218,45.2531,-113.313,45.2859,-1.648,1.5328,1,G,44.0649,-3.5284,-35.8139,-25.4287,35.9873,-0.6581,-1.669,-1,90.8019
166895,125819248,G,64.6664,-10.5898,-48.2179,41.7688,49.367,0.7683,-1.787,-1,G,50.5567,11.3027,45.4318,19.0834,46.8166,0.3971,1.327,1,97.8014
166895,126160166,G,101.952,30.126,10.9612,-96.7805,32.0581,-1.8244,0.349,-1,G,57.8571,-46.3123,-14.1224,-31.6726,48.4177,-0.6147,-2.8456,1,93.6308
166895,126061739,G,145.331,40.5135,18.9812,-138.273,44.7396,-1.8467,0.4381,-1,G,82.6753,-38.2647,-20.8779,-70.2504,43.5899,-1.2551,-2.6421,1,92.1746
166895,126080171,G,138.003,-42.1984,25.1263,-128.968,49.1125,-1.693,2.6045,1,G,101.14,38.3563,-18.3612,-91.7658,42.5246,-1.5121,-0.4465,-1,91.681
166895,125901849,G,138.712,8.5543,-40.3874,-132.427,41.2834,-1.8822,-1.3621,-1,G,82.9011,-14.4538,41.2722,-70.4293,43.7299,-1.2546,1.9077,1,89.0308
166895,127285470,G,87.6486,-36.2027,29.132,-74.3166,46.4684,-1.2486,2.464,-1,G,114.079,37.7243,-18.2155,-106.109,41.8919,-1.6594,-0.4498,1,89.55
166895,126912383,G,57.6321,31.9796,8.5269,-47.181,33.0968,-1.1527,0.2606,-1,G,37.3208,-21.9579,13.0089,27.2295,25.5222,0.9279,2.6067,1,89.7428
166895,126880284,G,68.301,27.9448,-36.0661,50.8266,45.6254,0.9597,-0.9116,1,G,65.6288,-32.2715,34.0274,45.911,46.8968,0.8664,2.3297,-1,92.4996
166895,127104452,G,86.2605,-9.2926,20.1797,-83.3504,22.2165,-2.0327,2.0023,-1,G,26.7985,9.5601,-18.848,16.4774,21.134,0.7167,-1.1014,1,91.1509
166895,127211212,G,79.0796,-48.2469,12.9157,61.3106,49.9458,1.0335,2.88,1,G,51.6567,-24.387,-44.2748,-10.6498,50.5469,-0.2092,-2.0743,-1,90.9197
166895,127079113,G,70.5977,41.0237,-17.9,54.5956,44.7588,1.0286,-0.4114,1,G,62.2429,-33.6429,28.7346,43.7795,44.2439,0.8739,2.4347,-1,88.3012
166895,126647204,G,45.7469,-14.1058,-41.674,12.5328,43.9966,0.2811,-1.8972,-1,G,30.466,0.7496,23.147,-19.7944,23.1591,-0.7748,1.5384,1,72.3466
166895,126943404,G,47.402,37.9546,-12.7506,-25.3734,40.0392,-0.5975,-0.3241,1,G,50.2463,-38.007,12.4253,30.4263,39.9865,0.7019,2.8256,-1,97.5169
166895,128161080,G,114.93,-40.6264,16.3886,106.254,43.8074,1.6192,2.7582,1,G,56.2553,33.7346,-18.4229,41.0758,38.4373,0.9291,-0.4999,-1,86.8726
166895,128421938,G,56.3412,44.3529,-2.0978,-34.6805,44.4025,-0.7178,-0.0473,-1,G,63.4715,-44.3118,3.9985,-45.2669,44.4918,-0.8936,3.0516,1,89.2181
166895,129365802,G,237.749,13.4251,-44.3632,233.187,46.35,2.3185,-1.2769,-1,G,277.341,-0.7407,52.8341,272.261,52.8393,2.3419,1.5848,1,98.0167
166895,129314873,G,146.262,36.2012,5.2342,141.614,36.5776,2.0631,0.1436,-1,G,51.191,-37.3569,-6.7901,34.3346,37.969,0.812,-2.9618,1,89.5873
166895,130327729,G,99.1854,-20.0454,-4.5983,97.0298,20.566,2.2556,-2.9161,-1,G,30.0704,24.1416,17.0754,-5.4619,29.57,-0.1837,0.6156,1,90.2769
166895,130048519,G,77.5022,18.8126,-37.6385,65.0846,42.0782,1.2204,-1.1073,1,G,71.6786,-11.7356,43.8386,55.4821,45.3823,1.0303,1.8324,-1,87.3502
166895,129776261,G,93.4099,-41.984,-8.4655,-83.0125,42.829,-1.4157,-2.9426,-1,G,175.693,41.7655,8.8362,-170.428,42.69,-2.0928,0.2085,1,90.4669
166895,129891291,G,90.4366,8.6068,37.3136,81.9292,38.2933,1.5043,1.3441,-1,G,36.4001,-11.0398,-34.3698,4.6686,36.0993,0.129,-1.8816,1,92.5947
166895,130217210,G,61.2295,-1.1191,34.8296,-50.3456,34.8476,-1.1637,1.6029,-1,G,43.49,-0.1646,-43.0377,6.2526,43.038,0.1448,-1.5746,1,94.6201
166895,130077037,G,55.4132,-32.5223,17.1011,-41.4785,36.7443,-0.9696,2.6575,-1,G,43.9204,28.7201,-25.743,21.0105,38.5687,0.5209,-0.7308,1,96.7423
166895,130463167,G,63.2985,-6.1107,40.6511,48.1336,41.1078,0.9972,1.72,-1,G,57.4719,0.3229,-49.0011,30.0298,49.0022,0.5798,-1.5642,1,91.5027
166895,130494833,G,93.5041,-2.327,38.8125,-85.0363,38.8822,-1.5243,1.6307,-1,G,76.9618,-24.9452,-44.4748,-57.6441,50.9928,-0.9707,-2.082,1,89.0229
166895,130507564,G,188.484,-30.1753,-25.2724,184.328,39.3604,2.2483,-2.4444,-1,G,80.1828,32.0647,26.1315,68.6896,41.3643,1.2807,0.6838,1,90.3294
166895,130659588,G,76.6402,51.1073,5.4332,56.8528,51.3952,0.9545,0.1059,-1,G,56.0662,-40.4593,-5.9565,38.3533,40.8954,0.8367,-2.9954,1,91.8321
166895,131289451,G,48.2262,21.7035,-13.1936,40.9956,25.399,1.2564,-0.5462,1,G,35.1692,-29.9612,17.7898,4.7657,34.8447,0.1363,2.6058,-1,69.0752
166895,130641765,G,78.5606,6.0941,44.4064,-64.5189,44.8226,-1.1607,1.4344,1,G,61.2117,-9.7854,-44.9271,-40.4061,45.9805,-0.793,-1.7853,-1,92.2666
166895,131420761,G,81.2101,-12.0799,39.1333,-70.1266,40.9553,-1.307,1.8702,-1,G,109.782,-7.1896,-57.0065,-93.5448,57.4581,-1.2638,-1.6963,1,94.8624
166895,132260857,G,152.894,18.755,33.6656,147.958,38.5373,2.055,1.0625,-1,G,71.9825,-22.158,-32.1622,60.4656,39.0562,1.2212,-2.1741,1,84.3529
166895,131380264,G,53.1224,-35.1313,-23.9995,-31.8088,42.5462,-0.6913,-2.5423,1,G,41.0158,34.2994,21.6954,5.9286,40.5849,0.1456,0.564,-1,90.4778
166895,131962066,G,96.4295,-16.0381,-15.5761,93.8019,22.357,2.1411,-2.3708,1,G,37.5285,14.2749,24.1593,24.9186,28.0615,0.7999,1.0371,-1,61.4281
166895,131640619,G,108.139,-26.3248,-7.6032,104.61,27.4008,2.0495,-2.8604,-1,G,49.7139,38.6158,-0.8714,31.2973,38.6256,0.7407,-0.0226,1,78.8915
166895,132421086,G,87.0663,30.8619,13.017,80.3656,33.4947,1.6092,0.3991,-1,G,33.5958,-30.3071,-14.4325,-1.3595,33.5681,-0.0405,-2.6972,1,91.1869
166895,132685255,G,44.9128,-12.7348,-18.0317,-39.1131,22.0752,-1.3367,-2.1857,-1,G,54.0381,-22.7688,38.9017,29.8051,45.075,0.6206,2.1003,1,89.4907
166895,132873303,G,76.6416,-27.5402,-18.6914,69.0369,33.2841,1.4763,-2.5453,1,G,22.1408,19.7931,6.0613,7.8547,20.7004,0.3709,0.2972,-1,60.2171
166895,132871977,G,115.694,-59.8083,23.5117,-96.2048,64.2637,-1.1931,2.767,1,G,42.061,29.955,-2.9765,-29.3761,30.1025,-0.8642,-0.099,-1,88.3364
166895,132354546,G,71.043,-40.1429,0.0107,58.6144,40.1429,1.1724,3.1413,-1,G,42.0012,41.7374,-4.256,-1.9914,41.9538,-0.0474,-0.1016,1,97.7356
166895,133098482,G,113.14,-60.9368,6.1529,-95.1286,61.2467,-1.2239,3.041,1,G,51.7162,33.0418,-6.8807,-39.1849,33.7506,-0.9908,-0.2053,-1,91.4262
166895,132809991,G,205.111,18.7362,33.7617,201.444,38.6121,2.3542,1.0642,-1,G,61.9068,-21.0539,-30.9169,49.3287,37.4048,1.0898,-2.1686,1,91.6416
166895,132899893,G,139.207,40.5437,-27.4682,130.309,48.9724,1.7054,-0.5955,-1,G,204.074,-49.7253,28.4326,195.871,57.2802,1.9434,2.6222,1,106.602
166895,133133910,G,91.3937,12.9532,-21.7246,87.8239,25.2931,1.9581,-1.0331,-1,G,31.459,-9.868,29.0408,-6.9934,30.6716,-0.2261,1.8983,1,92.1745
166895,133196868,G,141.539,26.1123,-8.2277,138.866,27.3779,2.3265,-0.3052,1,G,236.76,-73.1646,-31.8996,222.901,79.8164,1.7508,-2.7304,-1,91.712
166895,132383498,G,70.6557,38.1618,-8.2465,-58.8888,39.0426,-1.1994,-0.2128,-1,G,35.8735,-35.4649,-4.7431,2.5778,35.7806,0.072,-3.0086,1,89.4514
166895,134099808,G,97.8958,-49.5993,-22.6972,81.2916,54.5459,1.1894,-2.7124,1,G,56.0052,17.5643,39.694,35.39,43.4064,0.7446,1.1542,-1,93.5724
166895,133428935,G,49.7267,-6.341,-28.6824,-40.1228,29.375,-1.118,-1.7884,-1,G,40.5154,2.5342,23.1279,33.1687,23.2663,1.1528,1.4617,1,89.7214
166895,133518015,G,225.216,-17.0336,61.987,215.847,64.2848,1.9259,1.839,-1,G,95.0572,-16.8684,-32.1282,87.8584,36.2873,1.6176,-2.0543,1,91.09
166895,133576933,G,209.959,17.3595,-33.8666,-206.482,38.0566,-2.3927,-1.0971,-1,G,217.649,-36.1383,25.4404,-213.115,44.1949,-2.2769,2.5282,1,79.7763
166895,133840949,G,42.6498,24.2711,7.3204,-34.2976,25.351,-1.1103,0.2929,-1,G,49.1124,-27.5862,-3.3851,40.4915,27.7931,1.1706,-3.0195,1,91.4082
166895,133490644,G,68.9084,2.9456,-28.2244,-62.7938,28.3776,-1.5349,-1.4668,-1,G,33.5805,-3.617,30.1025,14.436,30.319,0.4598,1.6904,1,90.3411
166895,134876968,G,133.598,-17.5818,-41.2798,125.839,44.868,1.7548,-1.9734,1,G,80.6624,24.181,37.2494,67.3363,44.4099,1.2037,0.995,-1,92.3651
166895,134375419,G,50.2156,-27.9644,16.4545,-38.3254,32.4462,-1.0039,2.6097,1,G,41.8119,18.3159,-11.2279,35.8704,21.4834,1.2853,-0.5499,-1,91.3379
166895,134551379,G,46.1031,-38.0814,3.8883,25.6938,38.2794,0.6289,3.0398,-1,G,43.4615,36.5659,-5.1259,-22.9249,36.9234,-0.5866,-0.1393,1,89.5003
166895,134635107,G,49.1681,12.9607,42.3963,21.2618,44.3332,0.4629,1.2741,-1,G,37.1603,-6.9418,-27.712,-23.7641,28.5682,-0.7573,-1.8162,1,84.8203
166895,134840908,G,122.681,-24.8303,47.2659,-110.454,53.391,-1.474,2.0545,1,G,96.0709,14.1925,-35.4535,-88.1546,38.1887,-1.5736,-1.19,-1,90.3021
166895,134796061,G,96.9852,34.1797,-2.2115,-90.7357,34.2512,-1.7012,-0.0646,1,G,31.3427,-29.1758,11.3593,1.4476,31.3091,0.0462,2.7703,-1,91.5804
166895,135725840,G,47.6646,5.7494,-46.9712,5.7059,47.3218,0.1203,-1.449,-1,G,54.0341,-6.6445,40.859,34.7285,41.3957,0.7628,1.732,1,93.1104
166895,135764849,G,52.0823,-45.5139,-7.5735,24.1595,46.1397,0.5022,-2.9767,-1,G,45.9745,35.1393,2.7025,-29.5225,35.243,-0.7618,0.0768,1,97.237
166895,135289579,G,78.4834,21.0615,27.682,70.3545,34.7833,1.4537,0.9204,1,G,49.418,-19.0429,-27.8595,36.1018,33.7459,0.9299,-2.1704,-1,70.8641
166895,135521916,G,71.9098,29.6839,-31.576,-57.3833,43.3379,-1.0931,-0.8163,-1,G,42.79,-28.0822,27.4886,-16.9334,39.2968,-0.4186,2.3669,1,87.2572
166895,135673036,G,43.3743,38.5816,-18.1104,-8.0492,42.6208,-0.1878,-0.4389,-1,G,50.3913,-42.5581,11.6313,24.3473,44.119,0.5271,2.8748,1,92.0249
166895,135611989,G,70.9557,-16.1784,22.0125,-65.486,27.3183,-1.6083,2.2046,-1,G,69.0968,20.193,-56.3685,-34.4845,59.8763,-0.5481,-1.2268,1,91.7831
166895,136215960,G,49.2303,-10.513,35.5058,-32.4412,37.0295,-0.791,1.8587,-1,G,46.7758,19.5163,-23.7684,35.2439,30.7543,0.9809,-0.8833,1,94.8182
166895,136670166,G,43.6724,-7.4836,-41.0063,-13.0289,41.6836,-0.3077,-1.7513,1,G,57.3976,11.7787,43.0025,-36.1458,44.5864,-0.741,1.3034,-1,88.1735
166895,136347673,G,39.8543,-1.1111,24.8878,-31.1082,24.9126,-1.0468,1.6154,-1,G,49.464,-0.8382,-29.9194,39.3802,29.9311,1.088,-1.5988,1,88.7705
166895,136371105,G,123.356,-23.7787,-29.5705,117.374,37.9452,1.8475,-2.2481,-1,G,41.0212,26.6951,24.0562,19.784,35.935,0.526,0.7334,1,90.3792
166895,136683906,G,95.933,-30.3036,-22.9208,-88.0878,37.9957,-1.5776,-2.494,-1,G,25.8341,12.4203,21.7294,6.4002,25.0285,0.253,1.0515,1,88.505
166895,136558247,G,57.009,27.924,35.1655,35.1233,44.904,0.7187,0.8997,1,G,36.2865,-14.0781,-29.227,-16.257,32.4409,-0.4822,-2.0197,-1,90.1173
166895,136480438,G,62.8477,32.9389,19.8492,-49.7078,38.4573,-1.0739,0.5423,-1,G,36.1576,-32.5872,-15.016,4.4666,35.8805,0.1242,-2.7098,1,87.9306
166895,137010822,G,141.94,-5.202,44.4517,-134.699,44.755,-1.8215,1.6873,1,G,60.9652,-0.5811,-40.5664,-45.5058,40.5705,-0.9648,-1.5851,-1,92.9949
166895,136907788,G,45.0036,-19.847,26.573,30.4185,33.1667,0.8216,2.2123,-1,G,47.2956,8.0579,-32.0153,-33.8667,33.0138,-0.8995,-1.3242,1,91.3163
166895,137715823,G,77.3448,-31.4022,24.1422,66.4324,39.6099,1.2892,2.4862,1,G,33.6409,27.0094,-19.8365,-2.95,33.5111,-0.0879,-0.6335,-1,90.8294
166895,137710417,G,69.4681,-38.5722,12.8346,-56.3318,40.6514,-1.1297,2.8204,1,G,47.1946,37.552,-23.7123,-15.9653,44.412,-0.3522,-0.5632,-1,90.9063
166895,137904619,G,198.69,-7.9539,-46.1986,-193.081,46.8783,-2.1231,-1.7413,1,G,98.2375,3.7314,41.6208,-88.9066,41.7877,-1.4993,1.4814,-1,92.792
166895,137761929,G,46.2104,24.9391,-18.6198,-34.1575,31.1233,-0.9487,-0.6413,1,G,45.3651,-27.1357,24.2067,27.1232,36.3636,0.6899,2.4132,-1,91.1074
166895,137057340,G,134.875,34.8533,20.5251,128.667,40.4479,1.8742,0.5322,-1,G,134.009,-51.6168,-15.0575,122.75,53.7682,1.5635,-2.8577,1,93.6884
166895,138716423,G,65.7491,53.8957,-12.1686,35.6385,55.2524,0.607,-0.2221,1,G,57.3385,-55.3962,12.6537,7.6705,56.823,0.1346,2.917,-1,115.206
166895,138819856,G,116.448,8.9134,-53.2436,103.178,53.9845,1.4032,-1.4049,-1,G,47.8432,-26.7428,-38.8581,-7.9899,47.1712,-0.1686,-2.1736,1,95.5517
166895,138883653,G,74.1128,24.4637,-23.6712,-65.8324,34.0411,-1.4137,-0.7689,-1,G,28.1296,-20.1094,18.1679,7.5368,27.1009,0.2746,2.4069,1,83.7012
166895,138322297,G,103.491,-41.4573,-7.6969,94.5115,42.1657,1.5467,-2.958,-1,G,87.9814,47.3231,-4.2986,74.0456,47.518,1.2267,-0.0906,1,89.8435
166895,138901498,G,230.309,18.2636,-42.1661,225.679,45.9515,2.2949,-1.1621,1,G,102.531,4.2061,40.7423,93.9945,40.9588,1.5682,1.4679,-1,89.9158
166895,139056213,G,43.6901,4.579,-41.13,-14.0062,41.3841,-0.3323,-1.4599,-1,G,49.574,-6.7782,34.402,35.0447,35.0634,0.881,1.7653,1,90.5841
166895,139474583,G,95.3291,5.4583,39.7125,86.4914,40.0858,1.512,1.4342,1,G,63.0676,-2.6247,-45.0738,44.0338,45.1501,0.8638,-1.629,-1,89.5317
166895,139822094,G,41.7582,41.1164,-7.2579,0.7075,41.7521,0.0169,-0.1747,-1,G,45.0934,-43.1786,7.2881,-10.7652,43.7894,-0.2434,2.9744,1,86.2426
166895,139014020,G,627.98,123.127,-11.4047,615.685,123.654,2.3083,-0.0924,1,G,39.1892,24.4287,15.9849,26.1439,29.1938,0.8055,0.5794,-1,106.659
166895,139440929,G,67.8418,-16.7404,34.215,56.139,38.0908,1.1802,2.0258,1,G,47.8092,41.7595,-21.537,8.8327,46.9861,0.1869,-0.4762,-1,91.4721
166895,139924215,G,29.3361,-27.501,-3.3509,-9.6471,27.7043,-0.3415,-3.0203,-1,G,90.8218,75.9503,-27.3969,-41.5878,80.7406,-0.4947,-0.3462,1,92.3046
166895,140152887,G,110.905,-51.5577,-5.4841,-98.0384,51.8486,-1.3937,-3.0356,-1,G,88.9136,37.6112,-10.1092,-79.93,38.9461,-1.4668,-0.2626,1,88.413
166895,141035789,G,156.794,-8.2202,44.7901,-150.035,45.5381,-1.9077,1.7523,1,G,191.377,7.122,-43.3384,-186.269,43.9197,-2.1516,-1.4079,-1,90.1053
166895,141033754,G,191.744,-35.4088,-26.0721,-186.634,43.972,-2.1523,-2.5069,-1,G,138.491,52.977,17.0978,-126.811,55.6677,-1.5615,0.3122,1,102.072
166895,141594122,G,54.1364,-16.4951,-51.5551,0.8516,54.1296,0.0157,-1.8805,-1,G,48.3792,45.0237,15.8276,-7.9303,47.7247,-0.1654,0.338,1,91.4823
166895,141481823,G,127.981,-8.443,-60.4187,112.505,61.0057,1.3717,-1.7096,-1,G,47.2403,12.1604,29.4509,34.877,31.8627,0.9467,1.1792,1,89.4884
166895,142409172,G,58.7351,3.8327,-31.3848,-49.4985,31.618,-1.2306,-1.4493,-1,G,38.7266,-12.5532,32.7338,16.4516,35.0583,0.4536,1.937,1,91.2623
166895,142924352,G,148.257,-43.8039,20.5006,140.147,48.3638,1.7856,2.7039,-1,G,58.2609,45.0884,-23.6938,28.2836,50.9349,0.5301,-0.4838,1,119.453
166895,142738191,G,104.814,-26.7684,-38.6641,-93.6725,47.0262,-1.44,-2.1764,1,G,28.3808,13.6542,24.8715,0.6562,28.3731,0.0231,1.0687,-1,93.4166
166895,143382591,G,155.803,-30.5278,6.245,-152.655,31.16,-2.2925,2.9398,1,G,32.3332,30.17,-6.1002,-9.8985,30.7806,-0.3163,-0.1995,-1,94.7172
166895,143129233,G,156.464,45.1925,-6.1991,149.667,45.6156,1.9038,-0.1363,-1,G,55.6699,-33.9006,18.0717,40.29,38.4167,0.9154,2.6518,1,92.9983
166895,143185455,G,43.6287,-35.1608,-11.2478,23.252,36.9161,0.5943,-2.832,-1,G,45.946,33.8198,6.4578,-30.4227,34.4309,-0.7966,0.1887,1,89.1486
166895,143459364,G,88.1633,21.0556,23.8608,-82.2198,31.8225,-1.6779,0.8478,-1,G,34.5611,-24.3867,-24.4891,0.1746,34.5605,0.0051,-2.3541,1,91.2052
166895,143532001,G,42.4082,-31.2947,-23.6205,16.1605,39.2082,0.4013,-2.495,1,G,57.5767,39.7814,31.4703,27.242,50.7241,0.5141,0.6693,-1,89.3284
166895,143349260,G,67.9908,-20.5189,-31.3093,56.7577,37.4339,1.2037,-2.1509,-1,G,43.3281,28.7638,31.4396,7.8429,42.6123,0.183,0.8298,1,90.2811
166895,144421487,G,63.4709,43.4864,-6.5974,-45.7598,43.984,-0.9096,-0.1506,1,G,38.7061,-32.1979,20.7767,5.4563,38.3194,0.1419,2.5685,-1,92.1265
166895,143871677,G,66.8557,-31.1168,-19.3267,-55.9276,36.6302,-1.2095,-2.5858,1,G,81.0482,43.55,11.8026,-67.3268,45.121,-1.1904,0.2647,-1,80.4532
166895,144026317,G,59.4873,22.8596,27.2726,-47.6693,35.5859,-1.1023,0.8732,1,G,38.1635,-24.7926,-28.098,7.2296,37.4723,0.1918,-2.2938,-1,88.8588
166895,144388923,G,83.7106,-37.8647,13.6211,-73.4042,40.2402,-1.3621,2.7963,1,G,35.8955,29.2631,-10.1464,-18.1437,30.9723,-0.5566,-0.3338,-1,76.4103
166895,144389780,G,65.813,-43.1065,5.9628,-49.3721,43.517,-0.9734,3.0041,1,G,40.8047,40.6987,-1.0374,-2.7479,40.2055,-0.0674,-0.0256,-1,92.8481
166895,144594496,G,174.53,35.4289,-19.9701,-169.726,40.6695,-2.1359,-0.5133,-1,G,72.3594,-37.3165,17.7441,-59.4012,41.3203,-1.1596,2.6977,1,91.9069
166895,145201248,G,77.9554,-13.7895,41.4867,-64.5425,43.7184,-1.1816,1.8917,-1,G,61.0115,12.398,-44.824,-39.4904,46.507,-0.7706,-1.301,1,92.0645
166895,145101509,G,86.7212,20.5214,-47.5586,-69.5529,51.7972,-1.1043,-1.1634,1,G,59.0902,-3.5896,43.47,-39.8638,43.6179,-0.8192,1.6532,-1,94.7922
166895,145255608,G,41.22,24.0398,-28.9153,-16.8839,37.6033,-0.4351,-0.8772,1,G,47.9225,-29.6482,28.904,24.1268,41.406,0.5539,2.3689,-1,88.6706
166895,145388673,G,49.2298,35.3201,-26.3258,-21.9773,44.0517,-0.4802,-0.6405,1,G,47.628,-38.0215,26.7672,-10.3102,46.4985,-0.22,2.5282,-1,91.2768
166895,144836034,G,48.5997,27.5398,-19.2128,-35.1332,33.5794,-0.9137,-0.6091,1,G,39.597,-21.1067,14.5766,30.1653,25.6509,1.0005,2.5372,-1,87.6989
166895,144658443,G,91.4916,-5.1193,27.7145,87.0425,28.1833,1.846,1.7534,1,G,31.0449,10.4247,-26.6669,-11.9991,28.6321,-0.4077,-1.1981,-1,96.7183
166895,145471643,G,107.699,-2.6968,-28.5374,-103.814,28.6645,-1.9986,-1.665,1,G,30.8766,15.9078,26.3785,2.1144,30.804,0.0686,1.0281,-1,93.1725
166895,144948093,G,44.5653,37.5161,-20.0952,-13.2205,42.5591,-0.3058,-0.4918,-1,G,62.8217,-40.7225,20.5871,-43.1788,45.6306,-0.8429,2.6735,1,91.3267
166895,144550404,G,141.81,-32.482,19.3977,136.67,37.8332,1.9962,2.6033,-1,G,59.6436,38.7184,-15.573,42.6112,41.7329,0.8962,-0.3824,1,91.5874
166895,149060754,G,47.3954,-18.6939,19.5874,38.8997,27.0763,1.1591,2.3329,-1,G,45.1987,24.9881,-19.4265,-32.2663,31.6512,-0.8951,-0.6608,1,92.1413
166895,148450890,G,107.626,-14.5035,-27.516,103.033,31.1044,1.9129,-2.0559,1,G,33.3758,7.732,32.346,2.8081,33.2573,0.0843,1.3362,-1,92.7898
166895,149121765,G,260.883,71.4883,-5.2414,-250.842,71.6801,-1.9656,-0.0732,-1,G,242.034,18.0884,-72.9861,-230.057,75.1941,-1.8371,-1.3279,1,86.7045
166895,149177253,G,152.853,29.0685,0.2548,-150.063,29.0696,-2.3438,0.0088,1,G,60.2735,-39.6481,-0.1107,-45.3971,39.6483,-0.9803,-3.1388,-1,84.2982
166895,148545001,G,30.0679,20.508,21.6117,4.0529,29.7934,0.1356,0.8116,-1,G,41.2483,-20.4724,-22.2089,28.0902,30.2052,0.831,-2.3155,1,63.6591
166895,148865024,G,39.3822,25.3381,-10.3217,28.3266,27.3597,0.9061,-0.3868,1,G,52.8367,-42.7605,16.6161,26.2135,45.8754,0.5442,2.771,-1,72.0177
166895,148919232,G,120.95,-55.969,-12.7877,-106.456,57.4112,-1.3765,-2.917,1,G,87.7786,41.2052,18.9423,-75.1558,45.3506,-1.2789,0.4309,-1,101.632
166895,149274104,G,72.9419,36.9354,-28.9344,-55.8487,46.9193,-1.0098,-0.6645,1,G,58.5765,-36.6646,24.2302,-38.7273,43.9476,-0.7948,2.5576,-1,91.2702
166895,149885648,G,202.706,38.0496,22.0442,-197.879,43.974,-2.2093,0.5251,-1,G,57.7025,-32.4964,-14.9829,-45.2666,35.7841,-1.0569,-2.7096,1,92.8022
166895,149613161,G,37.1668,-17.6596,14.0796,-29.5172,22.5853,-1.0827,2.4685,-1,G,83.3616,-52.5551,-10.0277,63.9262,53.5032,1.0127,-2.9531,1,91.633
166895,150132638,G,111.286,-27.0302,5.6934,-107.803,27.6233,-2.0708,2.934,1,G,29.7151,29.0497,-4.3104,-4.529,29.3678,-0.1536,-0.1473,-1,85.1869
166895,150121703,G,49.7999,-21.8166,23.4339,38.1433,32.0174,1.0104,2.3205,1,G,96.9485,75.3195,-1.8576,61.0124,75.3424,0.7403,-0.0247,-1,91.5158
166895,149351793,G,69.6085,34.9443,17.0896,57.725,38.8993,1.1858,0.4549,-1,G,60.9693,-44.2223,-19.2996,37.2713,48.2503,0.711,-2.7301,1,89.0802
166895,149662787,G,30.2315,-18.7604,23.4553,3.4393,30.035,0.1143,2.2454,1,G,101.845,68.8594,21.8304,-71.7927,72.237,-0.877,0.307,-1,90.6161
166895,149667986,G,164.318,-13.8949,-36.2777,159.66,38.8477,2.121,-1.9366,-1,G,57.8099,11.3777,34.6672,44.8409,36.4866,1.0344,1.2537,1,86.668
166895,150136453,G,166.983,-0.4677,-63.6757,-154.365,63.6774,-1.6187,-1.5781,1,G,94.4401,-39.6929,17.6483,-83.8566,43.4394,-1.4121,2.7232,-1,88.6633
166895,149885310,G,131.24,-32.207,-15.0728,126.331,35.5595,1.9801,-2.7039,1,G,23.2972,17.8281,14.9103,-1.6095,23.2413,-0.0692,0.6965,-1,90.1088
166895,151116866,G,32.2711,1.6609,-30.3317,10.8924,30.3771,0.3513,-1.5161,1,G,64.4301,-36.5712,52.4773,-7.7402,63.9634,-0.1207,2.1794,-1,87.3615
166895,157427043,G,47.763,-42.0761,-1.0363,-22.5792,42.0888,-0.5136,-3.117,1,G,37.6771,25.7212,12.4248,24.5683,28.5649,0.7789,0.45,-1,83.0594
166895,156954851,G,39.7965,-38.1308,-11.1472,-2.3513,39.7268,-0.0592,-2.8572,-1,G,47.3501,46.8981,3.9183,5.219,47.0615,0.1107,0.0834,1,86.355
166895,157179248,G,44.2576,23.817,15.5736,-33.896,28.4567,-1.0103,0.5791,-1,G,33.2405,-22.1274,-20.7778,13.5493,30.3535,0.4327,-2.3876,1,74.579
166895,157726206,G,47.142,-16.4942,25.557,-36.0158,30.4174,-1.0057,2.1439,-1,G,42.0441,14.1874,-29.1711,26.7481,32.4382,0.7518,-1.1181,1,88.5995
166895,158006885,G,69.6337,42.3673,29.6342,-46.6441,51.7027,-0.8105,0.6104,-1,G,74.1577,-48.2118,39.986,-39.7001,62.6359,-0.5976,2.4492,1,91.321
166895,158156605,G,76.5308,-26.5641,-27.0074,-66.4974,37.8821,-1.3286,-2.3479,-1,G,42.5296,33.4975,26.1658,1.4247,42.5056,0.0335,0.6631,1,99.4593
166895,158610043,G,115.026,-46.8122,-7.2902,104.816,47.3765,1.5348,-2.9871,-1,G,47.6786,37.5429,-6.3025,28.7062,38.0683,0.6964,-0.1663,1,91.5089
166895,158223233,G,192.613,7.8571,46.0065,-186.873,46.6726,-2.0957,1.4017,-1,G,177.676,-10.22,-44.4285,-171.727,45.5888,-2.0366,-1.7969,1,92.2582
166895,158628884,G,112.948,-43.6103,-9.444,-103.761,44.6212,-1.5803,-2.9283,1,G,69.2542,43.6764,2.5016,-53.6865,43.748,-1.0333,0.0572,-1,91.4328
166895,158286328,G,47.3609,21.0716,-10.0812,-41.1995,23.359,-1.3327,-0.4462,1,G,44.7669,-14.3553,18.5863,38.1122,23.4846,1.261,2.2285,-1,91.4361
166895,159046913,G,89.8806,45.1982,-12.4143,76.691,46.8721,1.268,-0.2681,1,G,44.9797,-31.9164,24.904,19.6035,40.4829,0.4671,2.479,-1,92.6405
166895,158828540,G,40.4895,1.1344,-33.4691,-22.7578,33.4883,-0.6359,-1.5369,-1,G,37.951,-6.5331,31.1599,-20.6554,31.8374,-0.6102,1.7775,1,65.0671
166895,159332092,G,48.3182,43.8562,-9.5769,17.8759,44.8897,0.3884,-0.215,1,G,44.4648,-40.8141,16.646,5.8502,44.0781,0.1323,2.7543,-1,89.3674
166895,158834243,G,46.0462,-38.1806,-10.0061,23.7141,39.47,0.5695,-2.8853,1,G,45.1105,40.403,7.6441,-18.5502,41.1198,-0.4371,0.187,-1,90.9525
165548,574525564,G,109.561,-41.0106,-21.491,-99.2965,46.3005,-1.5065,-2.6589,-1,G,86.1199,36.1018,26.8348,-73.4382,44.9828,-1.2661,0.6392,1,91.6566
165548,574174267,G,53.3414,-25.8338,-31.035,34.853,40.3801,0.7812,-2.265,-1,G,48.6258,33.1213,30.8774,17.7207,45.2817,0.382,0.7504,1,87.0641
165548,573933189,G,81.9837,-38.1418,-5.5312,-72.3597,38.5408,-1.3875,-2.9976,1,G,37.6835,35.291,11.166,-7.0639,37.0153,-0.1897,0.3064,-1,89.2875
165548,574490680,G,78.5962,40.6904,-38.1318,-55.3859,55.7651,-0.8766,-0.7529,-1,G,32.4578,-26.1309,17.7816,-7.3812,31.6072,-0.2315,2.5441,1,88.1314
165548,574957506,G,76.1866,26.2401,38.8344,-60.0644,46.8685,-1.0672,0.9766,-1,G,69.7402,-1.0905,-46.7483,-51.7406,46.7611,-0.9547,-1.5941,1,89.9952
165548,574804149,G,103.794,1.1088,38.4231,-96.4136,38.4391,-1.6503,1.5419,-1,G,102.616,-21.4736,-47.6864,-88.2886,52.2983,-1.2948,-1.9939,1,89.3839
165548,575887095,G,168.697,0.3244,-38.3803,164.272,38.3817,2.1605,-1.5623,1,G,58.5958,2.8451,40.077,42.6521,40.1778,0.9243,1.4999,-1,93.9746
165548,575330724,G,238.814,19.215,40.8138,234.515,45.1108,2.3507,1.1308,1,G,122.645,-9.3249,-40.5966,115.355,41.6538,1.7429,-1.7966,-1,90.2555
165548,575563976,G,121.666,-21.483,-4.8385,119.656,22.0212,2.3941,-2.9201,1,G,41.1576,38.4752,4.8464,13.7879,38.7793,0.3485,0.1253,-1,91.7354
165548,575023238,G,88.0229,-20.2388,26.5635,81.442,33.3951,1.6242,2.2219,-1,G,50.7626,18.5061,-27.2004,38.6586,32.8989,0.9999,-0.9734,1,69.526
165548,576892402,G,119.903,27.4592,-13.0604,115.983,30.4069,2.0487,-0.444,1,G,37.6107,-32.2261,10.4018,16.3657,33.8632,0.4662,2.8294,-1,85.232
165548,577235326,G,44.6922,-15.946,-41.5931,3.6231,44.545,0.0812,-1.9369,-1,G,49.6093,23.0139,40.9976,-15.8312,47.0153,-0.3307,1.0593,1,93.2386
165548,576743136,G,113.634,-36.9415,3.7689,107.395,37.1333,1.7838,3.0399,-1,G,48.5929,38.7792,-3.1063,29.1167,38.9035,0.6919,-0.0799,1,87.6251
165548,577760658,G,63.6303,1.1575,-36.839,-51.8687,36.8571,-1.1422,-1.5394,-1,G,33.5546,2.6546,29.3112,16.1155,29.4312,0.5233,1.4805,1,89.9746
165548,578183946,G,91.3749,-27.0927,-45.5251,74.4501,52.9769,1.1411,-2.1076,1,G,64.4485,25.8526,44.3704,38.9423,51.3526,0.6998,1.0432,-1,106.865
165548,578497906,G,68.3189,7.6349,44.9901,-50.8435,45.6333,-0.9598,1.4027,1,G,61.5728,-5.8123,-42.0433,-44.6069,42.4432,-0.917,-1.7082,-1,88.0288
165548,578005091,G,134.328,35.1054,10.2699,-129.252,36.5768,-1.9749,0.2846,-1,G,70.5784,-41.6268,-15.2963,-54.9047,44.3483,-1.0401,-2.7894,1,89.471
165548,578235491,G,146.631,11.6396,-35.4721,141.799,37.333,2.0446,-1.2537,-1,G,60.2536,-24.4927,33.1446,43.9548,41.2123,0.9277,2.2072,1,90.1456
165548,577710783,G,118.539,-21.1073,-41.2268,109.116,46.3159,1.5923,-2.044,-1,G,49.7906,19.7628,33.3561,31.2393,38.7711,0.7371,1.0359,1,92.5822
165548,579859785,G,99.7318,-8.765,21.0329,-97.0938,22.7861,-2.1562,1.9656,1,G,34.1343,-6.7322,-33.4534,0.8293,34.124,0.0243,-1.7694,-1,90.8781
165548,579375004,G,147.866,9.4985,34.8533,-143.385,36.1244,-2.0872,1.3047,-1,G,47.6642,-12.2247,-36.8926,-27.5928,38.8652,-0.6608,-1.8908,1,94.7993
165548,579773332,G,89.4585,31.1431,-34.4665,76.4525,46.4524,1.273,-0.836,-1,G,87.7103,-27.7747,34.4985,75.7066,44.2897,1.3055,2.2486,1,90.6919
165548,579217508,G,52.3472,39.0309,-12.6017,32.527,41.0148,0.7272,-0.3123,-1,G,42.0021,-40.1545,-9.4496,7.9048,41.2514,0.1905,-2.9105,1,82.3379
165548,580131977,G,49.1792,-33.0499,-4.2547,-36.1689,33.3226,-0.9405,-3.0136,1,G,173.529,40.6247,6.3055,-168.588,41.1112,-2.1189,0.154,-1,87.2448
165548,580891652,G,132.889,-37.7259,19.8832,-125.86,42.6449,-1.803,2.6566,-1,G,153.459,34.2181,-24.2219,-147.622,41.9235,-1.9715,-0.616,1,84.6857
165548,580352340,G,50.8525,14.4221,-38.4367,-30.0098,41.0533,-0.6779,-1.2118,1,G,40.501,-8.6617,39.4758,-2.6374,40.4149,-0.0652,1.7868,-1,85.1197
165548,586433706,G,65.6289,-6.1174,60.3052,25.1595,60.6147,0.404,1.6719,1,G,31.9531,4.4058,-27.7707,-15.1778,28.118,-0.5165,-1.4135,-1,91.4395
165548,585895420,G,40.8552,-38.0756,1.4767,-14.7378,38.1042,-0.3777,3.1028,-1,G,40.3866,30.7158,-26.2208,0.2762,40.3855,0.0068,-0.7066,1,75.6614
165548,586445937,G,69.0515,-20.5135,-5.7093,65.6863,21.2931,1.8449,-2.8701,-1,G,33.0196,24.5802,-6.4513,-21.0825,25.4127,-0.7556,-0.2567,1,90.9097
165548,585234343,G,84.6437,-9.1216,45.353,70.8833,46.2612,1.2125,1.7693,-1,G,32.2956,-9.5599,-30.2408,-6.0908,31.7159,-0.1909,-1.877,1,94.3364
165548,587436446,G,76.4689,1.7764,-45.4705,-61.4554,45.5052,-1.1089,-1.5317,-1,G,52.4558,3.4869,44.0293,-28.2995,44.1672,-0.6034,1.4918,1,92.3898
165548,587823878,G,39.5174,-35.1907,4.3499,-17.4444,35.4585,-0.474,3.0186,-1,G,48.4233,35.4769,-2.8876,32.8307,35.5942,0.8254,-0.0812,1,86.5714
165548,587506147,G,31.0088,13.0121,-20.2673,19.5308,24.0848,0.7412,-1.0001,-1,G,36.6116,-2.4405,33.9366,-13.5185,34.0242,-0.3875,1.6426,1,65.0981
165548,587350138,G,155.911,-12.5735,39.5025,-150.299,41.4552,-1.9996,1.8789,-1,G,29.399,1.1644,-27.4197,-10.5403,27.4444,-0.3752,-1.5284,1,90.5233
165548,587139535,G,70.2832,0.8958,-45.9308,53.191,45.9395,0.9887,-1.5513,-1,G,33.8414,13.842,30.2305,-6.3044,33.2488,-0.1885,1.1414,1,90.4426
165548,587968292,G,70.4289,20.8858,-9.5724,-66.5761,22.9749,-1.7856,-0.4298,1,G,25.14,-19.6216,12.5862,9.4122,23.3113,0.3935,2.5713,-1,76.5181
165548,588037612,G,79.8586,-37.1225,-57.4067,-41.2767,68.3638,-0.5721,-2.1448,1,G,34.8878,2.6317,24.9861,-24.2057,25.1244,-0.8553,1.4659,-1,81.4744
165548,588448807,G,63.8807,-15.9123,20.4564,-58.3872,25.9165,-1.5513,2.2319,1,G,35.6101,16.8614,-21.5822,22.7589,27.3879,0.7567,-0.9076,-1,92.8809
165548,588436648,G,90.9884,-43.2159,-22.5732,-76.8226,48.7562,-1.236,-2.6602,-1,G,148.532,43.0408,34.6705,-137.867,55.268,-1.6452,0.6781,1,105.509
165548,589231124,G,39.3122,-5.5785,-19.6835,-33.569,20.4588,-1.2704,-1.847,-1,G,54.5436,0.3871,22.3773,49.7403,22.3807,1.5389,1.5535,1,92.267
165548,590007804,G,56.6769,3.5309,-27.5019,-49.4312,27.7276,-1.342,-1.4431,1,G,71.6169,69.4413,13.951,-10.5948,70.8288,-0.149,0.1983,-1,85.7182
165548,589287502,G,84.166,-37.3298,14.7346,73.9817,40.1326,1.3713,2.7656,-1,G,44.8445,37.1329,-19.227,16.2013,41.8155,0.3784,-0.4778,1,92.144
165548,589602352,G,41.4821,18.1708,-18.1375,-32.5823,25.6738,-1.0595,-0.7845,-1,G,50.2482,-25.2186,15.7957,40.4893,29.7571,1.1149,2.582,1,91.0865
165548,590584571,G,30.815,-7.4196,23.4202,-18.6009,24.5674,-0.6988,1.8776,1,G,29.6476,6.5779,-25.6232,13.3847,26.4541,0.4865,-1.3195,-1,60.1909
165548,590875766,G,44.1231,5.1399,-39.5764,18.8183,39.9087,0.4556,-1.4417,-1,G,47.7781,4.4153,46.873,-8.1338,47.0805,-0.1719,1.4769,1,90.4827
165548,590775705,G,183.428,-36.5085,-16.5494,178.995,40.0843,2.2018,-2.716,-1,G,98.9009,47.7308,-1.0493,86.6144,47.7423,1.3573,-0.022,1,93.4122
165548,591171935,G,482.393,96.3328,-60.8759,-468.74,113.956,-2.1218,-0.5636,1,G,58.7477,39.0328,-5.8046,-43.5204,39.4621,-0.9523,-0.1476,-1,87.4784
165548,591252781,G,82.837,-44.7005,-1.8945,69.7153,44.7406,1.2266,-3.0992,-1,G,59.9161,44.8919,0.6681,39.6763,44.8968,0.7967,0.0149,1,91.7081
165548,590584498,G,525.431,141.353,-136.141,487.404,196.252,1.6411,-0.7666,-1,G,89.4846,17.0724,-56.2492,67.4689,58.783,0.9821,-1.2761,1,90.1372
165548,591542498,G,66.6079,-29.7906,-33.7455,-49.0954,45.0138,-0.9441,-2.294,-1,G,22.3192,16.9873,12.2898,7.6505,20.9668,0.3572,0.6263,1,74.6062
165548,590468208,G,75.7157,-40.931,24.5231,58.7888,47.7151,1.0364,2.6018,1,G,71.8318,45.6536,-2.6957,55.392,45.7331,1.0231,-0.059,-1,90.7428
165548,592148328,G,180.295,8.7086,-38.8449,-175.845,39.8091,-2.1912,-1.3502,-1,G,44.8937,-7.3518,33.0062,-29.5292,33.8151,-0.7889,1.79,1,92.1706
165548,592047921,G,62.1318,-25.6265,12.6498,-55.169,28.5785,-1.4121,2.6831,1,G,42.4547,35.8069,-22.5515,3.4188,42.3167,0.0807,-0.5621,-1,89.7695
165548,592492781,G,64.3166,27.6186,8.9283,-57.3943,29.0259,-1.4335,0.3127,-1,G,32.6102,-24.7169,-8.2505,19.6066,26.0576,0.6951,-2.8194,1,89.2077
165548,592864465,G,152.908,-19.9957,-29.1383,-148.768,35.3394,-2.1444,-2.1722,1,G,57.3048,35.8059,21.3348,-39.3268,41.6802,-0.8409,0.5374,-1,92.1892
165548,592581893,G,75.6239,-44.6484,-20.1062,57.6301,48.9668,1.0011,-2.7185,1,G,45.4893,39.4626,4.9008,22.0897,39.7657,0.5303,0.1236,-1,89.7501
165548,593946759,G,112.794,50.2684,30.0727,96.3909,58.5772,1.2729,0.5391,-1,G,56.9081,-27.3892,-17.5059,46.7108,32.5058,1.1593,-2.5729,1,87.4034
165548,594145567,G,48.3737,21.7715,-18.3645,-39.0991,28.4826,-1.122,-0.7007,1,G,43.4475,-21.2995,17.346,33.6619,27.4691,1.0322,2.4581,-1,91.6532
165548,593190689,G,38.8842,-36.9902,1.0952,-11.9371,37.0064,-0.3172,3.112,-1,G,38.4171,33.2641,-0.373,19.2151,33.2662,0.5495,-0.0112,1,76.8642
165548,593887001,G,104.51,-19.3862,6.9671,102.46,20.6002,2.3073,2.7966,1,G,24.1573,20.5806,-7.1065,-10.4644,21.773,-0.4638,-0.3325,-1,89.9486
165548,593543674,G,93.0634,23.0189,-13.9121,89.0919,26.8963,1.9129,-0.5436,-1,G,27.3156,-19.5071,16.9079,-8.9292,25.8148,-0.3393,2.4274,1,89.6869
165548,594275825,G,81.3224,-35.0734,10.9896,-72.5424,36.7548,-1.4318,2.838,-1,G,31.3439,28.8745,-12.157,0.9508,31.3293,0.0303,-0.3985,1,86.7672
165548,593838864,G,50.6995,27.3628,-21.1283,37.085,34.5707,0.9319,-0.6575,1,G,42.8448,-18.9583,32.034,-21.2148,37.2236,-0.5429,2.1052,-1,91.1543
165548,593551270,G,60.7985,-30.0001,0.112,52.8813,30.0003,1.3322,3.1379,1,G,39.0695,27.821,4.7156,-27.0217,28.2178,-0.8511,0.1679,-1,96.3164
165548,593609582,G,246.485,-41.4057,-28.6077,241.292,50.3272,2.2713,-2.537,-1,G,146.656,38.4794,16.9134,140.504,42.0325,1.9216,0.4141,1,92.986
165548,594618767,G,63.9931,-33.5173,-14.1589,52.6424,36.3852,1.1649,-2.7419,-1,G,69.4337,44.0024,33.0429,42.3435,55.0277,0.7087,0.6441,1,91.1802
165548,594413770,G,105.845,26.8866,11.6317,101.71,29.2948,1.958,0.4083,1,G,29.6215,-28.1611,-8.2625,4.0129,29.3482,0.1363,-2.8562,-1,84.6216
165548,594319937,G,77.2022,34.1468,-34.2841,60.1562,48.388,1.0433,-0.7874,-1,G,46.2665,-27.3339,31.9528,19.2989,42.0491,0.4442,2.2784,1,94.2314
165548,595300628,G,173.76,-14.6144,-43.5962,167.566,45.9805,2.0046,-1.8942,-1,G,149.173,25.462,41.0073,141.148,48.2692,1.7942,1.0151,1,94.1133
165548,594708488,G,84.9882,-32.7621,-40.4782,67.1651,52.0753,1.0722,-2.2512,1,G,31.553,-3.895,31.0069,-4.3568,31.2506,-0.139,1.6958,-1,90.5733
165548,594981540,G,34.2814,-5.4317,-20.0782,-27.2501,20.7999,-1.0846,-1.835,1,G,40.0433,5.2151,27.3749,28.7555,27.8672,0.9037,1.3825,-1,73.9501
165548,595639426,G,80.8329,25.9197,26.5984,71.7958,37.139,1.4133,0.7983,1,G,35.2327,-25.2595,-24.1388,4.5402,34.9388,0.1296,-2.3789,-1,87.3932
165548,595727685,G,45.9765,39.4382,-23.3599,3.574,45.8373,0.0779,-0.5347,-1,G,49.8581,-40.6849,17.0447,-23.2386,44.111,-0.5051,2.7449,1,93.5742
165548,595601412,G,71.8176,-36.6961,30.3415,53.7638,47.6152,0.9698,2.4507,-1,G,36.351,23.4821,-27.5356,3.4296,36.1887,0.0946,-0.8647,1,90.8123
165548,596404601,G,169.096,46.8404,2.9165,-162.453,46.9311,-1.9551,0.0622,1,G,110.756,-39.4686,-12.3479,-102.746,41.3551,-1.6415,-2.8384,-1,88.5646
165548,596392056,G,48.9151,-34.9734,-0.8778,-34.1872,34.9844,-0.8652,-3.1165,1,G,43.6038,30.9455,-3.5366,30.5147,31.1469,0.8669,-0.1138,-1,92.2526
165548,596097912,G,100.732,37.9259,0.9565,93.3152,37.9379,1.6321,0.0252,-1,G,36.2382,-33.5485,5.3946,12.5932,33.9795,0.3626,2.9822,1,86.5151
165548,600738558,G,41.5146,-21.7984,-15.594,31.7034,26.802,1.005,-2.5206,1,G,51.2989,28.2441,30.263,-30.2982,41.3954,-0.6786,0.8199,-1,91.4092
165548,600799070,G,65.8515,-17.0254,26.5413,57.8109,31.5326,1.3665,2.1412,1,G,84.6337,27.7974,-53.7914,59.1325,60.5492,0.8647,-1.0938,-1,90.0635
165548,601166074,G,199.304,-26.1424,-40.6079,193.365,48.2952,2.0956,-2.1428,-1,G,114.31,16.3778,39.8442,105.882,43.0789,1.6315,1.1808,1,93.3257
165548,601374000,G,36.6191,-20.0075,-28.1951,12.07,34.5726,0.3424,-2.1879,1,G,55.8552,12.989,42.4607,-33.8846,44.403,-0.7036,1.2739,-1,88.4469
165548,601720123,G,43.0602,21.4143,-36.7721,-6.5889,42.553,-0.1542,-1.0434,-1,G,55.3501,-11.6355,40.4502,-35.9447,42.0904,-0.7743,1.8509,1,88.1268
165548,602969778,G,107.562,1.1131,46.2787,-97.0906,46.2921,-1.4863,1.5468,1,G,97.9601,23.2239,-40.426,-86.1543,46.622,-1.3735,-1.0494,-1,89.6329
165548,604116721,G,86.7815,-33.1855,-28.3385,75.0111,43.6389,1.3104,-2.4348,1,G,28.8377,23.3456,15.233,-7.3851,27.8758,-0.2619,0.5781,-1,92.3361
